warehouse,sku,stock,reorder_level,last_updated
Osaka-Whse,SKU-134,0.23161580790395198,0.22055137844611528,2026-07-31 14:54:21
London-Whse,SKU-229,0.5287643821910956,0.20551378446115287,2026-08-11 14:54:21
London-Whse,SKU-428,0.43271635817908954,0.5087719298245614,2026-07-27 14:54:21
Osaka-Whse,SKU-497,0.2206103051525763,0.7894736842105263,2026-08-10 14:54:21
London-Whse,SKU-454,0.5742871435717859,0.37593984962406013,2026-08-05 14:54:21
London-Whse,SKU-492,0.43421710855427714,0.7543859649122807,2026-07-27 14:54:21
Rotterdam-Whse,SKU-300,0.45722861430715356,0.7619047619047619,2026-07-13 14:54:21
Osaka-Whse,SKU-091,0.8354177088544272,0.87468671679198,2026-08-03 14:54:21
Osaka-Whse,SKU-500,0.11755877938969485,0.9974937343358395,2026-07-31 14:54:21
Sydney-Whse,SKU-477,0.7793896948474237,0.8320802005012531,2026-08-03 14:54:21
Seattle-Whse,SKU-316,0.3886943471735868,0.631578947368421,2026-08-06 14:54:21
Osaka-Whse,SKU-431,0.7113556778389195,0.020050125313283207,2026-07-30 14:54:21
Seattle-Whse,SKU-393,0.8334167083541771,0.5538847117794486,2026-08-03 14:54:21
London-Whse,SKU-153,0.4462231115557779,0.9172932330827067,2026-07-19 14:54:21
London-Whse,SKU-345,0.009504752376188095,0.20050125313283207,2026-07-21 14:54:21
London-Whse,SKU-346,0.009004502251125562,0.41102756892230574,2026-07-27 14:54:21
Rotterdam-Whse,SKU-107,0.4442221110555278,0.8696741854636592,2026-07-21 14:54:21
Rotterdam-Whse,SKU-181,0.7638819409704852,0.8395989974937343,2026-07-19 14:54:21
Sydney-Whse,SKU-287,0.28214107053526766,0.9223057644110275,2026-07-27 14:54:21
Osaka-Whse,SKU-287,0.34967483741870936,0.9874686716791979,2026-08-08 14:54:21
Rotterdam-Whse,SKU-263,0.2801400700350175,0.8796992481203008,2026-08-04 14:54:21
London-Whse,SKU-033,0.5082541270635318,0.7568922305764411,2026-07-23 14:54:21
London-Whse,SKU-207,0.6993496748374187,0.706766917293233,2026-07-13 14:54:21
Sydney-Whse,SKU-489,0.983991995997999,0.39348370927318294,2026-08-10 14:54:21
Rotterdam-Whse,SKU-455,0.5252626313156579,0.9924812030075187,2026-07-20 14:54:21
Seattle-Whse,SKU-075,0.8614307153576788,0.022556390977443608,2026-07-18 14:54:21
Seattle-Whse,SKU-462,0.8504252126063031,0.9548872180451128,2026-08-04 14:54:21
Seattle-Whse,SKU-391,0.7208604302151076,0.8170426065162907,2026-08-05 14:54:21
Seattle-Whse,SKU-118,0.9234617308654327,0.656641604010025,2026-07-23 14:54:21
Osaka-Whse,SKU-493,0.5972986493246624,0.8345864661654135,2026-08-04 14:54:21
Sydney-Whse,SKU-014,0.33016508254127064,0.9223057644110275,2026-07-16 14:54:21
Seattle-Whse,SKU-347,0.662831415707854,0.8671679197994987,2026-07-19 14:54:21
Sydney-Whse,SKU-170,0.30665332666333167,0.2631578947368421,2026-08-01 14:54:21
Osaka-Whse,SKU-032,0.8759379689844923,0.6541353383458647,2026-08-02 14:54:21
London-Whse,SKU-451,0.4512256128064032,0.7117794486215538,2026-08-10 14:54:21
Seattle-Whse,SKU-333,0.6688344172086043,0.21052631578947367,2026-08-03 14:54:21
Sydney-Whse,SKU-303,0.1660830415207604,0.49874686716791977,2026-08-03 14:54:21
Seattle-Whse,SKU-168,0.11955977988994497,0.9298245614035088,2026-07-13 14:54:21
Seattle-Whse,SKU-359,0.9624812406203102,0.5213032581453634,2026-08-04 14:54:21
Osaka-Whse,SKU-385,0.871935967983992,0.5538847117794486,2026-08-09 14:54:21
Sydney-Whse,SKU-072,0.631815907953977,0.3157894736842105,2026-08-05 14:54:21
Sydney-Whse,SKU-015,0.6358179089544772,0.7794486215538847,2026-07-15 14:54:21
Rotterdam-Whse,SKU-002,0.03651825912956478,0.15789473684210525,2026-08-07 14:54:21
Rotterdam-Whse,SKU-324,0.11905952976488245,0.9924812030075187,2026-07-26 14:54:21
Sydney-Whse,SKU-279,0.688344172086043,0.949874686716792,2026-07-28 14:54:21
Seattle-Whse,SKU-492,0.6583291645822912,0.7142857142857143,2026-07-14 14:54:21
Osaka-Whse,SKU-448,0.8594297148574287,0.9323308270676691,2026-08-03 14:54:21
Osaka-Whse,SKU-132,0.9289644822411206,0.2982456140350877,2026-07-15 14:54:21
Rotterdam-Whse,SKU-417,0.3356678339169585,0.7493734335839599,2026-07-30 14:54:21
Sydney-Whse,SKU-475,0.49374687343671836,0.16541353383458646,2026-07-15 14:54:21
Rotterdam-Whse,SKU-036,0.7923961980990495,0.6390977443609023,2026-07-24 14:54:21
Rotterdam-Whse,SKU-008,0.3736868434217109,0.44360902255639095,2026-07-25 14:54:21
Seattle-Whse,SKU-357,0.3781890945472736,0.2807017543859649,2026-07-30 14:54:21
London-Whse,SKU-402,0.416208104052026,0.15789473684210525,2026-07-31 14:54:21
Seattle-Whse,SKU-042,0.18609304652326164,0.7644110275689223,2026-07-26 14:54:21
Rotterdam-Whse,SKU-420,0.663831915957979,0.18045112781954886,2026-08-04 14:54:21
Seattle-Whse,SKU-135,0.1805902951475738,0.6591478696741855,2026-07-19 14:54:21
Seattle-Whse,SKU-204,0.822911455727864,0.07518796992481203,2026-07-31 14:54:21
Seattle-Whse,SKU-194,0.32566283141570784,0.06516290726817042,2026-07-29 14:54:21
Sydney-Whse,SKU-442,0.5407703851925963,0.03007518796992481,2026-07-22 14:54:21
London-Whse,SKU-449,0.0240120060030015,0.7268170426065163,2026-07-13 14:54:21
Seattle-Whse,SKU-072,0.7373686843421711,0.9473684210526315,2026-08-02 14:54:21
Osaka-Whse,SKU-214,0.2576288144072036,0.5588972431077694,2026-07-14 14:54:21
Sydney-Whse,SKU-302,0.10105052526263132,0.19047619047619047,2026-07-16 14:54:21
Sydney-Whse,SKU-196,0.6728364182091046,0.2656641604010025,2026-07-21 14:54:21
Sydney-Whse,SKU-009,0.2656328164082041,0.37092731829573933,2026-07-26 14:54:21
London-Whse,SKU-476,0.8089044522261131,0.16541353383458646,2026-08-07 14:54:21
London-Whse,SKU-053,0.7298649324662331,0.5137844611528822,2026-07-27 14:54:21
Osaka-Whse,SKU-403,0.3721860930465233,0.13283208020050125,2026-08-05 14:54:21
Osaka-Whse,SKU-068,0.7568784392196098,0.7268170426065163,2026-07-19 14:54:21
Seattle-Whse,SKU-397,0.592296148074037,0.03508771929824561,2026-07-28 14:54:21
Rotterdam-Whse,SKU-412,0.7728864432216108,0.14035087719298245,2026-08-05 14:54:21
Seattle-Whse,SKU-263,0.19409704852426213,0.9523809523809523,2026-07-14 14:54:21
London-Whse,SKU-313,0.5477738869434717,0.41854636591478694,2026-07-15 14:54:21
London-Whse,SKU-312,0.5992996498249125,0.49624060150375937,2026-07-23 14:54:21
Rotterdam-Whse,SKU-427,0.6218109054527263,0.9473684210526315,2026-08-10 14:54:21
Seattle-Whse,SKU-134,0.8274137068534267,0.3032581453634085,2026-08-11 14:54:21
Rotterdam-Whse,SKU-458,0.7223611805902952,0.9573934837092731,2026-07-31 14:54:21
Seattle-Whse,SKU-137,0.5382691345672836,0.5112781954887218,2026-07-15 14:54:21
Rotterdam-Whse,SKU-327,0.9729864932466233,1.0,2026-08-04 14:54:21
Osaka-Whse,SKU-218,0.08904452226113056,0.09523809523809523,2026-07-20 14:54:21
London-Whse,SKU-234,0.7003501750875438,0.48120300751879697,2026-07-26 14:54:21
Sydney-Whse,SKU-461,0.8894447223611806,0.43107769423558895,2026-08-03 14:54:21
Sydney-Whse,SKU-087,0.832416208104052,0.48370927318295737,2026-08-01 14:54:21
London-Whse,SKU-356,0.847423711855928,0.2606516290726817,2026-08-07 14:54:21
Sydney-Whse,SKU-217,0.6438219109554777,0.12030075187969924,2026-07-17 14:54:21
Rotterdam-Whse,SKU-459,0.9194597298649325,0.06015037593984962,2026-08-09 14:54:21
Sydney-Whse,SKU-370,0.7298649324662331,0.5588972431077694,2026-07-23 14:54:21
Rotterdam-Whse,SKU-352,0.9129564782391195,0.49122807017543857,2026-07-30 14:54:21
London-Whse,SKU-220,0.8999499749874937,0.518796992481203,2026-07-25 14:54:21
Seattle-Whse,SKU-186,0.21560780390195097,0.9624060150375939,2026-08-04 14:54:21
London-Whse,SKU-149,0.5607803901950975,0.5388471177944862,2026-08-07 14:54:21
Osaka-Whse,SKU-367,0.742871435717859,0.6466165413533834,2026-08-05 14:54:21
London-Whse,SKU-011,0.7198599299649825,0.14536340852130325,2026-07-17 14:54:21
London-Whse,SKU-335,0.7868934467233617,0.3032581453634085,2026-07-19 14:54:21
Seattle-Whse,SKU-146,0.662831415707854,0.3107769423558897,2026-07-19 14:54:21
Osaka-Whse,SKU-361,0.7368684342171086,0.7393483709273183,2026-07-21 14:54:21
Seattle-Whse,SKU-308,0.4947473736868434,0.7167919799498746,2026-08-10 14:54:21
Seattle-Whse,SKU-400,0.20260130065032517,0.45112781954887216,2026-07-16 14:54:21
Seattle-Whse,SKU-125,0.6418209104552276,0.9448621553884712,2026-08-09 14:54:21
Seattle-Whse,SKU-214,0.11905952976488245,0.44862155388471175,2026-08-09 14:54:21
London-Whse,SKU-143,0.15807903951975988,0.6090225563909775,2026-08-04 14:54:21
London-Whse,SKU-277,0.8064032016008004,0.7568922305764411,2026-08-01 14:54:21
Seattle-Whse,SKU-437,0.12356178089044523,0.706766917293233,2026-07-31 14:54:21
London-Whse,SKU-158,0.26463231615807903,0.9523809523809523,2026-07-27 14:54:21
Rotterdam-Whse,SKU-446,0.6373186593296648,0.3408521303258145,2026-07-13 14:54:21
Rotterdam-Whse,SKU-229,0.4412206103051526,0.9849624060150376,2026-07-23 14:54:21
London-Whse,SKU-072,0.1585792896448224,0.9674185463659147,2026-07-24 14:54:21
Rotterdam-Whse,SKU-395,0.06753376688344172,0.543859649122807,2026-07-30 14:54:21
Osaka-Whse,SKU-407,0.5712856428214107,0.9849624060150376,2026-07-25 14:54:21
London-Whse,SKU-423,0.3326663331665833,0.02506265664160401,2026-08-02 14:54:21
Rotterdam-Whse,SKU-062,0.2911455727863932,0.15037593984962405,2026-08-08 14:54:21
Sydney-Whse,SKU-488,0.9639819909954978,0.8947368421052632,2026-07-30 14:54:21
London-Whse,SKU-035,0.7548774387193596,0.12531328320802004,2026-08-01 14:54:21
London-Whse,SKU-111,0.6728364182091046,0.03508771929824561,2026-07-26 14:54:21
Osaka-Whse,SKU-039,0.7808904452226113,0.2781954887218045,2026-08-07 14:54:21
Seattle-Whse,SKU-051,0.49674837418709356,0.9172932330827067,2026-08-08 14:54:21
Osaka-Whse,SKU-411,0.6993496748374187,0.42355889724310775,2026-07-21 14:54:21
Sydney-Whse,SKU-325,0.32866433216608304,0.6491228070175439,2026-08-11 14:54:21
Osaka-Whse,SKU-340,0.9309654827413707,0.047619047619047616,2026-07-29 14:54:21
Rotterdam-Whse,SKU-026,0.5917958979489745,0.022556390977443608,2026-07-25 14:54:21
Seattle-Whse,SKU-140,0.3566783391695848,0.8596491228070176,2026-07-19 14:54:21
Sydney-Whse,SKU-435,0.9789894947473737,0.11278195488721804,2026-07-18 14:54:21
Rotterdam-Whse,SKU-159,0.42771385692846425,0.6791979949874687,2026-07-23 14:54:21
Sydney-Whse,SKU-076,0.20860430215107553,0.8195488721804511,2026-07-24 14:54:21
Sydney-Whse,SKU-376,0.8774387193596799,0.15538847117794485,2026-08-03 14:54:21
Sydney-Whse,SKU-032,0.49524762381190596,0.581453634085213,2026-07-29 14:54:21
Sydney-Whse,SKU-194,0.7713856928464232,0.3458646616541353,2026-08-01 14:54:21
London-Whse,SKU-301,0.4837418709354677,0.13784461152882205,2026-07-27 14:54:21
Sydney-Whse,SKU-287,0.384192096048024,0.3458646616541353,2026-07-14 14:54:21
London-Whse,SKU-292,0.16708354177088544,0.46616541353383456,2026-08-09 14:54:21
Rotterdam-Whse,SKU-413,0.49024512256128067,0.9649122807017544,2026-08-06 14:54:21
Seattle-Whse,SKU-261,0.7688844422211105,0.7844611528822055,2026-07-31 14:54:21
Sydney-Whse,SKU-362,0.9899949974987494,0.42105263157894735,2026-07-23 14:54:21
Seattle-Whse,SKU-312,0.29064532266133064,0.7794486215538847,2026-07-21 14:54:21
Rotterdam-Whse,SKU-259,0.17508754377188596,0.06766917293233082,2026-07-28 14:54:21
Rotterdam-Whse,SKU-120,0.5782891445722862,0.949874686716792,2026-07-17 14:54:21
Sydney-Whse,SKU-287,0.6538269134567284,0.9774436090225563,2026-08-06 14:54:21
Seattle-Whse,SKU-295,0.11305652826413207,0.06516290726817042,2026-07-31 14:54:21
Sydney-Whse,SKU-089,0.3091545772886443,0.5513784461152882,2026-07-17 14:54:21
Osaka-Whse,SKU-033,0.30115057528764383,0.45864661654135336,2026-07-19 14:54:21
Osaka-Whse,SKU-398,0.2621310655327664,0.05764411027568922,2026-08-07 14:54:21
Osaka-Whse,SKU-247,0.9394697348674337,0.045112781954887216,2026-07-13 14:54:21
Seattle-Whse,SKU-427,0.45572786393196596,0.44862155388471175,2026-07-25 14:54:21
London-Whse,SKU-488,0.36868434217108553,0.9874686716791979,2026-07-29 14:54:21
Rotterdam-Whse,SKU-250,0.8034017008504252,0.9097744360902256,2026-07-21 14:54:21
Rotterdam-Whse,SKU-243,0.004502251125562781,0.7919799498746867,2026-08-04 14:54:21
London-Whse,SKU-477,0.4467233616808404,0.39097744360902253,2026-07-20 14:54:21
Osaka-Whse,SKU-421,0.9219609804902451,0.41353383458646614,2026-07-18 14:54:21
Seattle-Whse,SKU-076,0.47873936968484243,0.6340852130325815,2026-07-29 14:54:21
Osaka-Whse,SKU-147,0.6748374187093547,0.8446115288220551,2026-08-08 14:54:21
Sydney-Whse,SKU-038,0.45522761380690346,0.8947368421052632,2026-08-04 14:54:21
Seattle-Whse,SKU-309,0.8909454727363681,0.49373433583959897,2026-07-21 14:54:21
Osaka-Whse,SKU-080,0.2816408204102051,0.3208020050125313,2026-07-13 14:54:21
London-Whse,SKU-368,0.496248124062031,0.0,2026-08-05 14:54:21
Seattle-Whse,SKU-112,0.695847923961981,0.2531328320802005,2026-07-25 14:54:21
London-Whse,SKU-099,0.33516758379189593,0.09774436090225563,2026-07-16 14:54:21
London-Whse,SKU-381,0.3791895947973987,0.007518796992481203,2026-07-26 14:54:21
Sydney-Whse,SKU-281,0.17508754377188596,0.8345864661654135,2026-07-13 14:54:21
Seattle-Whse,SKU-012,0.6533266633316658,0.5388471177944862,2026-07-20 14:54:21
Osaka-Whse,SKU-014,0.5397698849424712,0.8546365914786967,2026-07-17 14:54:21
London-Whse,SKU-166,0.9944972486243121,0.7293233082706767,2026-07-25 14:54:21
Seattle-Whse,SKU-078,0.05552776388194097,0.05513784461152882,2026-07-20 14:54:21
London-Whse,SKU-142,0.4957478739369685,0.49122807017543857,2026-07-21 14:54:21
London-Whse,SKU-299,0.5497748874437218,0.042606516290726815,2026-08-08 14:54:21
Sydney-Whse,SKU-468,0.8299149574787393,0.9122807017543859,2026-08-08 14:54:21
Sydney-Whse,SKU-007,0.011005502751375688,0.40350877192982454,2026-07-22 14:54:21
Osaka-Whse,SKU-370,0.9439719859929965,0.05012531328320802,2026-07-15 14:54:21
Rotterdam-Whse,SKU-431,0.15407703851925963,0.20802005012531327,2026-08-02 14:54:21
Seattle-Whse,SKU-203,0.7198599299649825,0.3182957393483709,2026-07-29 14:54:21
London-Whse,SKU-103,0.05302651325662831,0.040100250626566414,2026-07-18 14:54:21
Seattle-Whse,SKU-342,0.9554777388694348,0.5914786967418546,2026-07-27 14:54:21
Rotterdam-Whse,SKU-293,0.6673336668334167,0.38847117794486213,2026-08-11 14:54:21
Sydney-Whse,SKU-073,0.6033016508254128,0.9223057644110275,2026-07-14 14:54:21
Sydney-Whse,SKU-047,0.4797398699349675,0.39849624060150374,2026-07-15 14:54:21
Sydney-Whse,SKU-287,0.003501750875437719,0.17794486215538846,2026-07-15 14:54:21
Osaka-Whse,SKU-087,0.9329664832416208,0.2506265664160401,2026-07-27 14:54:21
Seattle-Whse,SKU-371,0.656328164082041,0.5914786967418546,2026-08-08 14:54:21
Seattle-Whse,SKU-450,0.695847923961981,0.23809523809523808,2026-08-07 14:54:21
Seattle-Whse,SKU-366,0.9044522261130565,0.8295739348370927,2026-07-23 14:54:21
London-Whse,SKU-318,0.3371685842921461,0.47368421052631576,2026-07-22 14:54:21
Sydney-Whse,SKU-194,0.3461730865432716,0.05012531328320802,2026-07-28 14:54:21
Rotterdam-Whse,SKU-202,0.23261630815407705,0.37593984962406013,2026-07-21 14:54:21
Osaka-Whse,SKU-309,0.03251625812906453,0.656641604010025,2026-07-19 14:54:21
Osaka-Whse,SKU-343,0.3586793396698349,0.38095238095238093,2026-07-19 14:54:21
Osaka-Whse,SKU-002,0.6193096548274137,0.43609022556390975,2026-08-01 14:54:21
Sydney-Whse,SKU-127,0.24112056028014006,0.12030075187969924,2026-08-03 14:54:21
Rotterdam-Whse,SKU-017,0.2666333166583292,0.6090225563909775,2026-07-13 14:54:21
Seattle-Whse,SKU-144,0.2176088044022011,0.017543859649122806,2026-07-16 14:54:21
London-Whse,SKU-289,0.09254627313656828,0.02756892230576441,2026-07-18 14:54:21
Osaka-Whse,SKU-083,0.2831415707853927,0.3258145363408521,2026-07-14 14:54:21
Rotterdam-Whse,SKU-325,0.7213606803401701,0.12531328320802004,2026-07-16 14:54:21
Sydney-Whse,SKU-494,0.49024512256128067,1.0,2026-07-15 14:54:21
Seattle-Whse,SKU-033,0.5427713856928464,0.3609022556390977,2026-08-01 14:54:21
Seattle-Whse,SKU-117,0.5137568784392196,0.16290726817042606,2026-07-15 14:54:21
Seattle-Whse,SKU-287,0.42821410705352675,0.5714285714285714,2026-08-08 14:54:21
Sydney-Whse,SKU-152,0.39569784892446225,0.5513784461152882,2026-07-25 14:54:21
Sydney-Whse,SKU-223,0.3381690845422711,0.5263157894736842,2026-07-20 14:54:21
Rotterdam-Whse,SKU-063,0.4427213606803402,0.924812030075188,2026-08-06 14:54:21
Sydney-Whse,SKU-286,0.64032016008004,0.15538847117794485,2026-08-04 14:54:21
London-Whse,SKU-345,0.208104052026013,0.13032581453634084,2026-07-15 14:54:21
London-Whse,SKU-334,0.8374187093546773,0.9649122807017544,2026-07-22 14:54:21
London-Whse,SKU-461,0.3871935967983992,0.8070175438596491,2026-08-03 14:54:21
London-Whse,SKU-447,0.6398199099549775,0.9874686716791979,2026-08-07 14:54:21
Rotterdam-Whse,SKU-008,0.6373186593296648,0.3358395989974937,2026-07-16 14:54:21
Rotterdam-Whse,SKU-447,0.1310655327663832,0.2982456140350877,2026-07-20 14:54:21
Rotterdam-Whse,SKU-323,0.26463231615807903,0.7518796992481203,2026-08-11 14:54:21
Sydney-Whse,SKU-092,0.5937968984492246,0.3583959899749373,2026-07-28 14:54:21
Sydney-Whse,SKU-315,0.968984492246123,0.5939849624060151,2026-07-29 14:54:21
Rotterdam-Whse,SKU-157,0.9949974987493747,0.2706766917293233,2026-07-25 14:54:21
Osaka-Whse,SKU-495,0.38219109554777386,0.13533834586466165,2026-07-16 14:54:21
Rotterdam-Whse,SKU-339,0.8309154577288644,0.8421052631578947,2026-08-03 14:54:21
Rotterdam-Whse,SKU-005,0.28864432216108055,0.2756892230576441,2026-07-19 14:54:21
London-Whse,SKU-170,0.1805902951475738,0.6090225563909775,2026-08-01 14:54:21
Osaka-Whse,SKU-028,0.2591295647823912,0.9949874686716792,2026-07-30 14:54:21
Sydney-Whse,SKU-317,0.28114057028514255,0.3383458646616541,2026-07-25 14:54:21
Seattle-Whse,SKU-197,0.6453226613306653,0.2656641604010025,2026-07-27 14:54:21
Osaka-Whse,SKU-399,0.3071535767883942,0.11528822055137844,2026-07-14 14:54:21
Seattle-Whse,SKU-368,0.0025012506253126563,0.02506265664160401,2026-07-26 14:54:21
Osaka-Whse,SKU-420,0.6813406703351675,0.8270676691729323,2026-08-03 14:54:21
Rotterdam-Whse,SKU-482,0.26463231615807903,0.5162907268170426,2026-07-18 14:54:21
Osaka-Whse,SKU-243,0.7433716858429215,0.87468671679198,2026-07-26 14:54:21
Osaka-Whse,SKU-223,0.44072036018009003,0.9072681704260651,2026-07-25 14:54:21
Rotterdam-Whse,SKU-013,0.41520760380190097,0.6741854636591479,2026-07-16 14:54:21
London-Whse,SKU-274,0.06603301650825413,0.03258145363408521,2026-07-18 14:54:21
London-Whse,SKU-377,0.1470735367683842,0.9899749373433584,2026-08-04 14:54:21
Sydney-Whse,SKU-062,0.7943971985992997,0.7719298245614035,2026-07-15 14:54:21
Rotterdam-Whse,SKU-118,0.16008004002001,0.3258145363408521,2026-08-01 14:54:21
Osaka-Whse,SKU-199,0.45222611305652827,0.08771929824561403,2026-07-20 14:54:21
Osaka-Whse,SKU-306,0.7953976988494247,0.9523809523809523,2026-07-31 14:54:21
Rotterdam-Whse,SKU-032,0.7158579289644822,0.21303258145363407,2026-08-09 14:54:21
Rotterdam-Whse,SKU-445,0.9054527263631816,0.5012531328320802,2026-07-16 14:54:21
Rotterdam-Whse,SKU-320,0.6398199099549775,0.6015037593984962,2026-07-30 14:54:21
Osaka-Whse,SKU-420,0.44772386193096547,0.9874686716791979,2026-08-10 14:54:21
London-Whse,SKU-452,0.3776888444222111,0.7994987468671679,2026-08-11 14:54:21
Seattle-Whse,SKU-282,0.32516258129064535,0.21553884711779447,2026-08-10 14:54:21
Rotterdam-Whse,SKU-349,0.8519259629814907,0.2957393483709273,2026-07-23 14:54:21
London-Whse,SKU-080,0.8234117058529264,0.41102756892230574,2026-07-13 14:54:21
Sydney-Whse,SKU-219,0.7703851925962981,0.9974937343358395,2026-07-20 14:54:21
Seattle-Whse,SKU-195,0.7448724362181091,0.7042606516290727,2026-08-06 14:54:21
Rotterdam-Whse,SKU-300,0.25062531265632815,0.14285714285714285,2026-07-26 14:54:21
Osaka-Whse,SKU-048,0.696848424212106,0.6892230576441103,2026-08-06 14:54:21
Rotterdam-Whse,SKU-163,0.9339669834917459,0.48872180451127817,2026-07-18 14:54:21
London-Whse,SKU-365,0.9299649824912456,0.3283208020050125,2026-08-05 14:54:21
Sydney-Whse,SKU-492,0.03251625812906453,1.0,2026-08-05 14:54:21
Rotterdam-Whse,SKU-491,0.24012006003001501,0.6616541353383458,2026-08-07 14:54:21
Osaka-Whse,SKU-273,0.8774387193596799,0.5614035087719298,2026-07-26 14:54:21
London-Whse,SKU-185,0.7678839419709855,0.43107769423558895,2026-07-19 14:54:21
Rotterdam-Whse,SKU-397,0.847423711855928,0.5112781954887218,2026-08-06 14:54:21
Osaka-Whse,SKU-319,0.591295647823912,0.6942355889724311,2026-08-06 14:54:21
London-Whse,SKU-469,0.3886943471735868,0.20551378446115287,2026-08-09 14:54:21
Osaka-Whse,SKU-071,0.7863931965982992,0.9799498746867168,2026-08-07 14:54:21
London-Whse,SKU-484,0.8309154577288644,0.2857142857142857,2026-07-15 14:54:21
Osaka-Whse,SKU-451,0.4992496248124062,0.49874686716791977,2026-07-28 14:54:21
Sydney-Whse,SKU-219,0.6643321660830416,0.606516290726817,2026-08-08 14:54:21
Osaka-Whse,SKU-301,0.9264632316158079,0.42857142857142855,2026-08-08 14:54:21
London-Whse,SKU-209,0.6688344172086043,0.2606516290726817,2026-07-31 14:54:21
Osaka-Whse,SKU-351,0.03901950975487744,0.3182957393483709,2026-07-14 14:54:21
Seattle-Whse,SKU-334,0.2736368184092046,0.9699248120300752,2026-07-16 14:54:21
Sydney-Whse,SKU-124,0.5557778889444722,0.8421052631578947,2026-07-30 14:54:21
London-Whse,SKU-273,0.02501250625312656,0.13533834586466165,2026-08-11 14:54:21
Sydney-Whse,SKU-337,0.3306653326663332,0.38095238095238093,2026-08-09 14:54:21
Rotterdam-Whse,SKU-219,0.18259129564782392,0.9899749373433584,2026-07-28 14:54:21
London-Whse,SKU-342,0.12856428214107055,0.9699248120300752,2026-07-30 14:54:21
Sydney-Whse,SKU-311,0.3356678339169585,0.6942355889724311,2026-07-18 14:54:21
Rotterdam-Whse,SKU-055,0.0720360180090045,0.5864661654135338,2026-07-24 14:54:21
Sydney-Whse,SKU-353,0.7088544272136068,0.6867167919799498,2026-07-29 14:54:21
Rotterdam-Whse,SKU-183,0.7983991995997999,0.15538847117794485,2026-08-03 14:54:21
Rotterdam-Whse,SKU-431,0.8349174587293647,0.08270676691729323,2026-08-11 14:54:21
Rotterdam-Whse,SKU-473,0.41570785392696347,0.21553884711779447,2026-07-25 14:54:21
Seattle-Whse,SKU-322,0.20710355177588793,0.8471177944862155,2026-07-13 14:54:21
London-Whse,SKU-233,0.19559779889944973,0.42105263157894735,2026-07-16 14:54:21
Rotterdam-Whse,SKU-168,0.6273136568284142,0.37343358395989973,2026-07-19 14:54:21
Osaka-Whse,SKU-381,0.9164582291145573,0.6867167919799498,2026-08-03 14:54:21
Osaka-Whse,SKU-348,0.4317158579289645,0.15288220551378445,2026-07-24 14:54:21
London-Whse,SKU-312,0.032016008004002,0.7744360902255639,2026-08-10 14:54:21
Seattle-Whse,SKU-463,0.15257628814407204,0.9022556390977443,2026-07-21 14:54:21
Seattle-Whse,SKU-169,0.7413706853426714,0.16791979949874686,2026-08-05 14:54:21
Sydney-Whse,SKU-199,0.5777888944472236,0.18796992481203006,2026-07-17 14:54:21
Rotterdam-Whse,SKU-443,0.8724362181090545,0.20802005012531327,2026-07-14 14:54:21
Osaka-Whse,SKU-031,0.17708854427213608,0.5012531328320802,2026-08-07 14:54:21
London-Whse,SKU-368,0.29164582291145574,0.05012531328320802,2026-07-27 14:54:21
Rotterdam-Whse,SKU-016,0.7128564282141071,0.43609022556390975,2026-07-19 14:54:21
London-Whse,SKU-338,0.03851925962981491,0.5989974937343359,2026-08-07 14:54:21
Sydney-Whse,SKU-193,0.7978989494747374,0.47117794486215536,2026-08-01 14:54:21
Rotterdam-Whse,SKU-322,0.7028514257128564,0.07769423558897243,2026-07-21 14:54:21
Rotterdam-Whse,SKU-312,0.6423211605802901,0.9674185463659147,2026-07-15 14:54:21
Osaka-Whse,SKU-471,0.5587793896948474,0.8195488721804511,2026-08-08 14:54:21
Sydney-Whse,SKU-461,0.6693346673336669,0.06015037593984962,2026-07-21 14:54:21
Seattle-Whse,SKU-357,0.5702851425712856,0.49624060150375937,2026-07-20 14:54:21
Osaka-Whse,SKU-014,0.27013506753376687,0.3583959899749373,2026-07-14 14:54:21
Osaka-Whse,SKU-047,0.7633816908454227,0.6491228070175439,2026-07-31 14:54:21
Osaka-Whse,SKU-226,0.3856928464232116,0.20802005012531327,2026-07-15 14:54:21
London-Whse,SKU-006,0.966983491745873,0.6165413533834586,2026-08-09 14:54:21
Osaka-Whse,SKU-065,0.5852926463231616,0.14035087719298245,2026-08-11 14:54:21
Sydney-Whse,SKU-392,0.776888444222111,0.6140350877192983,2026-08-09 14:54:21
Osaka-Whse,SKU-500,0.3966983491745873,0.581453634085213,2026-08-06 14:54:21
London-Whse,SKU-322,0.7808904452226113,0.3132832080200501,2026-07-18 14:54:21
London-Whse,SKU-281,0.39869934967483744,0.9774436090225563,2026-07-16 14:54:21
Rotterdam-Whse,SKU-101,0.19559779889944973,0.02506265664160401,2026-07-13 14:54:21
London-Whse,SKU-500,0.13506753376688344,0.7268170426065163,2026-08-05 14:54:21
Rotterdam-Whse,SKU-170,0.1695847923961981,0.42105263157894735,2026-07-28 14:54:21
Osaka-Whse,SKU-180,0.7478739369684843,0.37343358395989973,2026-08-07 14:54:21
London-Whse,SKU-101,0.28714357178589295,0.23057644110275688,2026-07-28 14:54:21
Rotterdam-Whse,SKU-433,0.15507753876938468,0.17794486215538846,2026-07-15 14:54:21
Seattle-Whse,SKU-029,0.2651325662831416,0.18045112781954886,2026-08-02 14:54:21
Sydney-Whse,SKU-394,0.8909454727363681,0.7819548872180451,2026-07-21 14:54:21
London-Whse,SKU-453,0.04302151075537769,0.8972431077694235,2026-07-20 14:54:21
Sydney-Whse,SKU-244,0.9319659829914958,0.9624060150375939,2026-07-21 14:54:21
Osaka-Whse,SKU-396,0.4652326163081541,0.9298245614035088,2026-07-29 14:54:21
Osaka-Whse,SKU-458,0.6353176588294147,0.5839598997493735,2026-08-11 14:54:21
Rotterdam-Whse,SKU-482,0.6943471735867934,0.38095238095238093,2026-07-27 14:54:21
Rotterdam-Whse,SKU-213,0.8734367183591796,0.3458646616541353,2026-07-14 14:54:21
London-Whse,SKU-395,0.6378189094547274,0.9874686716791979,2026-07-21 14:54:21
Sydney-Whse,SKU-219,0.29664832416208103,0.47368421052631576,2026-08-02 14:54:21
Rotterdam-Whse,SKU-429,0.11805902951475739,0.08020050125313283,2026-07-22 14:54:21
London-Whse,SKU-379,0.5127563781890946,0.9924812030075187,2026-08-10 14:54:21
Seattle-Whse,SKU-427,0.4062031015507754,0.7167919799498746,2026-08-02 14:54:21
Sydney-Whse,SKU-481,0.783391695847924,0.5137844611528822,2026-08-02 14:54:21
Osaka-Whse,SKU-011,0.4352176088044022,0.11528822055137844,2026-08-09 14:54:21
Osaka-Whse,SKU-438,0.8039019509754878,0.39598997493734334,2026-08-04 14:54:21
Rotterdam-Whse,SKU-432,0.5767883941970986,0.05263157894736842,2026-07-15 14:54:21
Sydney-Whse,SKU-135,0.2656328164082041,0.5488721804511278,2026-07-30 14:54:21
Osaka-Whse,SKU-032,0.8129064532266133,0.6466165413533834,2026-08-03 14:54:21
Osaka-Whse,SKU-333,0.8924462231115557,0.43107769423558895,2026-08-07 14:54:21
Seattle-Whse,SKU-476,0.44772386193096547,0.11528822055137844,2026-07-13 14:54:21
Sydney-Whse,SKU-408,0.7393696848424212,0.9473684210526315,2026-08-10 14:54:21
Osaka-Whse,SKU-042,0.400200100050025,0.3057644110275689,2026-07-16 14:54:21
Rotterdam-Whse,SKU-147,0.24762381190595298,0.2857142857142857,2026-08-06 14:54:21
London-Whse,SKU-387,0.3551775887943972,0.3182957393483709,2026-07-19 14:54:21
Rotterdam-Whse,SKU-153,0.9524762381190596,0.6766917293233082,2026-07-24 14:54:21
London-Whse,SKU-083,0.7793896948474237,0.02506265664160401,2026-07-16 14:54:21
Sydney-Whse,SKU-116,0.3366683341670835,0.2556390977443609,2026-07-24 14:54:21
Osaka-Whse,SKU-172,0.6398199099549775,0.6165413533834586,2026-07-16 14:54:21
Osaka-Whse,SKU-023,0.9469734867433717,0.7844611528822055,2026-07-23 14:54:21
Rotterdam-Whse,SKU-373,0.22161080540270134,0.3383458646616541,2026-08-07 14:54:21
Rotterdam-Whse,SKU-258,0.9069534767383692,0.17293233082706766,2026-08-05 14:54:21
London-Whse,SKU-108,0.5237618809404703,0.3483709273182957,2026-07-26 14:54:21
Rotterdam-Whse,SKU-329,0.35767883941970985,0.949874686716792,2026-07-22 14:54:21
Seattle-Whse,SKU-407,0.6768384192096047,0.47619047619047616,2026-07-13 14:54:21
Rotterdam-Whse,SKU-282,0.19159579789894948,0.02506265664160401,2026-07-23 14:54:21
Sydney-Whse,SKU-452,0.15107553776888444,0.5087719298245614,2026-07-18 14:54:21
Osaka-Whse,SKU-266,0.010505252626313157,0.8170426065162907,2026-07-19 14:54:21
Osaka-Whse,SKU-096,0.49024512256128067,0.656641604010025,2026-08-04 14:54:21
Sydney-Whse,SKU-243,0.19109554777388693,0.09273182957393483,2026-07-22 14:54:21
Seattle-Whse,SKU-089,0.2696348174087044,0.22807017543859648,2026-07-21 14:54:21
London-Whse,SKU-228,0.23611805902951477,0.9298245614035088,2026-07-19 14:54:21
Seattle-Whse,SKU-037,0.8304152076038019,0.44611528822055135,2026-07-31 14:54:21
Sydney-Whse,SKU-101,0.783391695847924,0.47368421052631576,2026-07-25 14:54:21
Osaka-Whse,SKU-006,0.45222611305652827,0.3458646616541353,2026-07-20 14:54:21
Osaka-Whse,SKU-123,0.6543271635817909,0.9147869674185464,2026-07-18 14:54:21
Rotterdam-Whse,SKU-490,0.16208104052026012,0.015037593984962405,2026-07-19 14:54:21
Sydney-Whse,SKU-234,0.4147073536768384,0.18295739348370926,2026-08-08 14:54:21
Sydney-Whse,SKU-427,0.7453726863431716,0.2982456140350877,2026-08-09 14:54:21
Sydney-Whse,SKU-453,0.18859429714857429,0.44110275689223055,2026-07-25 14:54:21
Rotterdam-Whse,SKU-129,0.3181590795397699,0.06516290726817042,2026-07-15 14:54:21
Rotterdam-Whse,SKU-217,0.8524262131065533,0.37092731829573933,2026-07-29 14:54:21
London-Whse,SKU-245,0.3296648324162081,0.22807017543859648,2026-07-22 14:54:21
Rotterdam-Whse,SKU-120,0.7368684342171086,0.849624060150376,2026-07-19 14:54:21
Seattle-Whse,SKU-037,0.42671335667833915,0.9573934837092731,2026-07-16 14:54:21
London-Whse,SKU-494,0.3031515757878939,0.07518796992481203,2026-07-22 14:54:21
Seattle-Whse,SKU-340,0.16358179089544772,0.7493734335839599,2026-07-13 14:54:21
Rotterdam-Whse,SKU-021,0.31115557778889447,0.7969924812030075,2026-07-17 14:54:21
London-Whse,SKU-487,0.0720360180090045,0.02756892230576441,2026-07-23 14:54:21
Osaka-Whse,SKU-146,0.5102551275637819,0.5964912280701754,2026-07-20 14:54:21
London-Whse,SKU-316,0.9294647323661831,0.2857142857142857,2026-07-28 14:54:21
Seattle-Whse,SKU-095,0.735367683841921,0.6416040100250626,2026-08-01 14:54:21
Seattle-Whse,SKU-436,1.0,0.7944862155388471,2026-07-17 14:54:21
London-Whse,SKU-019,0.6943471735867934,0.3508771929824561,2026-07-16 14:54:21
London-Whse,SKU-265,0.886943471735868,0.5939849624060151,2026-07-26 14:54:21
Sydney-Whse,SKU-287,0.71935967983992,0.14536340852130325,2026-07-20 14:54:21
Rotterdam-Whse,SKU-447,0.9609804902451226,0.7518796992481203,2026-08-01 14:54:21
Osaka-Whse,SKU-257,0.6183091545772886,0.47117794486215536,2026-08-09 14:54:21
Rotterdam-Whse,SKU-300,0.9634817408704353,0.7218045112781954,2026-08-03 14:54:21
Osaka-Whse,SKU-312,0.7458729364682342,0.2606516290726817,2026-07-20 14:54:21
Osaka-Whse,SKU-345,0.8874437218609305,0.0,2026-07-29 14:54:21
Osaka-Whse,SKU-275,0.9534767383691846,0.9548872180451128,2026-08-02 14:54:21
London-Whse,SKU-053,0.13056528264132067,0.040100250626566414,2026-07-29 14:54:21
Sydney-Whse,SKU-456,0.4427213606803402,0.5839598997493735,2026-08-03 14:54:21
Sydney-Whse,SKU-439,0.8134067033516759,0.012531328320802004,2026-08-06 14:54:21
Sydney-Whse,SKU-196,0.9159579789894947,0.8671679197994987,2026-08-07 14:54:21
Osaka-Whse,SKU-137,0.3891945972986493,0.2882205513784461,2026-08-01 14:54:21
Osaka-Whse,SKU-206,0.2046023011505753,0.7343358395989975,2026-07-13 14:54:21
London-Whse,SKU-230,0.6253126563281641,0.45614035087719296,2026-08-06 14:54:21
Rotterdam-Whse,SKU-065,0.4457228614307154,0.46365914786967416,2026-07-22 14:54:21
Osaka-Whse,SKU-274,0.8434217108554277,0.8796992481203008,2026-07-14 14:54:21
London-Whse,SKU-326,0.2321160580290145,0.23558897243107768,2026-08-06 14:54:21
Osaka-Whse,SKU-044,0.14957478739369684,0.706766917293233,2026-08-08 14:54:21
London-Whse,SKU-426,0.39619809904952474,0.18295739348370926,2026-08-05 14:54:21
London-Whse,SKU-139,0.9524762381190596,0.5864661654135338,2026-07-22 14:54:21
Rotterdam-Whse,SKU-256,0.18509254627313657,0.6942355889724311,2026-08-08 14:54:21
London-Whse,SKU-216,0.1345672836418209,0.03759398496240601,2026-07-28 14:54:21
London-Whse,SKU-016,0.2816408204102051,0.045112781954887216,2026-08-07 14:54:21
London-Whse,SKU-093,0.38619309654827416,0.7443609022556391,2026-07-17 14:54:21
Seattle-Whse,SKU-111,0.4197098549274637,0.899749373433584,2026-08-04 14:54:21
Osaka-Whse,SKU-212,0.3741870935467734,0.6340852130325815,2026-07-27 14:54:21
Seattle-Whse,SKU-144,0.2766383191595798,0.005012531328320802,2026-07-20 14:54:21
Seattle-Whse,SKU-156,0.7588794397198599,0.43107769423558895,2026-08-08 14:54:21
London-Whse,SKU-486,0.7798899449724862,0.6867167919799498,2026-08-01 14:54:21
Sydney-Whse,SKU-018,0.8379189594797398,0.9949874686716792,2026-07-28 14:54:21
Osaka-Whse,SKU-189,0.8219109554777388,0.5839598997493735,2026-07-31 14:54:21
Rotterdam-Whse,SKU-134,0.6838419209604802,0.9273182957393483,2026-08-11 14:54:21
Sydney-Whse,SKU-374,0.935967983991996,0.44360902255639095,2026-07-31 14:54:21
Seattle-Whse,SKU-229,0.9224612306153076,0.6716791979949874,2026-07-17 14:54:21
Rotterdam-Whse,SKU-249,0.2236118059029515,0.14285714285714285,2026-08-08 14:54:21
London-Whse,SKU-173,0.6728364182091046,0.9273182957393483,2026-08-08 14:54:21
Sydney-Whse,SKU-275,0.6598299149574788,0.8195488721804511,2026-07-27 14:54:21
Osaka-Whse,SKU-363,0.776888444222111,0.08771929824561403,2026-07-19 14:54:21
Seattle-Whse,SKU-001,0.03151575787893947,0.15288220551378445,2026-07-29 14:54:21
London-Whse,SKU-331,0.07253626813406704,0.6791979949874687,2026-07-26 14:54:21
Osaka-Whse,SKU-452,0.8814407203601801,0.9649122807017544,2026-07-19 14:54:21
Rotterdam-Whse,SKU-479,0.10005002501250625,0.9849624060150376,2026-07-22 14:54:21
Seattle-Whse,SKU-179,0.25362681340670334,0.6741854636591479,2026-08-02 14:54:21
Seattle-Whse,SKU-488,0.28864432216108055,0.8446115288220551,2026-07-14 14:54:21
Sydney-Whse,SKU-245,0.3781890945472736,0.17794486215538846,2026-07-16 14:54:21
Sydney-Whse,SKU-049,0.759879939969985,0.8646616541353384,2026-07-13 14:54:21
Sydney-Whse,SKU-177,0.9939969984992496,0.40100250626566414,2026-07-21 14:54:21
Seattle-Whse,SKU-284,0.9399699849924963,0.6491228070175439,2026-08-10 14:54:21
Sydney-Whse,SKU-110,0.40820410205102553,0.9598997493734336,2026-08-01 14:54:21
Rotterdam-Whse,SKU-423,0.1965982991495748,0.5864661654135338,2026-08-02 14:54:21
Sydney-Whse,SKU-151,0.7848924462231116,0.3082706766917293,2026-07-15 14:54:21
London-Whse,SKU-310,0.8299149574787393,0.9197994987468672,2026-07-31 14:54:21
London-Whse,SKU-078,0.29364682341170584,0.14786967418546365,2026-07-22 14:54:21
London-Whse,SKU-258,0.13906953476738368,0.5513784461152882,2026-07-29 14:54:21
Rotterdam-Whse,SKU-073,0.28264132066033015,0.8170426065162907,2026-07-14 14:54:21
London-Whse,SKU-381,0.6803401700850426,0.020050125313283207,2026-08-06 14:54:21
London-Whse,SKU-084,0.9329664832416208,0.8220551378446115,2026-07-31 14:54:21
Seattle-Whse,SKU-032,0.7208604302151076,0.8471177944862155,2026-08-11 14:54:21
Osaka-Whse,SKU-114,0.2031015507753877,0.06265664160401002,2026-07-30 14:54:21
London-Whse,SKU-233,0.5107553776888444,0.09022556390977443,2026-08-03 14:54:21
Sydney-Whse,SKU-496,0.6698349174587294,0.2631578947368421,2026-07-13 14:54:21
Seattle-Whse,SKU-130,0.15757878939469736,0.6390977443609023,2026-07-18 14:54:21
Rotterdam-Whse,SKU-299,0.45722861430715356,0.3082706766917293,2026-08-01 14:54:21
Seattle-Whse,SKU-319,0.4512256128064032,0.87468671679198,2026-07-16 14:54:21
Seattle-Whse,SKU-456,0.1425712856428214,0.08771929824561403,2026-07-25 14:54:21
Sydney-Whse,SKU-411,0.9544772386193097,0.6390977443609023,2026-07-25 14:54:21
London-Whse,SKU-254,0.25362681340670334,0.40350877192982454,2026-07-22 14:54:21
Rotterdam-Whse,SKU-481,0.35917958979489745,0.44360902255639095,2026-07-13 14:54:21
Sydney-Whse,SKU-459,0.5717858929464732,0.2932330827067669,2026-08-11 14:54:21
Seattle-Whse,SKU-424,0.15507753876938468,0.518796992481203,2026-07-17 14:54:21
Osaka-Whse,SKU-171,0.1570785392696348,0.7669172932330827,2026-07-19 14:54:21
Rotterdam-Whse,SKU-143,0.7718859429714857,0.23308270676691728,2026-07-29 14:54:21
Seattle-Whse,SKU-490,0.0030015007503751876,0.6842105263157895,2026-07-31 14:54:21
Osaka-Whse,SKU-434,0.17408704352176088,0.015037593984962405,2026-07-23 14:54:21
Rotterdam-Whse,SKU-012,0.9379689844922461,0.14035087719298245,2026-07-29 14:54:21
Osaka-Whse,SKU-233,0.3951975987993997,0.07268170426065163,2026-07-28 14:54:21
Osaka-Whse,SKU-095,0.9219609804902451,0.13784461152882205,2026-08-02 14:54:21
Rotterdam-Whse,SKU-147,0.18159079539769885,0.21553884711779447,2026-07-14 14:54:21
Rotterdam-Whse,SKU-428,0.8844422211105553,0.631578947368421,2026-07-16 14:54:21
London-Whse,SKU-004,0.688344172086043,0.2781954887218045,2026-08-11 14:54:21
Sydney-Whse,SKU-323,0.5817908954477239,0.8721804511278195,2026-07-20 14:54:21
Sydney-Whse,SKU-095,0.27613806903451726,0.002506265664160401,2026-07-21 14:54:21
Seattle-Whse,SKU-351,0.057528764382191094,0.2982456140350877,2026-07-30 14:54:21
Sydney-Whse,SKU-291,0.7288644322161081,0.020050125313283207,2026-07-28 14:54:21
Rotterdam-Whse,SKU-312,0.23711855927963982,0.022556390977443608,2026-07-18 14:54:21
Seattle-Whse,SKU-173,0.8804402201100551,0.02506265664160401,2026-08-07 14:54:21
Seattle-Whse,SKU-391,0.6753376688344173,0.20551378446115287,2026-07-23 14:54:21
Osaka-Whse,SKU-490,0.17208604302151076,0.6516290726817042,2026-07-27 14:54:21
Sydney-Whse,SKU-311,0.36518259129564784,0.22055137844611528,2026-08-07 14:54:21
London-Whse,SKU-334,0.6998499249624812,0.9223057644110275,2026-07-26 14:54:21
Sydney-Whse,SKU-208,0.4927463731865933,0.3408521303258145,2026-08-10 14:54:21
Rotterdam-Whse,SKU-463,0.9774887443721861,0.5388471177944862,2026-07-27 14:54:21
Sydney-Whse,SKU-179,0.6348174087043522,0.3182957393483709,2026-08-06 14:54:21
Sydney-Whse,SKU-293,0.38669334667333666,0.20300751879699247,2026-07-21 14:54:21
Osaka-Whse,SKU-307,0.28864432216108055,0.23809523809523808,2026-07-26 14:54:21
London-Whse,SKU-065,0.26013006503251623,0.9924812030075187,2026-08-08 14:54:21
Sydney-Whse,SKU-186,0.8469234617308654,0.07518796992481203,2026-07-20 14:54:21
Osaka-Whse,SKU-156,0.5412706353176588,0.022556390977443608,2026-07-18 14:54:21
London-Whse,SKU-356,0.6848424212106053,0.7042606516290727,2026-07-30 14:54:21
Sydney-Whse,SKU-017,0.7238619309654828,0.8095238095238095,2026-07-20 14:54:21
Rotterdam-Whse,SKU-459,0.7418709354677339,0.020050125313283207,2026-07-28 14:54:21
Sydney-Whse,SKU-421,0.9944972486243121,0.8270676691729323,2026-08-03 14:54:21
Rotterdam-Whse,SKU-498,0.5252626313156579,0.9924812030075187,2026-07-18 14:54:21
London-Whse,SKU-140,0.26013006503251623,0.5839598997493735,2026-07-15 14:54:21
Sydney-Whse,SKU-340,0.6338169084542271,0.8320802005012531,2026-07-16 14:54:21
Osaka-Whse,SKU-447,0.4942471235617809,0.7117794486215538,2026-07-21 14:54:21
Seattle-Whse,SKU-088,0.8209104552276139,0.7343358395989975,2026-07-14 14:54:21
Rotterdam-Whse,SKU-110,0.8949474737368684,0.2781954887218045,2026-07-29 14:54:21
Sydney-Whse,SKU-221,0.8924462231115557,0.12781954887218044,2026-08-10 14:54:21
Seattle-Whse,SKU-035,0.4827413706853427,0.09022556390977443,2026-07-29 14:54:21
Sydney-Whse,SKU-111,0.696848424212106,0.44110275689223055,2026-08-03 14:54:21
Rotterdam-Whse,SKU-471,0.8284142071035517,0.2606516290726817,2026-07-15 14:54:21
Osaka-Whse,SKU-422,0.14757378689344672,0.06015037593984962,2026-08-09 14:54:21
Sydney-Whse,SKU-327,0.0750375187593797,0.8621553884711779,2026-08-11 14:54:21
Sydney-Whse,SKU-452,0.2846423211605803,0.38847117794486213,2026-07-27 14:54:21
Rotterdam-Whse,SKU-462,0.9444722361180591,0.9047619047619048,2026-08-01 14:54:21
London-Whse,SKU-129,0.5247623811905953,0.7218045112781954,2026-07-26 14:54:21
Rotterdam-Whse,SKU-042,0.4822411205602801,0.17543859649122806,2026-07-18 14:54:21
Osaka-Whse,SKU-361,0.4497248624312156,0.6691729323308271,2026-07-17 14:54:21
Rotterdam-Whse,SKU-357,0.18159079539769885,0.7869674185463659,2026-07-22 14:54:21
London-Whse,SKU-365,0.39469734867433715,0.16040100250626566,2026-07-25 14:54:21
London-Whse,SKU-228,0.09954977488744372,0.5488721804511278,2026-07-23 14:54:21
London-Whse,SKU-484,0.6378189094547274,0.7468671679197995,2026-07-15 14:54:21
Seattle-Whse,SKU-430,0.5137568784392196,0.3508771929824561,2026-08-06 14:54:21
Sydney-Whse,SKU-153,0.8014007003501751,0.13533834586466165,2026-08-05 14:54:21
Seattle-Whse,SKU-331,0.9609804902451226,0.9398496240601504,2026-07-21 14:54:21
Sydney-Whse,SKU-461,0.31165582791395696,0.5363408521303258,2026-07-28 14:54:21
Rotterdam-Whse,SKU-230,0.8844422211105553,0.40601503759398494,2026-07-13 14:54:21
Sydney-Whse,SKU-253,0.9344672336168084,0.49624060150375937,2026-08-07 14:54:21
Osaka-Whse,SKU-413,0.7398699349674838,0.6591478696741855,2026-07-21 14:54:21
Rotterdam-Whse,SKU-359,0.5872936468234117,0.24812030075187969,2026-08-02 14:54:21
Sydney-Whse,SKU-196,0.2706353176588294,0.606516290726817,2026-08-02 14:54:21
Sydney-Whse,SKU-451,0.7788894447223612,0.38847117794486213,2026-07-21 14:54:21
Osaka-Whse,SKU-285,0.8534267133566783,0.10275689223057644,2026-07-15 14:54:21
Sydney-Whse,SKU-455,0.10055027513756878,0.5488721804511278,2026-08-08 14:54:21
Rotterdam-Whse,SKU-096,0.42671335667833915,0.5288220551378446,2026-07-27 14:54:21
London-Whse,SKU-262,0.9324662331165583,0.19047619047619047,2026-08-05 14:54:21
Osaka-Whse,SKU-334,0.8749374687343672,0.3132832080200501,2026-08-07 14:54:21
Sydney-Whse,SKU-088,0.6118059029514757,0.6766917293233082,2026-07-24 14:54:21
Seattle-Whse,SKU-198,0.5232616308154077,0.38095238095238093,2026-07-29 14:54:21
Sydney-Whse,SKU-151,0.1325662831415708,0.18045112781954886,2026-07-26 14:54:21
Sydney-Whse,SKU-032,0.44022011005502754,0.16040100250626566,2026-08-11 14:54:21
Sydney-Whse,SKU-424,0.008504252126063032,0.40852130325814534,2026-07-21 14:54:21
Seattle-Whse,SKU-239,0.7298649324662331,0.020050125313283207,2026-07-21 14:54:21
London-Whse,SKU-090,0.1855927963981991,0.7794486215538847,2026-07-28 14:54:21
Rotterdam-Whse,SKU-130,0.7948974487243622,0.731829573934837,2026-07-19 14:54:21
Seattle-Whse,SKU-224,0.7738869434717359,0.48621553884711777,2026-07-20 14:54:21
Sydney-Whse,SKU-368,0.8449224612306153,0.19298245614035087,2026-07-31 14:54:21
London-Whse,SKU-090,0.327663831915958,0.17794486215538846,2026-07-26 14:54:21
Seattle-Whse,SKU-348,0.6433216608304152,0.6766917293233082,2026-07-14 14:54:21
London-Whse,SKU-105,0.2096048024012006,0.17794486215538846,2026-08-02 14:54:21
Osaka-Whse,SKU-046,0.8824412206103052,0.2606516290726817,2026-07-30 14:54:21
Sydney-Whse,SKU-121,0.7613806903451726,0.10526315789473684,2026-07-31 14:54:21
Rotterdam-Whse,SKU-194,0.15507753876938468,0.5338345864661654,2026-07-28 14:54:21
Sydney-Whse,SKU-423,0.7063531765882941,0.46115288220551376,2026-07-27 14:54:21
Rotterdam-Whse,SKU-272,0.4122061030515258,0.2531328320802005,2026-07-25 14:54:21
Rotterdam-Whse,SKU-281,0.5227613806903452,0.6190476190476191,2026-07-16 14:54:21
Sydney-Whse,SKU-418,0.17108554277138568,1.0,2026-08-06 14:54:21
Rotterdam-Whse,SKU-143,0.9369684842421211,0.8947368421052632,2026-07-30 14:54:21
Sydney-Whse,SKU-449,0.11955977988994497,0.7293233082706767,2026-07-26 14:54:21
Osaka-Whse,SKU-048,0.9444722361180591,0.8947368421052632,2026-08-01 14:54:21
Seattle-Whse,SKU-068,0.26263131565782893,0.07268170426065163,2026-07-29 14:54:21
London-Whse,SKU-264,0.7308654327163582,0.8045112781954887,2026-08-07 14:54:21
London-Whse,SKU-202,0.0415207603801901,0.9398496240601504,2026-07-22 14:54:21
Rotterdam-Whse,SKU-496,0.6398199099549775,0.18295739348370926,2026-07-15 14:54:21
London-Whse,SKU-129,0.45872936468234116,0.5463659147869674,2026-07-14 14:54:21
Osaka-Whse,SKU-468,0.010505252626313157,0.44360902255639095,2026-07-27 14:54:21
Sydney-Whse,SKU-329,0.9559779889944973,0.44611528822055135,2026-07-26 14:54:21
Osaka-Whse,SKU-339,0.9479739869934968,0.8671679197994987,2026-07-24 14:54:21
Sydney-Whse,SKU-482,0.5032516258129065,0.12030075187969924,2026-07-16 14:54:21
Osaka-Whse,SKU-255,0.014507253626813406,0.21052631578947367,2026-07-22 14:54:21
Osaka-Whse,SKU-329,0.3046523261630815,0.18796992481203006,2026-07-28 14:54:21
Sydney-Whse,SKU-249,0.9379689844922461,0.3333333333333333,2026-07-25 14:54:21
Sydney-Whse,SKU-228,0.799399699849925,0.6691729323308271,2026-08-03 14:54:21
Osaka-Whse,SKU-144,0.2556278139069535,0.9624060150375939,2026-08-08 14:54:21
London-Whse,SKU-449,0.2816408204102051,0.7568922305764411,2026-08-09 14:54:21
Sydney-Whse,SKU-306,0.27813906953476736,0.10275689223057644,2026-07-23 14:54:21
Seattle-Whse,SKU-488,0.016008004002001,0.2832080200501253,2026-07-31 14:54:21
Osaka-Whse,SKU-056,0.7898949474737369,0.5288220551378446,2026-08-03 14:54:21
Osaka-Whse,SKU-270,0.0975487743871936,0.3107769423558897,2026-07-28 14:54:21
Seattle-Whse,SKU-083,0.3706853426713357,0.3408521303258145,2026-07-16 14:54:21
Seattle-Whse,SKU-207,0.46623311655827915,0.7644110275689223,2026-07-20 14:54:21
London-Whse,SKU-213,0.9449724862431216,0.09022556390977443,2026-07-17 14:54:21
London-Whse,SKU-293,0.08904452226113056,0.39849624060150374,2026-07-30 14:54:21
London-Whse,SKU-169,0.6678339169584793,0.19799498746867167,2026-07-29 14:54:21
Seattle-Whse,SKU-372,0.2511255627813907,0.14285714285714285,2026-07-22 14:54:21
London-Whse,SKU-073,0.12356178089044523,0.3157894736842105,2026-07-24 14:54:21
London-Whse,SKU-128,0.7828914457228614,0.23308270676691728,2026-07-15 14:54:21
London-Whse,SKU-071,0.2961480740370185,0.9949874686716792,2026-07-28 14:54:21
London-Whse,SKU-108,0.30665332666333167,0.22556390977443608,2026-07-14 14:54:21
Sydney-Whse,SKU-016,0.5667833916958479,0.656641604010025,2026-07-14 14:54:21
Seattle-Whse,SKU-095,0.647823911955978,0.6165413533834586,2026-08-03 14:54:21
Osaka-Whse,SKU-206,0.17208604302151076,0.7944862155388471,2026-07-13 14:54:21
London-Whse,SKU-067,0.4932466233116558,0.11278195488721804,2026-07-24 14:54:21
Rotterdam-Whse,SKU-229,0.9874937468734367,0.7518796992481203,2026-07-15 14:54:21
Osaka-Whse,SKU-199,0.2481240620310155,0.8395989974937343,2026-08-04 14:54:21
Seattle-Whse,SKU-461,0.9269634817408704,0.6892230576441103,2026-07-25 14:54:21
Sydney-Whse,SKU-006,0.6818409204602301,0.2681704260651629,2026-07-14 14:54:21
London-Whse,SKU-071,0.46923461730865434,0.849624060150376,2026-08-10 14:54:21
London-Whse,SKU-327,0.5282641320660331,0.3558897243107769,2026-07-23 14:54:21
Sydney-Whse,SKU-217,0.9624812406203102,0.8872180451127819,2026-08-10 14:54:21
Seattle-Whse,SKU-054,0.35967983991996,0.19799498746867167,2026-08-01 14:54:21
London-Whse,SKU-433,0.49724862431215605,0.37593984962406013,2026-07-20 14:54:21
Sydney-Whse,SKU-448,0.5292646323161581,0.8721804511278195,2026-07-28 14:54:21
Sydney-Whse,SKU-054,0.38519259629814906,0.6541353383458647,2026-07-20 14:54:21
Osaka-Whse,SKU-082,0.4307153576788394,0.010025062656641603,2026-07-29 14:54:21
Seattle-Whse,SKU-139,0.352176088044022,0.3433583959899749,2026-08-03 14:54:21
London-Whse,SKU-044,0.4287143571785893,0.7218045112781954,2026-07-16 14:54:21
Osaka-Whse,SKU-396,0.12856428214107055,0.0,2026-08-11 14:54:21
Seattle-Whse,SKU-381,0.144072036018009,0.2556390977443609,2026-08-08 14:54:21
Sydney-Whse,SKU-084,0.9779889944972486,0.06265664160401002,2026-07-28 14:54:21
Seattle-Whse,SKU-422,0.8389194597298649,0.8646616541353384,2026-07-29 14:54:21
Osaka-Whse,SKU-135,0.5392696348174087,0.13784461152882205,2026-07-20 14:54:21
London-Whse,SKU-319,0.45972986493246626,0.8471177944862155,2026-08-03 14:54:21
Rotterdam-Whse,SKU-132,0.24612306153076538,0.10275689223057644,2026-07-29 14:54:21
London-Whse,SKU-126,0.9419709854927464,0.7393483709273183,2026-07-24 14:54:21
Sydney-Whse,SKU-298,0.4427213606803402,0.49122807017543857,2026-08-07 14:54:21
Sydney-Whse,SKU-425,0.2861430715357679,0.45614035087719296,2026-07-15 14:54:21
Seattle-Whse,SKU-367,0.5162581290645323,0.5137844611528822,2026-08-06 14:54:21
London-Whse,SKU-104,0.5747873936968484,0.08270676691729323,2026-08-07 14:54:21
Seattle-Whse,SKU-298,0.1345672836418209,0.7218045112781954,2026-07-21 14:54:21
Osaka-Whse,SKU-092,0.8179089544772387,0.21553884711779447,2026-08-02 14:54:21
Seattle-Whse,SKU-124,0.6133066533266633,0.07769423558897243,2026-08-07 14:54:21
London-Whse,SKU-039,0.04652326163081541,0.022556390977443608,2026-07-20 14:54:21
London-Whse,SKU-244,0.028514257128564282,0.8922305764411027,2026-08-01 14:54:21
Rotterdam-Whse,SKU-357,0.058029014507253625,0.3383458646616541,2026-08-05 14:54:21
Sydney-Whse,SKU-101,0.7018509254627313,0.38596491228070173,2026-07-25 14:54:21
Seattle-Whse,SKU-130,0.903951975987994,0.03258145363408521,2026-07-26 14:54:21
London-Whse,SKU-454,0.3691845922961481,0.040100250626566414,2026-07-30 14:54:21
London-Whse,SKU-360,0.03151575787893947,0.9423558897243107,2026-07-14 14:54:21
London-Whse,SKU-112,0.05052526263131566,0.12030075187969924,2026-07-22 14:54:21
Rotterdam-Whse,SKU-023,0.42171085542771386,0.46115288220551376,2026-07-14 14:54:21
Rotterdam-Whse,SKU-390,0.5862931465732867,0.8170426065162907,2026-08-01 14:54:21
Seattle-Whse,SKU-464,0.32216108054027015,0.9974937343358395,2026-07-22 14:54:21
Osaka-Whse,SKU-132,0.6103051525762881,0.3358395989974937,2026-08-09 14:54:21
London-Whse,SKU-377,0.7113556778389195,0.5488721804511278,2026-08-10 14:54:21
Seattle-Whse,SKU-005,0.8034017008504252,0.8546365914786967,2026-07-26 14:54:21
Seattle-Whse,SKU-426,0.6773386693346674,0.48120300751879697,2026-07-28 14:54:21
Rotterdam-Whse,SKU-236,0.4027013506753377,0.7443609022556391,2026-07-19 14:54:21
Sydney-Whse,SKU-312,0.8034017008504252,0.5764411027568922,2026-07-20 14:54:21
Seattle-Whse,SKU-182,0.2666333166583292,0.706766917293233,2026-08-03 14:54:21
Osaka-Whse,SKU-445,0.5417708854427213,0.9799498746867168,2026-07-31 14:54:21
Rotterdam-Whse,SKU-390,0.6178089044522261,0.38596491228070173,2026-07-30 14:54:21
Seattle-Whse,SKU-122,0.6383191595797899,0.3508771929824561,2026-08-08 14:54:21
London-Whse,SKU-362,0.9279639819909955,0.38095238095238093,2026-07-14 14:54:21
London-Whse,SKU-048,0.6703351675837919,0.040100250626566414,2026-08-04 14:54:21
Rotterdam-Whse,SKU-345,0.8024012006003002,0.21052631578947367,2026-07-17 14:54:21
Sydney-Whse,SKU-496,0.5597798899449725,0.6240601503759399,2026-07-22 14:54:21
Seattle-Whse,SKU-301,0.9044522261130565,0.42105263157894735,2026-07-30 14:54:21
Seattle-Whse,SKU-198,0.9414707353676839,0.2631578947368421,2026-08-07 14:54:21
Rotterdam-Whse,SKU-280,0.6763381690845423,0.9423558897243107,2026-08-02 14:54:21
Rotterdam-Whse,SKU-035,0.07803901950975488,0.9799498746867168,2026-07-26 14:54:21
London-Whse,SKU-240,0.10305152576288144,0.6115288220551378,2026-07-14 14:54:21
Sydney-Whse,SKU-306,0.824912456228114,0.05764411027568922,2026-08-07 14:54:21
London-Whse,SKU-267,0.4332166083041521,0.5213032581453634,2026-07-16 14:54:21
Rotterdam-Whse,SKU-492,0.41720860430215106,0.002506265664160401,2026-08-08 14:54:21
Osaka-Whse,SKU-148,0.927463731865933,0.8195488721804511,2026-08-10 14:54:21
Osaka-Whse,SKU-083,0.5327663831915957,0.38847117794486213,2026-07-14 14:54:21
Sydney-Whse,SKU-107,0.6538269134567284,0.46867167919799496,2026-08-03 14:54:21
Osaka-Whse,SKU-133,0.6473236618309155,0.2731829573934837,2026-08-03 14:54:21
London-Whse,SKU-346,0.14607303651825912,0.3558897243107769,2026-08-03 14:54:21
London-Whse,SKU-245,0.7303651825912957,0.849624060150376,2026-07-16 14:54:21
Sydney-Whse,SKU-060,0.8109054527263632,0.47869674185463656,2026-08-05 14:54:21
Seattle-Whse,SKU-255,0.7288644322161081,0.015037593984962405,2026-07-13 14:54:21
Rotterdam-Whse,SKU-028,0.1325662831415708,0.706766917293233,2026-07-30 14:54:21
Osaka-Whse,SKU-470,0.3811905952976488,0.46867167919799496,2026-08-01 14:54:21
Sydney-Whse,SKU-319,0.9309654827413707,0.24561403508771928,2026-08-11 14:54:21
Rotterdam-Whse,SKU-451,0.6028014007003502,0.8170426065162907,2026-07-14 14:54:21
Rotterdam-Whse,SKU-402,0.8339169584792396,0.6666666666666666,2026-08-06 14:54:21
Osaka-Whse,SKU-179,0.8609304652326163,0.042606516290726815,2026-07-28 14:54:21
Rotterdam-Whse,SKU-401,0.304152076038019,0.08270676691729323,2026-07-13 14:54:21
Rotterdam-Whse,SKU-393,0.46773386693346675,0.7493734335839599,2026-07-16 14:54:21
Rotterdam-Whse,SKU-111,0.7163581790895448,0.6165413533834586,2026-08-05 14:54:21
Sydney-Whse,SKU-432,0.6753376688344173,0.5288220551378446,2026-07-22 14:54:21
London-Whse,SKU-177,0.21310655327663833,0.568922305764411,2026-07-24 14:54:21
Osaka-Whse,SKU-418,0.12356178089044523,0.5213032581453634,2026-07-19 14:54:21
Seattle-Whse,SKU-438,0.896448224112056,0.2631578947368421,2026-07-15 14:54:21
Sydney-Whse,SKU-271,0.060030015007503754,0.6115288220551378,2026-07-14 14:54:21
Osaka-Whse,SKU-430,0.1135567783891946,0.924812030075188,2026-08-03 14:54:21
Osaka-Whse,SKU-194,0.32866433216608304,0.3609022556390977,2026-08-03 14:54:21
Osaka-Whse,SKU-418,0.9944972486243121,0.47869674185463656,2026-07-31 14:54:21
Sydney-Whse,SKU-446,0.7498749374687343,0.03759398496240601,2026-07-29 14:54:21
London-Whse,SKU-002,0.7638819409704852,0.5789473684210527,2026-07-14 14:54:21
London-Whse,SKU-382,0.7938969484742371,0.7418546365914787,2026-07-23 14:54:21
Osaka-Whse,SKU-155,0.31615807903951976,0.12531328320802004,2026-08-10 14:54:21
Rotterdam-Whse,SKU-392,0.26163081540770383,0.8872180451127819,2026-07-30 14:54:21
Osaka-Whse,SKU-205,0.8774387193596799,0.8195488721804511,2026-07-28 14:54:21
Sydney-Whse,SKU-041,0.7413706853426714,0.6942355889724311,2026-07-22 14:54:21
London-Whse,SKU-195,0.5472736368184092,0.6741854636591479,2026-07-28 14:54:21
Seattle-Whse,SKU-308,0.7253626813406704,0.49624060150375937,2026-07-31 14:54:21
Rotterdam-Whse,SKU-283,0.840920460230115,0.03007518796992481,2026-08-01 14:54:21
Seattle-Whse,SKU-230,0.04202101050525263,0.40350877192982454,2026-07-30 14:54:21
Sydney-Whse,SKU-371,0.7933966983491746,0.5363408521303258,2026-08-11 14:54:21
Seattle-Whse,SKU-412,0.8294147073536768,0.7192982456140351,2026-08-04 14:54:21
Osaka-Whse,SKU-398,0.10755377688844422,0.5989974937343359,2026-07-14 14:54:21
London-Whse,SKU-319,0.8089044522261131,0.3533834586466165,2026-07-13 14:54:21
Rotterdam-Whse,SKU-041,0.8874437218609305,0.005012531328320802,2026-07-13 14:54:21
Rotterdam-Whse,SKU-228,0.2031015507753877,0.042606516290726815,2026-07-29 14:54:21
London-Whse,SKU-074,0.44372186093046523,0.8295739348370927,2026-07-22 14:54:21
Seattle-Whse,SKU-264,0.8479239619809905,0.8421052631578947,2026-08-03 14:54:21
Sydney-Whse,SKU-206,0.9464732366183092,0.020050125313283207,2026-07-18 14:54:21
Osaka-Whse,SKU-346,0.15157578789394696,0.2857142857142857,2026-07-19 14:54:21
London-Whse,SKU-186,0.22461230615307654,0.2832080200501253,2026-07-25 14:54:21
Sydney-Whse,SKU-203,0.0005002501250625312,0.19298245614035087,2026-08-08 14:54:21
Osaka-Whse,SKU-117,0.054527263631815905,0.41604010025062654,2026-08-03 14:54:21
Seattle-Whse,SKU-455,0.18509254627313657,0.8421052631578947,2026-07-17 14:54:21
Sydney-Whse,SKU-459,0.5227613806903452,0.5238095238095238,2026-07-26 14:54:21
London-Whse,SKU-272,0.7568784392196098,0.8095238095238095,2026-07-13 14:54:21
London-Whse,SKU-278,0.8374187093546773,0.8521303258145363,2026-07-18 14:54:21
Seattle-Whse,SKU-080,0.21260630315157578,0.13533834586466165,2026-08-03 14:54:21
Rotterdam-Whse,SKU-441,0.016508254127063533,0.8220551378446115,2026-07-30 14:54:21
London-Whse,SKU-252,0.7268634317158579,0.3107769423558897,2026-08-01 14:54:21
Osaka-Whse,SKU-317,0.060530265132566284,0.08521303258145363,2026-08-07 14:54:21
Seattle-Whse,SKU-487,0.8374187093546773,0.02756892230576441,2026-07-14 14:54:21
Rotterdam-Whse,SKU-147,0.5502751375687844,0.16791979949874686,2026-07-29 14:54:21
London-Whse,SKU-059,0.38469234617308656,0.6340852130325815,2026-08-04 14:54:21
Rotterdam-Whse,SKU-461,0.13806903451725863,0.5488721804511278,2026-08-11 14:54:21
Sydney-Whse,SKU-101,0.42671335667833915,0.3032581453634085,2026-07-17 14:54:21
Rotterdam-Whse,SKU-075,0.6773386693346674,0.5914786967418546,2026-08-10 14:54:21
Rotterdam-Whse,SKU-240,0.2526263131565783,0.41102756892230574,2026-07-29 14:54:21
Sydney-Whse,SKU-211,0.9784892446223111,0.6917293233082706,2026-07-19 14:54:21
Osaka-Whse,SKU-233,0.1875937968984492,0.02756892230576441,2026-07-27 14:54:21
Rotterdam-Whse,SKU-431,0.8244122061030515,0.6766917293233082,2026-08-09 14:54:21
Seattle-Whse,SKU-141,0.47723861930965483,0.3082706766917293,2026-07-30 14:54:21
Rotterdam-Whse,SKU-206,0.7398699349674838,0.7192982456140351,2026-08-09 14:54:21
Sydney-Whse,SKU-210,0.567783891945973,0.3533834586466165,2026-07-27 14:54:21
Seattle-Whse,SKU-500,0.9119559779889945,0.8270676691729323,2026-07-30 14:54:21
Rotterdam-Whse,SKU-188,0.2541270635317659,0.16791979949874686,2026-07-14 14:54:21
Osaka-Whse,SKU-110,0.4502251125562781,0.40852130325814534,2026-08-11 14:54:21
Osaka-Whse,SKU-251,0.22461230615307654,0.9849624060150376,2026-08-09 14:54:21
Sydney-Whse,SKU-296,0.1485742871435718,0.8195488721804511,2026-07-29 14:54:21
Osaka-Whse,SKU-073,0.18659329664832416,0.10025062656641603,2026-07-13 14:54:21
London-Whse,SKU-099,0.4547273636818409,0.9949874686716792,2026-07-22 14:54:21
Sydney-Whse,SKU-128,0.6178089044522261,0.7117794486215538,2026-07-20 14:54:21
Sydney-Whse,SKU-159,0.9439719859929965,0.581453634085213,2026-08-05 14:54:21
Sydney-Whse,SKU-189,0.3311655827913957,0.017543859649122806,2026-07-31 14:54:21
London-Whse,SKU-016,0.3326663331665833,0.39097744360902253,2026-07-14 14:54:21
Sydney-Whse,SKU-161,0.17508754377188596,0.43358395989974935,2026-07-14 14:54:21
Seattle-Whse,SKU-018,0.24262131065532766,0.9172932330827067,2026-07-27 14:54:21
Rotterdam-Whse,SKU-421,0.1345672836418209,0.8972431077694235,2026-08-08 14:54:21
London-Whse,SKU-309,0.36818409204602304,0.40852130325814534,2026-07-13 14:54:21
London-Whse,SKU-122,0.6433216608304152,0.42355889724310775,2026-08-02 14:54:21
London-Whse,SKU-172,0.17858929464732365,0.03007518796992481,2026-07-22 14:54:21
Seattle-Whse,SKU-232,0.7498749374687343,0.39849624060150374,2026-07-27 14:54:21
Sydney-Whse,SKU-061,0.8289144572286143,0.22305764411027568,2026-08-05 14:54:21
Osaka-Whse,SKU-003,0.13956978489244623,0.2907268170426065,2026-08-10 14:54:21
Osaka-Whse,SKU-340,0.9554777388694348,0.7443609022556391,2026-07-23 14:54:21
Seattle-Whse,SKU-082,0.6908454227113556,0.3684210526315789,2026-08-06 14:54:21
Osaka-Whse,SKU-185,0.21260630315157578,0.6290726817042607,2026-07-18 14:54:21
Seattle-Whse,SKU-169,0.2571285642821411,0.9097744360902256,2026-08-01 14:54:21
Seattle-Whse,SKU-083,0.1645822911455728,0.44611528822055135,2026-08-07 14:54:21
Seattle-Whse,SKU-353,0.9034517258629314,0.8596491228070176,2026-07-13 14:54:21
London-Whse,SKU-250,0.6593296648324162,0.49373433583959897,2026-07-28 14:54:21
London-Whse,SKU-214,0.8334167083541771,0.39097744360902253,2026-07-14 14:54:21
Sydney-Whse,SKU-322,0.3691845922961481,0.11027568922305764,2026-08-03 14:54:21
Rotterdam-Whse,SKU-242,0.8824412206103052,0.9849624060150376,2026-07-29 14:54:21
Sydney-Whse,SKU-273,0.8014007003501751,0.015037593984962405,2026-08-03 14:54:21
Sydney-Whse,SKU-292,0.38369184592296146,0.16541353383458646,2026-07-17 14:54:21
Sydney-Whse,SKU-489,0.4627313656828414,0.21553884711779447,2026-07-15 14:54:21
Sydney-Whse,SKU-072,0.10055027513756878,0.14536340852130325,2026-07-23 14:54:21
Sydney-Whse,SKU-157,0.6023011505752877,0.531328320802005,2026-08-11 14:54:21
Rotterdam-Whse,SKU-418,0.5977988994497249,0.9122807017543859,2026-07-29 14:54:21
Sydney-Whse,SKU-163,0.47723861930965483,0.05764411027568922,2026-07-26 14:54:21
Seattle-Whse,SKU-366,0.19459729864932465,0.7343358395989975,2026-08-11 14:54:21
Sydney-Whse,SKU-041,0.783391695847924,0.08771929824561403,2026-08-03 14:54:21
Seattle-Whse,SKU-253,0.9869934967483742,0.9122807017543859,2026-07-20 14:54:21
Sydney-Whse,SKU-369,0.7463731865932967,0.9674185463659147,2026-07-17 14:54:21
Osaka-Whse,SKU-061,0.13056528264132067,0.6892230576441103,2026-07-28 14:54:21
Sydney-Whse,SKU-430,0.07003501750875438,0.581453634085213,2026-07-20 14:54:21
London-Whse,SKU-459,0.8269134567283641,0.16290726817042606,2026-07-13 14:54:21
Rotterdam-Whse,SKU-287,0.599799899949975,0.3057644110275689,2026-08-05 14:54:21
Rotterdam-Whse,SKU-492,0.0015007503751875938,0.47368421052631576,2026-07-27 14:54:21
London-Whse,SKU-250,0.83991995997999,0.8621553884711779,2026-07-13 14:54:21
Sydney-Whse,SKU-453,0.0785392696348174,0.16040100250626566,2026-08-07 14:54:21
Rotterdam-Whse,SKU-418,0.7318659329664833,0.07017543859649122,2026-07-25 14:54:21
Seattle-Whse,SKU-094,0.3741870935467734,0.8045112781954887,2026-07-24 14:54:21
Rotterdam-Whse,SKU-246,0.7113556778389195,0.07769423558897243,2026-07-23 14:54:21
Sydney-Whse,SKU-206,0.8774387193596799,0.48621553884711777,2026-07-26 14:54:21
Rotterdam-Whse,SKU-461,0.17208604302151076,0.20300751879699247,2026-08-11 14:54:21
Sydney-Whse,SKU-183,0.4822411205602801,0.9649122807017544,2026-07-13 14:54:21
Seattle-Whse,SKU-157,0.18609304652326164,0.9047619047619048,2026-08-08 14:54:21
Seattle-Whse,SKU-192,0.6823411705852926,0.7468671679197995,2026-07-17 14:54:21
London-Whse,SKU-140,0.15257628814407204,0.48872180451127817,2026-07-14 14:54:21
London-Whse,SKU-457,0.17958979489744872,0.7669172932330827,2026-07-19 14:54:21
Sydney-Whse,SKU-354,0.5532766383191596,0.8345864661654135,2026-08-07 14:54:21
Rotterdam-Whse,SKU-412,0.3826913456728364,0.9849624060150376,2026-07-19 14:54:21
Seattle-Whse,SKU-180,0.871935967983992,0.681704260651629,2026-08-11 14:54:21
London-Whse,SKU-021,0.9869934967483742,0.9172932330827067,2026-07-26 14:54:21
Rotterdam-Whse,SKU-022,0.4182091045522761,0.08771929824561403,2026-07-17 14:54:21
Sydney-Whse,SKU-440,0.5482741370685342,0.22556390977443608,2026-07-27 14:54:21
London-Whse,SKU-402,0.6348174087043522,0.24561403508771928,2026-07-28 14:54:21
Osaka-Whse,SKU-044,0.8789394697348675,0.24060150375939848,2026-08-08 14:54:21
Rotterdam-Whse,SKU-030,0.3966983491745873,0.21052631578947367,2026-08-07 14:54:21
Rotterdam-Whse,SKU-121,0.9114557278639319,0.6190476190476191,2026-07-19 14:54:21
Sydney-Whse,SKU-445,0.3921960980490245,0.5213032581453634,2026-08-10 14:54:21
Osaka-Whse,SKU-225,0.4497248624312156,0.9824561403508771,2026-08-10 14:54:21
Rotterdam-Whse,SKU-123,0.6588294147073537,0.43107769423558895,2026-07-28 14:54:21
Rotterdam-Whse,SKU-426,0.961480740370185,0.42105263157894735,2026-07-18 14:54:21
Osaka-Whse,SKU-309,0.8274137068534267,0.3007518796992481,2026-07-19 14:54:21
Rotterdam-Whse,SKU-343,0.16558279139569784,0.8521303258145363,2026-07-22 14:54:21
Seattle-Whse,SKU-182,0.8504252126063031,0.6591478696741855,2026-07-25 14:54:21
Rotterdam-Whse,SKU-182,0.7338669334667334,0.6265664160401002,2026-08-02 14:54:21
Osaka-Whse,SKU-239,0.22661330665332666,0.9273182957393483,2026-07-26 14:54:21
Osaka-Whse,SKU-293,0.04552276138069034,0.518796992481203,2026-07-31 14:54:21
Osaka-Whse,SKU-085,0.9254627313656828,0.37844611528822053,2026-07-15 14:54:21
Sydney-Whse,SKU-021,0.080040020010005,0.9649122807017544,2026-08-07 14:54:21
Rotterdam-Whse,SKU-156,0.07103551775887944,0.6416040100250626,2026-08-01 14:54:21
London-Whse,SKU-050,0.017008504252126064,0.5588972431077694,2026-07-15 14:54:21
Seattle-Whse,SKU-408,0.863431715857929,0.9699248120300752,2026-07-19 14:54:21
Sydney-Whse,SKU-297,0.16108054027013508,0.7593984962406015,2026-07-21 14:54:21
Osaka-Whse,SKU-039,0.25212606303151575,0.6015037593984962,2026-07-18 14:54:21
London-Whse,SKU-496,0.5702851425712856,0.8546365914786967,2026-07-25 14:54:21
Osaka-Whse,SKU-445,0.9379689844922461,0.568922305764411,2026-08-07 14:54:21
Sydney-Whse,SKU-411,0.9579789894947474,0.2756892230576441,2026-07-26 14:54:21
Osaka-Whse,SKU-052,0.3661830915457729,0.7593984962406015,2026-07-19 14:54:21
Rotterdam-Whse,SKU-118,0.9734867433716858,0.6967418546365914,2026-08-05 14:54:21
Seattle-Whse,SKU-127,0.6583291645822912,0.015037593984962405,2026-07-13 14:54:21
Sydney-Whse,SKU-338,0.43121560780390195,0.6942355889724311,2026-07-29 14:54:21
Osaka-Whse,SKU-227,0.4562281140570285,0.6867167919799498,2026-08-05 14:54:21
Sydney-Whse,SKU-292,0.6473236618309155,0.39097744360902253,2026-07-15 14:54:21
Seattle-Whse,SKU-089,0.51975987993997,0.6215538847117794,2026-08-10 14:54:21
Osaka-Whse,SKU-104,0.14957478739369684,0.5864661654135338,2026-08-06 14:54:21
Rotterdam-Whse,SKU-444,0.13656828414207103,0.6516290726817042,2026-07-28 14:54:21
London-Whse,SKU-115,0.13356678339169584,0.02756892230576441,2026-08-03 14:54:21
Osaka-Whse,SKU-406,0.9204602301150575,0.44360902255639095,2026-07-27 14:54:21
London-Whse,SKU-434,0.6413206603301651,1.0,2026-07-29 14:54:21
Seattle-Whse,SKU-486,0.8019009504752376,0.14536340852130325,2026-08-10 14:54:21
Osaka-Whse,SKU-075,0.5567783891945973,0.8922305764411027,2026-07-17 14:54:21
London-Whse,SKU-218,0.24262131065532766,0.06766917293233082,2026-08-10 14:54:21
Osaka-Whse,SKU-144,0.18959479739869936,0.7819548872180451,2026-07-20 14:54:21
Sydney-Whse,SKU-277,0.3071535767883942,0.7844611528822055,2026-08-07 14:54:21
Seattle-Whse,SKU-433,0.23011505752876438,0.9974937343358395,2026-07-15 14:54:21
Rotterdam-Whse,SKU-471,0.8339169584792396,0.11528822055137844,2026-07-25 14:54:21
London-Whse,SKU-446,0.35317658829414705,0.2556390977443609,2026-08-04 14:54:21
Rotterdam-Whse,SKU-089,0.12256128064032017,0.14285714285714285,2026-08-03 14:54:21
London-Whse,SKU-460,0.5462731365682841,0.7543859649122807,2026-07-18 14:54:21
Seattle-Whse,SKU-377,0.5292646323161581,0.03508771929824561,2026-08-02 14:54:21
Osaka-Whse,SKU-384,0.03651825912956478,0.8596491228070176,2026-08-09 14:54:21
Sydney-Whse,SKU-038,0.6103051525762881,0.6992481203007519,2026-07-24 14:54:21
Seattle-Whse,SKU-044,0.4842421210605303,0.38345864661654133,2026-07-18 14:54:21
Rotterdam-Whse,SKU-498,0.4657328664332166,0.3533834586466165,2026-07-19 14:54:21
Osaka-Whse,SKU-399,0.12706353176588295,0.556390977443609,2026-07-19 14:54:21
Sydney-Whse,SKU-125,0.11455727863931967,0.13032581453634084,2026-07-17 14:54:21
Sydney-Whse,SKU-467,0.9349674837418709,0.7293233082706767,2026-08-07 14:54:21
Rotterdam-Whse,SKU-283,0.0005002501250625312,0.05263157894736842,2026-08-10 14:54:21
London-Whse,SKU-236,0.951975987993997,0.040100250626566414,2026-08-08 14:54:21
Osaka-Whse,SKU-403,0.768384192096048,0.7167919799498746,2026-07-20 14:54:21
London-Whse,SKU-091,0.41270635317658827,0.7794486215538847,2026-07-22 14:54:21
Seattle-Whse,SKU-214,0.021010505252626314,0.18295739348370926,2026-07-25 14:54:21
Seattle-Whse,SKU-049,0.951975987993997,0.9097744360902256,2026-07-15 14:54:21
Seattle-Whse,SKU-209,0.5612806403201601,0.46867167919799496,2026-07-25 14:54:21
London-Whse,SKU-404,0.112056028014007,0.40100250626566414,2026-08-08 14:54:21
Sydney-Whse,SKU-141,0.1585792896448224,0.48872180451127817,2026-07-20 14:54:21
Sydney-Whse,SKU-344,0.5317658829414708,0.5939849624060151,2026-07-13 14:54:21
London-Whse,SKU-222,0.6523261630815408,0.5614035087719298,2026-08-03 14:54:21
Osaka-Whse,SKU-280,0.688344172086043,0.09523809523809523,2026-07-18 14:54:21
London-Whse,SKU-109,0.48724362181090547,0.15037593984962405,2026-08-03 14:54:21
Seattle-Whse,SKU-425,0.6108054027013506,0.6892230576441103,2026-07-31 14:54:21
London-Whse,SKU-405,0.6473236618309155,0.10275689223057644,2026-07-14 14:54:21
London-Whse,SKU-152,0.06503251625812906,0.2832080200501253,2026-08-11 14:54:21
Sydney-Whse,SKU-054,0.9369684842421211,0.7393483709273183,2026-08-01 14:54:21
Osaka-Whse,SKU-093,0.6418209104552276,0.7017543859649122,2026-08-08 14:54:21
London-Whse,SKU-192,0.3181590795397699,0.7393483709273183,2026-07-15 14:54:21
Sydney-Whse,SKU-392,0.6823411705852926,0.08521303258145363,2026-07-31 14:54:21
Osaka-Whse,SKU-047,0.3321660830415208,0.5939849624060151,2026-08-03 14:54:21
Sydney-Whse,SKU-448,0.9909954977488744,0.3107769423558897,2026-07-28 14:54:21
Rotterdam-Whse,SKU-492,0.5942971485742872,0.556390977443609,2026-07-14 14:54:21
Seattle-Whse,SKU-404,0.22511255627813906,0.8571428571428571,2026-08-04 14:54:21
Sydney-Whse,SKU-461,0.7078539269634817,0.9724310776942355,2026-07-18 14:54:21
Sydney-Whse,SKU-381,0.8204102051025512,0.010025062656641603,2026-08-04 14:54:21
London-Whse,SKU-004,0.8524262131065533,0.7894736842105263,2026-07-21 14:54:21
Rotterdam-Whse,SKU-205,0.17708854427213608,0.8095238095238095,2026-08-11 14:54:21
Seattle-Whse,SKU-139,0.647823911955978,0.48872180451127817,2026-07-14 14:54:21
London-Whse,SKU-230,0.36368184092046024,0.6090225563909775,2026-08-03 14:54:21
Osaka-Whse,SKU-200,0.4227113556778389,0.19548872180451127,2026-07-22 14:54:21
Sydney-Whse,SKU-271,0.8989494747373686,0.0,2026-07-23 14:54:21
Seattle-Whse,SKU-420,0.06453226613306653,0.8145363408521303,2026-08-10 14:54:21
Rotterdam-Whse,SKU-007,0.4257128564282141,0.6015037593984962,2026-08-03 14:54:21
Seattle-Whse,SKU-115,0.4502251125562781,0.2531328320802005,2026-07-25 14:54:21
Seattle-Whse,SKU-025,0.3601800900450225,0.3558897243107769,2026-08-07 14:54:21
Seattle-Whse,SKU-149,0.8584292146073037,0.13533834586466165,2026-07-20 14:54:21
Rotterdam-Whse,SKU-138,0.1040520260130065,0.46115288220551376,2026-08-11 14:54:21
Sydney-Whse,SKU-112,0.1310655327663832,0.18796992481203006,2026-08-04 14:54:21
Osaka-Whse,SKU-254,0.0,0.3684210526315789,2026-07-31 14:54:21
London-Whse,SKU-474,0.9019509754877438,0.37343358395989973,2026-08-11 14:54:21
Seattle-Whse,SKU-387,0.3141570785392696,0.37092731829573933,2026-07-30 14:54:21
Sydney-Whse,SKU-141,0.5642821410705353,0.6290726817042607,2026-07-15 14:54:21
Seattle-Whse,SKU-390,0.6523261630815408,0.8596491228070176,2026-08-07 14:54:21
Osaka-Whse,SKU-388,0.6908454227113556,0.40601503759398494,2026-07-26 14:54:21
Rotterdam-Whse,SKU-100,0.14007003501750875,0.6416040100250626,2026-07-13 14:54:21
London-Whse,SKU-279,0.8814407203601801,0.9047619047619048,2026-07-21 14:54:21
Seattle-Whse,SKU-187,0.8019009504752376,0.07268170426065163,2026-08-11 14:54:21
Rotterdam-Whse,SKU-127,0.2176088044022011,0.531328320802005,2026-07-21 14:54:21
Osaka-Whse,SKU-450,0.5787893946973487,0.5463659147869674,2026-08-07 14:54:21
Sydney-Whse,SKU-188,0.7498749374687343,0.40350877192982454,2026-08-11 14:54:21
Seattle-Whse,SKU-383,0.45822911455727866,0.40350877192982454,2026-07-17 14:54:21
London-Whse,SKU-227,0.0750375187593797,0.20050125313283207,2026-07-28 14:54:21
Osaka-Whse,SKU-204,0.46973486743371684,0.3684210526315789,2026-08-05 14:54:21
Rotterdam-Whse,SKU-490,0.8624312156078039,0.41102756892230574,2026-07-23 14:54:21
London-Whse,SKU-075,0.8139069534767384,0.15288220551378445,2026-08-10 14:54:21
London-Whse,SKU-400,0.9779889944972486,0.3233082706766917,2026-07-18 14:54:21
Sydney-Whse,SKU-476,0.6128064032016008,0.5914786967418546,2026-07-20 14:54:21
Rotterdam-Whse,SKU-399,0.7313656828414207,0.7218045112781954,2026-07-15 14:54:21
Seattle-Whse,SKU-180,0.04952476238119059,0.18045112781954886,2026-08-06 14:54:21
Rotterdam-Whse,SKU-182,0.35267633816908456,0.042606516290726815,2026-07-20 14:54:21
Rotterdam-Whse,SKU-007,0.20910455227613806,0.949874686716792,2026-07-15 14:54:21
Osaka-Whse,SKU-340,0.25512756378189094,0.20802005012531327,2026-07-24 14:54:21
Seattle-Whse,SKU-464,0.30665332666333167,0.23057644110275688,2026-07-31 14:54:21
London-Whse,SKU-102,0.24612306153076538,0.6265664160401002,2026-07-19 14:54:21
Sydney-Whse,SKU-477,0.23911955977988994,0.9122807017543859,2026-07-23 14:54:21
London-Whse,SKU-094,0.6023011505752877,0.15789473684210525,2026-08-08 14:54:21
Sydney-Whse,SKU-272,0.9094547273636818,0.3283208020050125,2026-08-04 14:54:21
Seattle-Whse,SKU-174,0.9179589794897449,0.12781954887218044,2026-08-10 14:54:21
Sydney-Whse,SKU-277,0.7573786893446723,0.6992481203007519,2026-07-31 14:54:21
Osaka-Whse,SKU-254,0.46823411705852924,0.8972431077694235,2026-08-06 14:54:21
Osaka-Whse,SKU-462,0.05002501250625312,0.44862155388471175,2026-07-19 14:54:21
Sydney-Whse,SKU-257,0.13356678339169584,0.9273182957393483,2026-08-02 14:54:21
Sydney-Whse,SKU-468,0.9949974987493747,0.5087719298245614,2026-07-22 14:54:21
Rotterdam-Whse,SKU-155,0.886943471735868,0.7719298245614035,2026-08-08 14:54:21
Seattle-Whse,SKU-113,0.054527263631815905,0.3558897243107769,2026-08-05 14:54:21
London-Whse,SKU-145,0.3706853426713357,0.9874686716791979,2026-07-31 14:54:21
Rotterdam-Whse,SKU-428,0.40520260130065033,0.5463659147869674,2026-07-26 14:54:21
London-Whse,SKU-093,0.10005002501250625,0.7468671679197995,2026-08-09 14:54:21
Sydney-Whse,SKU-255,0.29814907453726863,0.08521303258145363,2026-07-22 14:54:21
Osaka-Whse,SKU-471,0.9794897448724362,0.6892230576441103,2026-07-28 14:54:21
Sydney-Whse,SKU-117,0.1805902951475738,0.5087719298245614,2026-07-25 14:54:21
London-Whse,SKU-215,0.8204102051025512,0.8721804511278195,2026-08-03 14:54:21
London-Whse,SKU-069,0.7553776888444222,0.6365914786967418,2026-08-05 14:54:21
Rotterdam-Whse,SKU-362,0.19709854927463732,0.6190476190476191,2026-07-19 14:54:21
Osaka-Whse,SKU-396,0.38019009504752377,0.3583959899749373,2026-07-16 14:54:21
London-Whse,SKU-401,0.12006003001500751,0.8521303258145363,2026-07-20 14:54:21
Sydney-Whse,SKU-031,0.31015507753876936,0.06516290726817042,2026-07-20 14:54:21
Seattle-Whse,SKU-267,0.576288144072036,0.5488721804511278,2026-07-25 14:54:21
Seattle-Whse,SKU-041,0.5217608804402201,0.8170426065162907,2026-08-07 14:54:21
Sydney-Whse,SKU-429,0.5437718859429714,0.43609022556390975,2026-07-20 14:54:21
Seattle-Whse,SKU-209,0.9574787393696849,0.045112781954887216,2026-08-02 14:54:21
Osaka-Whse,SKU-206,0.6353176588294147,0.8070175438596491,2026-08-05 14:54:21
Seattle-Whse,SKU-316,0.5172586293146574,0.12030075187969924,2026-07-28 14:54:21
Rotterdam-Whse,SKU-061,0.5972986493246624,0.3558897243107769,2026-07-28 14:54:21
Sydney-Whse,SKU-201,0.002001000500250125,0.5263157894736842,2026-07-19 14:54:21
Sydney-Whse,SKU-190,0.09354677338669334,0.8120300751879699,2026-07-21 14:54:21
Sydney-Whse,SKU-434,0.9539769884942472,0.9147869674185464,2026-07-14 14:54:21
London-Whse,SKU-273,0.3296648324162081,0.5137844611528822,2026-07-25 14:54:21
Seattle-Whse,SKU-160,0.17158579289644824,0.7218045112781954,2026-07-30 14:54:21
Rotterdam-Whse,SKU-326,0.1520760380190095,0.899749373433584,2026-07-13 14:54:21
Seattle-Whse,SKU-106,0.552776388194097,0.8546365914786967,2026-07-17 14:54:21
Sydney-Whse,SKU-049,0.1025512756378189,0.543859649122807,2026-07-25 14:54:21
London-Whse,SKU-436,0.3951975987993997,0.8045112781954887,2026-08-05 14:54:21
Sydney-Whse,SKU-371,0.3626813406703352,0.7092731829573935,2026-08-06 14:54:21
London-Whse,SKU-433,0.6043021510755378,0.5238095238095238,2026-07-18 14:54:21
Seattle-Whse,SKU-443,0.5712856428214107,0.9122807017543859,2026-07-17 14:54:21
Rotterdam-Whse,SKU-496,0.30865432716358177,0.9924812030075187,2026-08-02 14:54:21
Seattle-Whse,SKU-395,0.16108054027013508,0.6691729323308271,2026-08-09 14:54:21
London-Whse,SKU-193,0.07703851925962982,0.2506265664160401,2026-07-15 14:54:21
Rotterdam-Whse,SKU-193,0.6673336668334167,0.2706766917293233,2026-07-14 14:54:21
Seattle-Whse,SKU-163,0.17508754377188596,0.5839598997493735,2026-07-24 14:54:21
London-Whse,SKU-028,0.12906453226613307,0.21303258145363407,2026-07-31 14:54:21
Osaka-Whse,SKU-438,0.9809904952476238,0.2907268170426065,2026-07-31 14:54:21
Rotterdam-Whse,SKU-318,0.271135567783892,0.7042606516290727,2026-08-07 14:54:21
Seattle-Whse,SKU-404,0.5092546273136568,0.16290726817042606,2026-07-22 14:54:21
Rotterdam-Whse,SKU-316,0.28714357178589295,0.568922305764411,2026-07-15 14:54:21
London-Whse,SKU-101,0.2111055527763882,0.8897243107769424,2026-08-01 14:54:21
Seattle-Whse,SKU-131,0.2741370685342671,0.2756892230576441,2026-07-18 14:54:21
Sydney-Whse,SKU-250,0.632816408204102,0.518796992481203,2026-07-27 14:54:21
Osaka-Whse,SKU-257,0.13906953476738368,0.9072681704260651,2026-07-26 14:54:21
Seattle-Whse,SKU-135,0.7648824412206103,0.7343358395989975,2026-07-28 14:54:21
Rotterdam-Whse,SKU-206,0.6708354177088545,0.18045112781954886,2026-08-09 14:54:21
London-Whse,SKU-489,0.624312156078039,0.2606516290726817,2026-07-31 14:54:21
London-Whse,SKU-026,0.919959979989995,0.6516290726817042,2026-07-16 14:54:21
Sydney-Whse,SKU-305,0.9749874937468734,0.17293233082706766,2026-07-17 14:54:21
Sydney-Whse,SKU-447,0.39119559779889945,0.6416040100250626,2026-07-30 14:54:21
Osaka-Whse,SKU-125,0.4627313656828414,0.045112781954887216,2026-07-20 14:54:21
Osaka-Whse,SKU-245,0.02801400700350175,0.10776942355889724,2026-07-31 14:54:21
Osaka-Whse,SKU-424,0.8859429714857429,0.05764411027568922,2026-08-01 14:54:21
Osaka-Whse,SKU-257,0.4767383691845923,0.7092731829573935,2026-08-08 14:54:21
Seattle-Whse,SKU-251,0.8149074537268635,0.949874686716792,2026-07-16 14:54:21
London-Whse,SKU-022,0.7488744372186094,0.39097744360902253,2026-07-18 14:54:21
Osaka-Whse,SKU-468,0.2306153076538269,0.49122807017543857,2026-07-30 14:54:21
London-Whse,SKU-401,0.5512756378189094,0.09523809523809523,2026-08-04 14:54:21
London-Whse,SKU-386,0.48874437218609307,0.38596491228070173,2026-07-22 14:54:21
Sydney-Whse,SKU-052,0.6373186593296648,0.9548872180451128,2026-07-24 14:54:21
Seattle-Whse,SKU-396,0.7588794397198599,0.87468671679198,2026-08-05 14:54:21
Osaka-Whse,SKU-273,0.7413706853426714,0.3107769423558897,2026-07-31 14:54:21
Rotterdam-Whse,SKU-021,0.29464732366183094,0.8370927318295739,2026-07-24 14:54:21
Osaka-Whse,SKU-361,0.9009504752376188,0.2882205513784461,2026-07-20 14:54:21
London-Whse,SKU-051,0.4207103551775888,0.681704260651629,2026-07-13 14:54:21
London-Whse,SKU-473,0.2861430715357679,0.8671679197994987,2026-08-11 14:54:21
Rotterdam-Whse,SKU-397,0.48024012006003003,0.8771929824561403,2026-08-11 14:54:21
Sydney-Whse,SKU-336,0.05102551275637819,0.11779448621553884,2026-08-11 14:54:21
Seattle-Whse,SKU-070,0.7913956978489245,0.568922305764411,2026-07-28 14:54:21
Osaka-Whse,SKU-185,0.807903951975988,0.03007518796992481,2026-07-24 14:54:21
Sydney-Whse,SKU-314,0.1695847923961981,0.8095238095238095,2026-07-23 14:54:21
Sydney-Whse,SKU-144,0.5012506253126563,0.15538847117794485,2026-07-28 14:54:21
Rotterdam-Whse,SKU-407,0.5907953976988495,0.46115288220551376,2026-07-13 14:54:21
Rotterdam-Whse,SKU-323,0.47573786893446723,0.05764411027568922,2026-07-26 14:54:21
Sydney-Whse,SKU-205,0.1805902951475738,0.5588972431077694,2026-08-07 14:54:21
London-Whse,SKU-008,0.23561780890445222,0.42857142857142855,2026-07-27 14:54:21
Osaka-Whse,SKU-291,0.3036518259129565,0.7644110275689223,2026-07-26 14:54:21
Osaka-Whse,SKU-474,0.9869934967483742,0.7493734335839599,2026-07-26 14:54:21
Seattle-Whse,SKU-386,0.6758379189594798,0.2731829573934837,2026-08-06 14:54:21
Seattle-Whse,SKU-129,0.4822411205602801,0.8972431077694235,2026-08-03 14:54:21
Rotterdam-Whse,SKU-137,0.5937968984492246,0.8721804511278195,2026-07-23 14:54:21
London-Whse,SKU-131,0.7638819409704852,0.9323308270676691,2026-07-20 14:54:21
Osaka-Whse,SKU-246,0.5667833916958479,0.18045112781954886,2026-07-13 14:54:21
Rotterdam-Whse,SKU-358,0.545272636318159,0.12280701754385964,2026-07-27 14:54:21
Rotterdam-Whse,SKU-226,0.28864432216108055,0.38596491228070173,2026-07-20 14:54:21
Osaka-Whse,SKU-480,0.05502751375687844,0.7393483709273183,2026-07-14 14:54:21
Osaka-Whse,SKU-155,0.8374187093546773,0.41604010025062654,2026-07-24 14:54:21
Seattle-Whse,SKU-391,0.36718359179589793,0.14035087719298245,2026-08-10 14:54:21
Sydney-Whse,SKU-462,0.16858429214607304,0.7293233082706767,2026-08-08 14:54:21
Sydney-Whse,SKU-119,0.38219109554777386,0.21052631578947367,2026-07-18 14:54:21
Seattle-Whse,SKU-148,0.7063531765882941,0.6992481203007519,2026-08-09 14:54:21
London-Whse,SKU-181,0.9854927463731866,0.2706766917293233,2026-08-05 14:54:21
Osaka-Whse,SKU-291,0.9554777388694348,0.7243107769423559,2026-08-05 14:54:21
Seattle-Whse,SKU-117,0.9339669834917459,0.7744360902255639,2026-07-14 14:54:21
Osaka-Whse,SKU-027,0.7453726863431716,0.03007518796992481,2026-08-02 14:54:21
Sydney-Whse,SKU-445,0.11155577788894447,0.05012531328320802,2026-08-09 14:54:21
Sydney-Whse,SKU-467,0.8404202101050525,0.022556390977443608,2026-08-11 14:54:21
Sydney-Whse,SKU-475,0.30865432716358177,0.6691729323308271,2026-08-10 14:54:21
Osaka-Whse,SKU-128,0.6183091545772886,0.37593984962406013,2026-08-11 14:54:21
Seattle-Whse,SKU-384,0.0895447723861931,0.7919799498746867,2026-07-17 14:54:21
Seattle-Whse,SKU-065,0.3811905952976488,0.05012531328320802,2026-08-03 14:54:21
Sydney-Whse,SKU-298,0.3356678339169585,0.10025062656641603,2026-07-31 14:54:21
Sydney-Whse,SKU-152,0.006003001500750375,0.506265664160401,2026-07-28 14:54:21
Osaka-Whse,SKU-042,0.5962981490745373,0.6215538847117794,2026-07-18 14:54:21
Rotterdam-Whse,SKU-439,0.647823911955978,0.7493734335839599,2026-07-26 14:54:21
Seattle-Whse,SKU-158,0.5032516258129065,0.3007518796992481,2026-08-09 14:54:21
Sydney-Whse,SKU-444,0.48624312156078037,0.05764411027568922,2026-08-06 14:54:21
Osaka-Whse,SKU-058,0.38819409704852426,0.3132832080200501,2026-07-14 14:54:21
Rotterdam-Whse,SKU-028,0.4512256128064032,0.7518796992481203,2026-07-21 14:54:21
Sydney-Whse,SKU-272,0.2416208104052026,0.010025062656641603,2026-07-14 14:54:21
London-Whse,SKU-243,0.8434217108554277,0.6541353383458647,2026-08-08 14:54:21
Seattle-Whse,SKU-417,0.9204602301150575,0.19799498746867167,2026-07-20 14:54:21
Osaka-Whse,SKU-107,0.8449224612306153,0.731829573934837,2026-07-30 14:54:21
London-Whse,SKU-017,0.23961980990495246,0.7192982456140351,2026-07-15 14:54:21
Sydney-Whse,SKU-025,0.21510755377688845,0.6942355889724311,2026-07-16 14:54:21
Sydney-Whse,SKU-126,0.9179589794897449,0.8947368421052632,2026-07-23 14:54:21
Sydney-Whse,SKU-178,0.17158579289644824,0.11528822055137844,2026-08-04 14:54:21
Rotterdam-Whse,SKU-439,0.742871435717859,0.7368421052631579,2026-07-29 14:54:21
Sydney-Whse,SKU-431,0.5222611305652827,0.3558897243107769,2026-07-19 14:54:21
London-Whse,SKU-353,0.7443721860930466,0.0,2026-07-27 14:54:21
Sydney-Whse,SKU-338,0.7088544272136068,0.6842105263157895,2026-07-26 14:54:21
Osaka-Whse,SKU-126,0.42021010505252626,0.9147869674185464,2026-07-22 14:54:21
Sydney-Whse,SKU-052,0.5057528764382191,0.556390977443609,2026-07-29 14:54:21
Rotterdam-Whse,SKU-269,0.04752376188094047,0.681704260651629,2026-08-09 14:54:21
Sydney-Whse,SKU-321,0.8584292146073037,0.3308270676691729,2026-07-18 14:54:21
Sydney-Whse,SKU-312,0.002001000500250125,0.8922305764411027,2026-07-20 14:54:21
London-Whse,SKU-162,0.7983991995997999,0.47368421052631576,2026-08-07 14:54:21
London-Whse,SKU-239,0.2696348174087044,0.49373433583959897,2026-07-30 14:54:21
Rotterdam-Whse,SKU-030,0.3326663331665833,0.5213032581453634,2026-08-03 14:54:21
Seattle-Whse,SKU-320,0.871935967983992,0.7694235588972431,2026-07-19 14:54:21
Osaka-Whse,SKU-141,0.8144072036018009,0.2656641604010025,2026-07-30 14:54:21
Osaka-Whse,SKU-301,0.30965482741370687,0.11278195488721804,2026-07-30 14:54:21
Seattle-Whse,SKU-169,0.40670335167583793,0.3208020050125313,2026-08-03 14:54:21
London-Whse,SKU-348,0.13356678339169584,0.21804511278195488,2026-07-14 14:54:21
Seattle-Whse,SKU-419,0.4347173586793397,0.8872180451127819,2026-08-11 14:54:21
Osaka-Whse,SKU-384,0.9544772386193097,0.7268170426065163,2026-07-13 14:54:21
London-Whse,SKU-066,0.46973486743371684,0.06265664160401002,2026-08-02 14:54:21
Sydney-Whse,SKU-286,0.1855927963981991,0.08771929824561403,2026-07-24 14:54:21
Seattle-Whse,SKU-313,0.6453226613306653,0.7042606516290727,2026-07-27 14:54:21
Rotterdam-Whse,SKU-339,0.06953476738369184,0.16541353383458646,2026-07-20 14:54:21
Osaka-Whse,SKU-369,0.13006503251625812,0.2781954887218045,2026-07-19 14:54:21
Rotterdam-Whse,SKU-166,0.2891445722861431,0.6365914786967418,2026-08-06 14:54:21
London-Whse,SKU-308,0.5107553776888444,0.506265664160401,2026-08-05 14:54:21
Rotterdam-Whse,SKU-410,0.416208104052026,0.19799498746867167,2026-07-27 14:54:21
Seattle-Whse,SKU-111,0.4102051025512756,0.3408521303258145,2026-08-07 14:54:21
London-Whse,SKU-328,0.09404702351175588,0.6917293233082706,2026-08-11 14:54:21
Rotterdam-Whse,SKU-063,0.9699849924962481,0.6115288220551378,2026-07-30 14:54:21
Sydney-Whse,SKU-487,0.6773386693346674,0.5238095238095238,2026-07-13 14:54:21
Seattle-Whse,SKU-172,0.673336668334167,0.08771929824561403,2026-08-06 14:54:21
Sydney-Whse,SKU-093,0.03701850925462731,0.6090225563909775,2026-07-20 14:54:21
Sydney-Whse,SKU-459,0.8614307153576788,0.41353383458646614,2026-07-24 14:54:21
Seattle-Whse,SKU-207,0.6343171585792896,0.8320802005012531,2026-08-02 14:54:21
Seattle-Whse,SKU-013,0.6588294147073537,0.5889724310776943,2026-07-26 14:54:21
Rotterdam-Whse,SKU-114,0.33166583291645824,0.06265664160401002,2026-08-04 14:54:21
Sydney-Whse,SKU-206,0.9784892446223111,0.8546365914786967,2026-08-10 14:54:21
Rotterdam-Whse,SKU-476,0.9564782391195598,0.5338345864661654,2026-07-15 14:54:21
Seattle-Whse,SKU-107,0.9889944972486243,0.48621553884711777,2026-07-21 14:54:21
Osaka-Whse,SKU-368,0.04202101050525263,0.19799498746867167,2026-08-03 14:54:21
Sydney-Whse,SKU-330,0.19109554777388693,0.9423558897243107,2026-07-22 14:54:21
Seattle-Whse,SKU-426,0.21160580290145073,0.43358395989974935,2026-07-21 14:54:21
Osaka-Whse,SKU-021,0.34517258629314657,0.9949874686716792,2026-08-02 14:54:21
Seattle-Whse,SKU-265,0.7128564282141071,0.6716791979949874,2026-07-16 14:54:21
Seattle-Whse,SKU-382,0.9394697348674337,0.6791979949874687,2026-07-19 14:54:21
Rotterdam-Whse,SKU-151,0.9804902451225613,0.8972431077694235,2026-07-14 14:54:21
Seattle-Whse,SKU-105,0.5327663831915957,0.43859649122807015,2026-07-22 14:54:21
Sydney-Whse,SKU-274,0.4792396198099049,0.8345864661654135,2026-07-15 14:54:21
Rotterdam-Whse,SKU-152,0.09404702351175588,0.40852130325814534,2026-07-13 14:54:21
Rotterdam-Whse,SKU-461,0.560280140070035,0.7719298245614035,2026-07-24 14:54:21
London-Whse,SKU-224,0.48724362181090547,0.14035087719298245,2026-08-01 14:54:21
Rotterdam-Whse,SKU-325,0.47573786893446723,0.21303258145363407,2026-08-02 14:54:21
Osaka-Whse,SKU-327,0.5282641320660331,0.005012531328320802,2026-07-15 14:54:21
Seattle-Whse,SKU-126,0.4792396198099049,0.2807017543859649,2026-07-28 14:54:21
Sydney-Whse,SKU-342,0.02351175587793897,0.9097744360902256,2026-07-24 14:54:21
Rotterdam-Whse,SKU-339,0.8804402201100551,0.531328320802005,2026-08-11 14:54:21
Osaka-Whse,SKU-138,0.17708854427213608,0.8320802005012531,2026-08-06 14:54:21
Rotterdam-Whse,SKU-070,0.753376688344172,0.518796992481203,2026-08-03 14:54:21
Rotterdam-Whse,SKU-259,0.19409704852426213,0.8521303258145363,2026-07-29 14:54:21
Sydney-Whse,SKU-339,0.8504252126063031,0.6115288220551378,2026-07-23 14:54:21
London-Whse,SKU-450,0.18809404702351176,0.9774436090225563,2026-08-11 14:54:21
Sydney-Whse,SKU-114,0.8849424712356178,0.6541353383458647,2026-08-05 14:54:21
London-Whse,SKU-018,0.11705852926463231,0.7744360902255639,2026-07-14 14:54:21
Rotterdam-Whse,SKU-281,0.41520760380190097,0.48872180451127817,2026-07-24 14:54:21
Sydney-Whse,SKU-160,0.8454227113556778,0.12531328320802004,2026-08-10 14:54:21
London-Whse,SKU-073,0.6758379189594798,0.8521303258145363,2026-07-29 14:54:21
Sydney-Whse,SKU-009,0.9664832416208105,0.20300751879699247,2026-08-06 14:54:21
Rotterdam-Whse,SKU-170,0.3506753376688344,0.2631578947368421,2026-08-02 14:54:21
Seattle-Whse,SKU-382,0.943471735867934,0.41854636591478694,2026-07-19 14:54:21
Seattle-Whse,SKU-113,0.9319659829914958,0.7644110275689223,2026-07-23 14:54:21
Seattle-Whse,SKU-220,0.22661330665332666,0.08020050125313283,2026-07-15 14:54:21
Sydney-Whse,SKU-319,0.8604302151075538,0.48120300751879697,2026-08-03 14:54:21
London-Whse,SKU-355,0.4917458729364682,0.012531328320802004,2026-08-05 14:54:21
Seattle-Whse,SKU-357,0.2861430715357679,0.40601503759398494,2026-08-09 14:54:21
London-Whse,SKU-058,0.3631815907953977,0.7894736842105263,2026-08-02 14:54:21
Rotterdam-Whse,SKU-303,0.7908954477238619,0.21553884711779447,2026-08-08 14:54:21
Osaka-Whse,SKU-107,0.03701850925462731,0.09774436090225563,2026-07-20 14:54:21
Seattle-Whse,SKU-040,0.6138069034517258,0.23809523809523808,2026-07-20 14:54:21
Rotterdam-Whse,SKU-476,0.44172086043021513,0.3308270676691729,2026-08-04 14:54:21
Osaka-Whse,SKU-245,0.13806903451725863,0.6466165413533834,2026-07-29 14:54:21
Osaka-Whse,SKU-335,0.447223611805903,0.5914786967418546,2026-07-22 14:54:21
London-Whse,SKU-187,0.7783891945972986,0.22305764411027568,2026-08-03 14:54:21
Seattle-Whse,SKU-051,0.3321660830415208,0.8095238095238095,2026-07-23 14:54:21
Osaka-Whse,SKU-214,0.22511255627813906,0.8471177944862155,2026-08-03 14:54:21
Sydney-Whse,SKU-421,0.43871935967983994,0.17543859649122806,2026-07-22 14:54:21
Osaka-Whse,SKU-315,0.22011005502751377,0.7092731829573935,2026-07-15 14:54:21
Rotterdam-Whse,SKU-500,0.49074537268634316,0.09273182957393483,2026-07-22 14:54:21
London-Whse,SKU-402,0.10155077538769385,0.8771929824561403,2026-08-05 14:54:21
Sydney-Whse,SKU-428,0.24412206103051526,0.39097744360902253,2026-08-01 14:54:21
London-Whse,SKU-142,0.9249624812406203,0.42857142857142855,2026-07-25 14:54:21
Seattle-Whse,SKU-446,0.4062031015507754,0.03759398496240601,2026-08-07 14:54:21
Rotterdam-Whse,SKU-153,0.13206603301650827,0.45614035087719296,2026-07-15 14:54:21
Seattle-Whse,SKU-396,0.20060030015007504,0.22305764411027568,2026-07-19 14:54:21
Osaka-Whse,SKU-330,0.09254627313656828,0.9523809523809523,2026-07-26 14:54:21
Rotterdam-Whse,SKU-288,0.04352176088044022,0.3383458646616541,2026-07-13 14:54:21
Osaka-Whse,SKU-408,0.07703851925962982,0.5488721804511278,2026-08-01 14:54:21
Osaka-Whse,SKU-179,0.42021010505252626,0.12280701754385964,2026-07-30 14:54:21
Seattle-Whse,SKU-275,0.07003501750875438,0.5137844611528822,2026-07-26 14:54:21
London-Whse,SKU-353,0.5142571285642822,0.9548872180451128,2026-07-23 14:54:21
Rotterdam-Whse,SKU-474,0.4637318659329665,0.07268170426065163,2026-07-16 14:54:21
Osaka-Whse,SKU-082,0.24612306153076538,0.5889724310776943,2026-07-28 14:54:21
London-Whse,SKU-361,0.41720860430215106,0.631578947368421,2026-07-21 14:54:21
Rotterdam-Whse,SKU-030,0.31115557778889447,1.0,2026-07-13 14:54:21
Seattle-Whse,SKU-287,0.9844922461230615,0.9924812030075187,2026-08-03 14:54:21
Sydney-Whse,SKU-425,0.12156078039019509,0.5513784461152882,2026-07-15 14:54:21
London-Whse,SKU-320,0.18609304652326164,0.045112781954887216,2026-07-20 14:54:21
Osaka-Whse,SKU-200,0.01200600300150075,0.3007518796992481,2026-08-06 14:54:21
Rotterdam-Whse,SKU-346,0.5132566283141571,0.9649122807017544,2026-08-07 14:54:21
Sydney-Whse,SKU-254,0.009504752376188095,0.5087719298245614,2026-08-06 14:54:21
Sydney-Whse,SKU-128,0.17858929464732365,0.7293233082706767,2026-07-29 14:54:21
Sydney-Whse,SKU-355,0.44022011005502754,0.09022556390977443,2026-07-21 14:54:21
Sydney-Whse,SKU-405,0.8139069534767384,0.17293233082706766,2026-07-23 14:54:21
London-Whse,SKU-420,0.6143071535767884,0.6666666666666666,2026-07-19 14:54:21
London-Whse,SKU-211,0.9394697348674337,0.07518796992481203,2026-08-07 14:54:21
Sydney-Whse,SKU-316,0.030015007503751877,0.16541353383458646,2026-08-10 14:54:21
Sydney-Whse,SKU-451,0.6793396698349174,0.8170426065162907,2026-08-09 14:54:21
Rotterdam-Whse,SKU-272,0.9184592296148074,0.08270676691729323,2026-07-23 14:54:21
London-Whse,SKU-373,0.062031015507753876,0.2556390977443609,2026-08-11 14:54:21
Osaka-Whse,SKU-035,0.4467233616808404,0.8270676691729323,2026-07-21 14:54:21
London-Whse,SKU-414,0.6663331665832917,0.14285714285714285,2026-07-15 14:54:21
Osaka-Whse,SKU-141,0.8234117058529264,0.40601503759398494,2026-07-28 14:54:21
Seattle-Whse,SKU-106,0.6198099049524762,0.22556390977443608,2026-07-25 14:54:21
Osaka-Whse,SKU-026,0.3341670835417709,0.17794486215538846,2026-07-31 14:54:21
Osaka-Whse,SKU-133,0.592296148074037,0.5789473684210527,2026-07-15 14:54:21
Sydney-Whse,SKU-383,0.18409204602301152,0.2756892230576441,2026-08-08 14:54:21
Sydney-Whse,SKU-209,0.5182591295647824,0.14285714285714285,2026-08-10 14:54:21
London-Whse,SKU-025,0.2726363181590795,0.3483709273182957,2026-07-24 14:54:21
Osaka-Whse,SKU-362,0.11055527763881941,0.09022556390977443,2026-08-01 14:54:21
Seattle-Whse,SKU-316,0.673336668334167,0.543859649122807,2026-07-28 14:54:21
London-Whse,SKU-196,0.07303651825912956,0.8596491228070176,2026-07-14 14:54:21
Seattle-Whse,SKU-040,0.06653326663331666,0.8796992481203008,2026-07-13 14:54:21
Rotterdam-Whse,SKU-456,0.542271135567784,0.010025062656641603,2026-08-07 14:54:21
London-Whse,SKU-217,0.8804402201100551,0.5388471177944862,2026-08-01 14:54:21
Osaka-Whse,SKU-099,0.3396698349174587,0.6591478696741855,2026-07-20 14:54:21
London-Whse,SKU-224,0.0050025012506253125,0.8170426065162907,2026-07-17 14:54:21
Rotterdam-Whse,SKU-432,0.11505752876438219,0.3508771929824561,2026-08-02 14:54:21
Sydney-Whse,SKU-444,0.0240120060030015,0.656641604010025,2026-08-01 14:54:21
Sydney-Whse,SKU-357,0.7163581790895448,0.12531328320802004,2026-07-28 14:54:21
Seattle-Whse,SKU-261,0.23961980990495246,0.5538847117794486,2026-07-30 14:54:21
Osaka-Whse,SKU-381,0.4502251125562781,0.7944862155388471,2026-08-11 14:54:21
Osaka-Whse,SKU-114,0.6213106553276638,0.13283208020050125,2026-08-04 14:54:21
London-Whse,SKU-131,0.6813406703351675,0.47869674185463656,2026-07-24 14:54:21
Osaka-Whse,SKU-305,0.9114557278639319,0.5989974937343359,2026-07-22 14:54:21
Osaka-Whse,SKU-117,0.615807903951976,0.5288220551378446,2026-08-09 14:54:21
London-Whse,SKU-163,0.36868434217108553,0.8521303258145363,2026-08-08 14:54:21
Osaka-Whse,SKU-034,0.9239619809904952,0.8070175438596491,2026-07-22 14:54:21
Rotterdam-Whse,SKU-347,0.8649324662331166,0.47869674185463656,2026-08-09 14:54:21
Seattle-Whse,SKU-366,0.8514257128564282,0.6140350877192983,2026-07-22 14:54:21
Rotterdam-Whse,SKU-211,0.5017508754377189,0.3308270676691729,2026-08-07 14:54:21
Rotterdam-Whse,SKU-049,0.5437718859429714,0.2781954887218045,2026-08-08 14:54:21
Seattle-Whse,SKU-104,0.9774887443721861,0.531328320802005,2026-08-07 14:54:21
Seattle-Whse,SKU-167,0.447223611805903,0.6040100250626567,2026-07-19 14:54:21
Rotterdam-Whse,SKU-238,0.6648324162081041,0.5112781954887218,2026-08-06 14:54:21
Sydney-Whse,SKU-314,0.768384192096048,0.42606516290726815,2026-08-05 14:54:21
Osaka-Whse,SKU-258,0.5432716358179089,0.6791979949874687,2026-08-07 14:54:21
Osaka-Whse,SKU-336,0.7813906953476738,0.2756892230576441,2026-08-03 14:54:21
Seattle-Whse,SKU-416,0.45222611305652827,0.6666666666666666,2026-08-07 14:54:21
Rotterdam-Whse,SKU-048,0.9429714857428715,0.5238095238095238,2026-07-31 14:54:21
London-Whse,SKU-068,0.15607803901950976,0.15789473684210525,2026-07-21 14:54:21
Rotterdam-Whse,SKU-182,0.9894947473736868,0.5338345864661654,2026-08-05 14:54:21
Seattle-Whse,SKU-335,0.3566783391695848,0.7293233082706767,2026-07-21 14:54:21
Seattle-Whse,SKU-356,0.8109054527263632,0.05263157894736842,2026-08-01 14:54:21
London-Whse,SKU-236,0.5262631315657829,0.45614035087719296,2026-08-02 14:54:21
Osaka-Whse,SKU-038,0.05002501250625312,0.7243107769423559,2026-07-18 14:54:21
Sydney-Whse,SKU-343,0.9759879939969985,0.9147869674185464,2026-08-09 14:54:21
Rotterdam-Whse,SKU-123,0.39469734867433715,0.8571428571428571,2026-08-08 14:54:21
Sydney-Whse,SKU-125,0.8159079539769885,0.9448621553884712,2026-07-14 14:54:21
Sydney-Whse,SKU-375,0.7088544272136068,0.43107769423558895,2026-07-19 14:54:21
Seattle-Whse,SKU-358,0.7048524262131065,0.9097744360902256,2026-07-17 14:54:21
Sydney-Whse,SKU-319,0.13006503251625812,0.7017543859649122,2026-08-03 14:54:21
London-Whse,SKU-476,0.13856928464232116,0.23057644110275688,2026-08-09 14:54:21
London-Whse,SKU-261,0.0830415207603802,0.7969924812030075,2026-07-31 14:54:21
Osaka-Whse,SKU-424,0.3281640820410205,0.2506265664160401,2026-07-28 14:54:21
London-Whse,SKU-457,0.8479239619809905,0.6365914786967418,2026-07-20 14:54:21
Rotterdam-Whse,SKU-188,0.48624312156078037,0.5238095238095238,2026-07-26 14:54:21
Seattle-Whse,SKU-106,0.8024012006003002,0.47368421052631576,2026-08-01 14:54:21
Osaka-Whse,SKU-123,0.04202101050525263,0.5388471177944862,2026-07-19 14:54:21
Sydney-Whse,SKU-027,0.8439219609804902,0.15789473684210525,2026-08-06 14:54:21
Osaka-Whse,SKU-438,0.38219109554777386,0.6766917293233082,2026-07-14 14:54:21
London-Whse,SKU-074,0.9099549774887443,0.14536340852130325,2026-07-24 14:54:21
Seattle-Whse,SKU-149,0.7648824412206103,0.022556390977443608,2026-08-08 14:54:21
London-Whse,SKU-383,0.38669334667333666,0.543859649122807,2026-08-04 14:54:21
London-Whse,SKU-016,0.7868934467233617,0.44110275689223055,2026-07-14 14:54:21
Seattle-Whse,SKU-382,0.5532766383191596,0.040100250626566414,2026-07-26 14:54:21
London-Whse,SKU-172,0.45372686343171587,0.17293233082706766,2026-08-05 14:54:21
Rotterdam-Whse,SKU-049,0.2661330665332666,0.9799498746867168,2026-07-15 14:54:21
Rotterdam-Whse,SKU-414,0.015507753876938469,0.506265664160401,2026-07-23 14:54:21
Osaka-Whse,SKU-016,0.20410205102551277,0.7894736842105263,2026-07-30 14:54:21
Seattle-Whse,SKU-179,0.9474737368684342,0.15037593984962405,2026-07-26 14:54:21
Sydney-Whse,SKU-195,0.8959479739869936,0.18796992481203006,2026-07-28 14:54:21
Sydney-Whse,SKU-132,0.3311655827913957,0.38596491228070173,2026-08-05 14:54:21
Rotterdam-Whse,SKU-248,0.08204102051025512,0.5112781954887218,2026-08-01 14:54:21
Sydney-Whse,SKU-488,0.10605302651325663,0.6340852130325815,2026-07-14 14:54:21
Seattle-Whse,SKU-075,0.21710855427713857,0.44360902255639095,2026-07-15 14:54:21
Osaka-Whse,SKU-133,0.8304152076038019,0.7794486215538847,2026-07-18 14:54:21
Seattle-Whse,SKU-225,0.5202601300650325,0.8822055137844611,2026-07-20 14:54:21
Seattle-Whse,SKU-475,0.10805402701350675,0.48872180451127817,2026-08-03 14:54:21
Sydney-Whse,SKU-078,0.10655327663831916,0.8521303258145363,2026-08-03 14:54:21
Seattle-Whse,SKU-181,0.4177088544272136,0.8245614035087719,2026-08-09 14:54:21
Sydney-Whse,SKU-137,0.6013006503251626,0.518796992481203,2026-07-26 14:54:21
Osaka-Whse,SKU-394,0.4412206103051526,0.13283208020050125,2026-07-28 14:54:21
Rotterdam-Whse,SKU-424,0.058529264632316155,0.9197994987468672,2026-08-02 14:54:21
Seattle-Whse,SKU-303,0.31465732866433216,0.9548872180451128,2026-08-07 14:54:21
London-Whse,SKU-354,0.07453726863431716,0.7593984962406015,2026-07-25 14:54:21
Sydney-Whse,SKU-193,0.3611805902951476,0.18295739348370926,2026-07-22 14:54:21
Sydney-Whse,SKU-461,0.4752376188094047,0.05764411027568922,2026-07-20 14:54:21
Rotterdam-Whse,SKU-431,0.12856428214107055,0.49373433583959897,2026-07-22 14:54:21
Rotterdam-Whse,SKU-271,0.10005002501250625,0.9899749373433584,2026-07-17 14:54:21
Rotterdam-Whse,SKU-164,0.8139069534767384,0.05513784461152882,2026-07-16 14:54:21
Rotterdam-Whse,SKU-283,0.7783891945972986,0.12030075187969924,2026-07-13 14:54:21
Sydney-Whse,SKU-456,0.021510755377688845,0.7493734335839599,2026-07-16 14:54:21
Osaka-Whse,SKU-189,0.8529264632316158,0.6967418546365914,2026-08-03 14:54:21
Seattle-Whse,SKU-125,0.4017008504252126,0.7769423558897243,2026-07-29 14:54:21
Seattle-Whse,SKU-274,0.7528764382191095,0.7343358395989975,2026-08-09 14:54:21
London-Whse,SKU-019,0.7743871935967984,0.040100250626566414,2026-07-29 14:54:21
Rotterdam-Whse,SKU-304,0.2771385692846423,0.23057644110275688,2026-07-25 14:54:21
Osaka-Whse,SKU-119,0.4102051025512756,0.17794486215538846,2026-07-29 14:54:21
Osaka-Whse,SKU-461,0.4207103551775888,0.8195488721804511,2026-08-05 14:54:21
Sydney-Whse,SKU-218,0.1265632816408204,0.14536340852130325,2026-07-24 14:54:21
Osaka-Whse,SKU-118,0.7863931965982992,0.24060150375939848,2026-08-05 14:54:21
Osaka-Whse,SKU-417,0.128064032016008,0.3182957393483709,2026-08-05 14:54:21
London-Whse,SKU-145,0.02801400700350175,0.17293233082706766,2026-07-23 14:54:21
London-Whse,SKU-212,0.8554277138569285,0.3508771929824561,2026-07-31 14:54:21
Sydney-Whse,SKU-322,0.15407703851925963,0.042606516290726815,2026-07-15 14:54:21
London-Whse,SKU-042,0.5012506253126563,0.9548872180451128,2026-07-22 14:54:21
Seattle-Whse,SKU-404,0.7583791895947974,0.5538847117794486,2026-08-07 14:54:21
London-Whse,SKU-486,0.6648324162081041,0.7894736842105263,2026-07-30 14:54:21
Rotterdam-Whse,SKU-350,0.4687343671835918,0.8095238095238095,2026-07-18 14:54:21
London-Whse,SKU-320,0.9354677338669335,0.47117794486215536,2026-07-22 14:54:21
Seattle-Whse,SKU-026,0.3501750875437719,0.9849624060150376,2026-07-31 14:54:21
Osaka-Whse,SKU-406,0.49974987493746875,0.45112781954887216,2026-07-22 14:54:21
Rotterdam-Whse,SKU-071,0.8089044522261131,0.38596491228070173,2026-07-15 14:54:21
Rotterdam-Whse,SKU-047,0.09654827413706854,0.5588972431077694,2026-07-28 14:54:21
Sydney-Whse,SKU-280,0.4897448724362181,0.022556390977443608,2026-07-19 14:54:21
London-Whse,SKU-185,0.40070035017508754,0.10025062656641603,2026-08-04 14:54:21
Rotterdam-Whse,SKU-218,0.256128064032016,0.42606516290726815,2026-07-25 14:54:21
Osaka-Whse,SKU-053,0.062031015507753876,0.43609022556390975,2026-07-19 14:54:21
Seattle-Whse,SKU-265,0.704352176088044,0.49624060150375937,2026-07-31 14:54:21
Rotterdam-Whse,SKU-440,0.05252626313156578,0.3107769423558897,2026-07-27 14:54:21
Rotterdam-Whse,SKU-243,0.46023011505752875,0.5238095238095238,2026-07-18 14:54:21
Rotterdam-Whse,SKU-285,0.743871935967984,0.41854636591478694,2026-08-04 14:54:21
Osaka-Whse,SKU-134,0.7263631815907954,0.9122807017543859,2026-07-22 14:54:21
London-Whse,SKU-482,0.33016508254127064,0.6090225563909775,2026-07-18 14:54:21
London-Whse,SKU-369,0.13056528264132067,0.5764411027568922,2026-07-15 14:54:21
Sydney-Whse,SKU-252,0.7058529264632316,0.6115288220551378,2026-08-03 14:54:21
Sydney-Whse,SKU-330,0.43921960980490243,0.8571428571428571,2026-08-08 14:54:21
Osaka-Whse,SKU-037,0.2911455727863932,0.6541353383458647,2026-07-30 14:54:21
Rotterdam-Whse,SKU-490,0.7433716858429215,0.8872180451127819,2026-07-25 14:54:21
Rotterdam-Whse,SKU-011,0.9009504752376188,0.47117794486215536,2026-07-26 14:54:21
Sydney-Whse,SKU-377,0.08054027013506754,0.14786967418546365,2026-07-30 14:54:21
Rotterdam-Whse,SKU-005,0.10055027513756878,0.02756892230576441,2026-07-23 14:54:21
Sydney-Whse,SKU-341,0.375687843921961,0.9323308270676691,2026-07-17 14:54:21
Seattle-Whse,SKU-182,0.6603301650825413,0.7593984962406015,2026-07-24 14:54:21
Osaka-Whse,SKU-118,0.6878439219609805,0.18796992481203006,2026-07-29 14:54:21
Rotterdam-Whse,SKU-356,0.6588294147073537,0.5989974937343359,2026-07-15 14:54:21
Sydney-Whse,SKU-204,0.8429214607303652,0.3233082706766917,2026-07-14 14:54:21
Sydney-Whse,SKU-483,0.6463231615807904,0.7819548872180451,2026-08-10 14:54:21
Rotterdam-Whse,SKU-137,0.8259129564782391,0.8771929824561403,2026-08-11 14:54:21
Rotterdam-Whse,SKU-173,0.5767883941970986,0.19548872180451127,2026-07-24 14:54:21
Seattle-Whse,SKU-351,0.02801400700350175,1.0,2026-08-01 14:54:21
Rotterdam-Whse,SKU-294,0.8414207103551776,0.3157894736842105,2026-08-01 14:54:21
London-Whse,SKU-314,0.10855427713856929,0.9824561403508771,2026-08-03 14:54:21
Seattle-Whse,SKU-168,0.8394197098549274,0.6491228070175439,2026-07-17 14:54:21
London-Whse,SKU-146,0.7563781890945472,0.24561403508771928,2026-07-21 14:54:21
Seattle-Whse,SKU-233,0.4777388694347174,0.23057644110275688,2026-07-22 14:54:21
London-Whse,SKU-085,0.3391695847923962,0.015037593984962405,2026-07-14 14:54:21
Rotterdam-Whse,SKU-085,0.15907953976988495,0.48120300751879697,2026-07-16 14:54:21
Seattle-Whse,SKU-089,0.3031515757878939,0.9373433583959899,2026-07-31 14:54:21
Sydney-Whse,SKU-253,0.7383691845922962,0.9323308270676691,2026-07-24 14:54:21
Osaka-Whse,SKU-065,0.7948974487243622,0.5538847117794486,2026-07-25 14:54:21
Osaka-Whse,SKU-168,0.8609304652326163,0.3558897243107769,2026-07-24 14:54:21
Osaka-Whse,SKU-472,0.391695847923962,0.42606516290726815,2026-07-31 14:54:21
London-Whse,SKU-190,0.5857928964482241,0.40601503759398494,2026-07-16 14:54:21
Seattle-Whse,SKU-360,0.3246623311655828,0.7518796992481203,2026-07-25 14:54:21
Sydney-Whse,SKU-493,0.7113556778389195,0.07268170426065163,2026-07-27 14:54:21
Rotterdam-Whse,SKU-091,0.3611805902951476,0.8245614035087719,2026-07-31 14:54:21
Sydney-Whse,SKU-024,0.6123061530765382,0.5463659147869674,2026-08-05 14:54:21
Seattle-Whse,SKU-085,0.43871935967983994,0.6190476190476191,2026-08-06 14:54:21
London-Whse,SKU-145,0.7673836918459229,0.07518796992481203,2026-08-07 14:54:21
Sydney-Whse,SKU-395,0.6218109054527263,0.3308270676691729,2026-07-31 14:54:21
Rotterdam-Whse,SKU-312,0.671335667833917,0.9022556390977443,2026-08-06 14:54:21
Osaka-Whse,SKU-218,0.7688844422211105,0.6140350877192983,2026-07-31 14:54:21
Osaka-Whse,SKU-105,0.19009504752376188,0.8395989974937343,2026-07-15 14:54:21
Seattle-Whse,SKU-303,0.7588794397198599,0.6090225563909775,2026-08-08 14:54:21
London-Whse,SKU-203,0.7158579289644822,0.5238095238095238,2026-07-16 14:54:21
Sydney-Whse,SKU-446,0.4487243621810905,0.6766917293233082,2026-08-01 14:54:21
Rotterdam-Whse,SKU-049,0.18359179589794897,0.5964912280701754,2026-07-20 14:54:21
Rotterdam-Whse,SKU-372,0.4307153576788394,0.6992481203007519,2026-07-24 14:54:21
London-Whse,SKU-477,0.5502751375687844,0.7593984962406015,2026-07-20 14:54:21
London-Whse,SKU-497,0.759879939969985,0.7418546365914787,2026-07-14 14:54:21
Rotterdam-Whse,SKU-384,0.2031015507753877,0.7167919799498746,2026-07-30 14:54:21
Sydney-Whse,SKU-024,0.7398699349674838,0.020050125313283207,2026-07-21 14:54:21
London-Whse,SKU-077,0.36868434217108553,0.3258145363408521,2026-08-07 14:54:21
London-Whse,SKU-090,0.24862431215607803,0.2907268170426065,2026-07-29 14:54:21
Seattle-Whse,SKU-354,0.13506753376688344,0.9799498746867168,2026-07-27 14:54:21
Rotterdam-Whse,SKU-472,0.8899449724862432,0.7694235588972431,2026-07-15 14:54:21
Sydney-Whse,SKU-388,0.027013506753376687,0.02756892230576441,2026-07-24 14:54:21
Seattle-Whse,SKU-478,0.8864432216108054,0.731829573934837,2026-07-31 14:54:21
Rotterdam-Whse,SKU-226,0.5152576288144072,0.5488721804511278,2026-07-20 14:54:21
London-Whse,SKU-477,0.9144572286143071,0.5288220551378446,2026-07-14 14:54:21
Rotterdam-Whse,SKU-242,0.568784392196098,0.41604010025062654,2026-08-02 14:54:21
London-Whse,SKU-366,0.0415207603801901,0.5288220551378446,2026-08-01 14:54:21
Osaka-Whse,SKU-269,0.23011505752876438,0.44110275689223055,2026-07-28 14:54:21
Sydney-Whse,SKU-186,0.7473736868434218,0.7719298245614035,2026-07-21 14:54:21
Sydney-Whse,SKU-464,0.5082541270635318,0.9598997493734336,2026-08-02 14:54:21
Sydney-Whse,SKU-468,0.49374687343671836,0.7493734335839599,2026-07-14 14:54:21
Sydney-Whse,SKU-436,0.6963481740870435,0.9047619047619048,2026-08-06 14:54:21
Sydney-Whse,SKU-436,0.4027013506753377,0.45112781954887216,2026-07-24 14:54:21
Osaka-Whse,SKU-365,0.34667333666833416,0.849624060150376,2026-08-01 14:54:21
Sydney-Whse,SKU-218,0.5932966483241621,0.11278195488721804,2026-08-04 14:54:21
London-Whse,SKU-105,0.35917958979489745,0.8195488721804511,2026-08-01 14:54:21
Sydney-Whse,SKU-251,0.4822411205602801,0.47619047619047616,2026-07-28 14:54:21
Rotterdam-Whse,SKU-263,0.44222111055527763,0.15789473684210525,2026-07-25 14:54:21
London-Whse,SKU-268,0.7738869434717359,0.7293233082706767,2026-07-14 14:54:21
Rotterdam-Whse,SKU-437,0.9949974987493747,0.21052631578947367,2026-08-02 14:54:21
Rotterdam-Whse,SKU-224,0.5352676338169085,0.20050125313283207,2026-08-09 14:54:21
Seattle-Whse,SKU-043,0.840920460230115,0.18295739348370926,2026-07-22 14:54:21
Seattle-Whse,SKU-295,0.9494747373686844,0.49874686716791977,2026-08-10 14:54:21
Sydney-Whse,SKU-425,0.048024012006003,0.12030075187969924,2026-08-02 14:54:21
Osaka-Whse,SKU-153,0.5647823911955978,0.10025062656641603,2026-08-08 14:54:21
Osaka-Whse,SKU-211,0.6128064032016008,0.48621553884711777,2026-07-22 14:54:21
Rotterdam-Whse,SKU-499,0.14057028514257128,0.7744360902255639,2026-07-24 14:54:21
Rotterdam-Whse,SKU-495,0.20410205102551277,0.2832080200501253,2026-07-26 14:54:21
Osaka-Whse,SKU-120,0.8624312156078039,0.11278195488721804,2026-07-24 14:54:21
Osaka-Whse,SKU-331,0.0050025012506253125,0.9899749373433584,2026-08-04 14:54:21
Seattle-Whse,SKU-056,0.003501750875437719,0.03258145363408521,2026-07-20 14:54:21
Osaka-Whse,SKU-440,0.8904452226113057,0.13283208020050125,2026-08-08 14:54:21
Seattle-Whse,SKU-429,0.4502251125562781,0.3258145363408521,2026-08-03 14:54:21
London-Whse,SKU-122,0.05652826413206603,0.047619047619047616,2026-07-24 14:54:21
Rotterdam-Whse,SKU-021,0.871935967983992,0.08020050125313283,2026-08-07 14:54:21
Osaka-Whse,SKU-364,0.3001500750375188,0.22807017543859648,2026-08-11 14:54:21
Osaka-Whse,SKU-274,0.46673336668334164,0.7218045112781954,2026-07-16 14:54:21
Seattle-Whse,SKU-434,0.9674837418709354,0.2681704260651629,2026-07-30 14:54:21
London-Whse,SKU-226,0.1615807903951976,0.8872180451127819,2026-07-24 14:54:21
Seattle-Whse,SKU-104,0.9339669834917459,0.8295739348370927,2026-08-02 14:54:21
Seattle-Whse,SKU-289,0.7338669334667334,0.09022556390977443,2026-07-15 14:54:21
London-Whse,SKU-244,0.021010505252626314,0.3132832080200501,2026-08-03 14:54:21
Rotterdam-Whse,SKU-325,0.09154577288644322,0.7042606516290727,2026-07-22 14:54:21
Seattle-Whse,SKU-338,0.4347173586793397,0.05012531328320802,2026-07-18 14:54:21
Sydney-Whse,SKU-458,0.4767383691845923,0.17042606516290726,2026-08-01 14:54:21
Sydney-Whse,SKU-318,0.7303651825912957,0.7518796992481203,2026-07-16 14:54:21
London-Whse,SKU-418,0.3266633316658329,0.10025062656641603,2026-08-02 14:54:21
Osaka-Whse,SKU-060,0.4047023511755878,0.3032581453634085,2026-07-24 14:54:21
Rotterdam-Whse,SKU-011,0.4652326163081541,0.3659147869674185,2026-07-19 14:54:21
Seattle-Whse,SKU-460,0.9904952476238119,0.7568922305764411,2026-07-29 14:54:21
Rotterdam-Whse,SKU-180,0.4382191095547774,0.6040100250626567,2026-07-27 14:54:21
Osaka-Whse,SKU-124,0.6483241620810405,0.6015037593984962,2026-08-04 14:54:21
London-Whse,SKU-447,0.8394197098549274,0.8822055137844611,2026-08-05 14:54:21
Seattle-Whse,SKU-138,0.1630815407703852,0.8822055137844611,2026-07-26 14:54:21
London-Whse,SKU-273,0.43921960980490243,0.9398496240601504,2026-07-27 14:54:21
Rotterdam-Whse,SKU-243,0.8219109554777388,0.12531328320802004,2026-07-25 14:54:21
London-Whse,SKU-183,0.18009004502251125,0.8872180451127819,2026-07-17 14:54:21
London-Whse,SKU-415,0.3776888444222111,0.20050125313283207,2026-08-07 14:54:21
Rotterdam-Whse,SKU-218,0.2256128064032016,0.9974937343358395,2026-07-24 14:54:21
Osaka-Whse,SKU-078,0.33466733366683343,0.11779448621553884,2026-07-19 14:54:21
Osaka-Whse,SKU-024,0.054527263631815905,0.12781954887218044,2026-08-01 14:54:21
Osaka-Whse,SKU-444,0.23311655827913957,0.6466165413533834,2026-08-08 14:54:21
Rotterdam-Whse,SKU-397,0.408704352176088,0.8446115288220551,2026-07-24 14:54:21
London-Whse,SKU-417,0.7228614307153577,0.6466165413533834,2026-07-26 14:54:21
Rotterdam-Whse,SKU-065,0.08104052026013006,0.40852130325814534,2026-08-06 14:54:21
Seattle-Whse,SKU-320,0.17958979489744872,0.6716791979949874,2026-08-08 14:54:21
Rotterdam-Whse,SKU-257,0.09954977488744372,0.24310776942355888,2026-08-04 14:54:21
London-Whse,SKU-393,0.0815407703851926,0.2807017543859649,2026-08-05 14:54:21
Osaka-Whse,SKU-037,0.05252626313156578,0.46616541353383456,2026-07-31 14:54:21
Sydney-Whse,SKU-148,0.576288144072036,0.46616541353383456,2026-07-15 14:54:21
Rotterdam-Whse,SKU-440,0.8219109554777388,0.020050125313283207,2026-08-11 14:54:21
London-Whse,SKU-226,0.46473236618309155,0.5213032581453634,2026-07-22 14:54:21
Osaka-Whse,SKU-356,0.5882941470735368,0.47619047619047616,2026-07-19 14:54:21
Osaka-Whse,SKU-429,0.25062531265632815,0.38345864661654133,2026-07-22 14:54:21
Osaka-Whse,SKU-221,0.21710855427713857,0.6992481203007519,2026-07-28 14:54:21
London-Whse,SKU-012,0.5812906453226613,0.38596491228070173,2026-07-20 14:54:21
Seattle-Whse,SKU-464,0.36568284142071034,0.8696741854636592,2026-07-30 14:54:21
Sydney-Whse,SKU-422,0.09104552276138068,0.49373433583959897,2026-08-02 14:54:21
Rotterdam-Whse,SKU-413,0.7848924462231116,0.9523809523809523,2026-07-18 14:54:21
Rotterdam-Whse,SKU-006,0.663831915957979,0.2531328320802005,2026-07-19 14:54:21
Sydney-Whse,SKU-036,0.9994997498749375,0.17293233082706766,2026-08-11 14:54:21
Seattle-Whse,SKU-204,0.15607803901950976,0.13533834586466165,2026-08-01 14:54:21
Sydney-Whse,SKU-225,0.15307653826913456,0.8696741854636592,2026-07-22 14:54:21
London-Whse,SKU-133,0.4432216108054027,0.06015037593984962,2026-07-26 14:54:21
Sydney-Whse,SKU-019,0.017008504252126064,0.9072681704260651,2026-08-10 14:54:21
Rotterdam-Whse,SKU-385,0.09904952476238119,0.08270676691729323,2026-07-19 14:54:21
Rotterdam-Whse,SKU-097,0.9089544772386193,0.6015037593984962,2026-08-02 14:54:21
Rotterdam-Whse,SKU-294,0.4607303651825913,0.5664160401002506,2026-07-16 14:54:21
London-Whse,SKU-280,0.18309154577288644,0.05012531328320802,2026-07-15 14:54:21
Osaka-Whse,SKU-404,0.7708854427213607,0.6641604010025063,2026-07-31 14:54:21
Seattle-Whse,SKU-150,0.2226113056528264,0.19799498746867167,2026-07-26 14:54:21
Osaka-Whse,SKU-140,0.42521260630315155,0.09774436090225563,2026-07-20 14:54:21
Osaka-Whse,SKU-074,0.02451225612806403,0.022556390977443608,2026-08-05 14:54:21
London-Whse,SKU-385,0.14907453726863432,0.8471177944862155,2026-08-07 14:54:21
Osaka-Whse,SKU-104,0.9129564782391195,0.6992481203007519,2026-07-29 14:54:21
Seattle-Whse,SKU-170,0.006003001500750375,0.39097744360902253,2026-08-11 14:54:21
Osaka-Whse,SKU-447,0.5777888944472236,0.06766917293233082,2026-07-24 14:54:21
Seattle-Whse,SKU-420,0.9494747373686844,0.6716791979949874,2026-07-16 14:54:21
Osaka-Whse,SKU-106,0.38619309654827416,0.8822055137844611,2026-07-29 14:54:21
Osaka-Whse,SKU-160,0.08854427213606804,0.38596491228070173,2026-08-09 14:54:21
Rotterdam-Whse,SKU-260,0.5792896448224112,0.3258145363408521,2026-07-26 14:54:21
Rotterdam-Whse,SKU-074,0.6313156578289144,0.3208020050125313,2026-07-15 14:54:21
Rotterdam-Whse,SKU-374,0.7303651825912957,0.3433583959899749,2026-08-05 14:54:21
Rotterdam-Whse,SKU-391,0.5162581290645323,0.5789473684210527,2026-08-09 14:54:21
Osaka-Whse,SKU-453,0.7103551775887944,0.5914786967418546,2026-07-13 14:54:21
Osaka-Whse,SKU-062,0.1585792896448224,0.022556390977443608,2026-08-02 14:54:21
Rotterdam-Whse,SKU-204,0.6708354177088545,0.8320802005012531,2026-08-04 14:54:21
Seattle-Whse,SKU-056,0.5667833916958479,0.12030075187969924,2026-07-24 14:54:21
Seattle-Whse,SKU-372,0.10055027513756878,0.23057644110275688,2026-08-03 14:54:21
Seattle-Whse,SKU-088,0.20910455227613806,0.506265664160401,2026-08-05 14:54:21
Osaka-Whse,SKU-333,0.8914457228614308,0.8571428571428571,2026-07-18 14:54:21
Osaka-Whse,SKU-208,0.6678339169584793,0.9849624060150376,2026-08-03 14:54:21
Rotterdam-Whse,SKU-355,0.2851425712856428,0.38847117794486213,2026-07-17 14:54:21
Seattle-Whse,SKU-322,0.7293646823411706,0.15288220551378445,2026-07-13 14:54:21
Osaka-Whse,SKU-040,0.7383691845922962,0.8947368421052632,2026-07-13 14:54:21
Osaka-Whse,SKU-015,0.5737868934467234,0.568922305764411,2026-08-09 14:54:21
Seattle-Whse,SKU-447,0.02351175587793897,0.47117794486215536,2026-07-27 14:54:21
Seattle-Whse,SKU-369,0.7623811905952976,0.6165413533834586,2026-08-04 14:54:21
Rotterdam-Whse,SKU-018,0.6938469234617308,0.6265664160401002,2026-07-29 14:54:21
London-Whse,SKU-407,0.22611305652826413,0.8020050125313283,2026-07-30 14:54:21
Osaka-Whse,SKU-336,0.4822411205602801,0.37343358395989973,2026-08-11 14:54:21
London-Whse,SKU-147,0.20260130065032517,0.45614035087719296,2026-08-02 14:54:21
London-Whse,SKU-126,0.47873936968484243,0.44611528822055135,2026-07-27 14:54:21
Seattle-Whse,SKU-013,0.3711855927963982,0.06766917293233082,2026-07-16 14:54:21
Rotterdam-Whse,SKU-261,0.8179089544772387,0.46867167919799496,2026-07-28 14:54:21
Seattle-Whse,SKU-300,0.05902951475737869,0.11278195488721804,2026-07-14 14:54:21
London-Whse,SKU-384,0.7518759379689844,0.7619047619047619,2026-08-01 14:54:21
London-Whse,SKU-333,0.5217608804402201,0.2756892230576441,2026-07-25 14:54:21
Seattle-Whse,SKU-371,0.7248624312156078,0.5714285714285714,2026-07-31 14:54:21
Seattle-Whse,SKU-478,0.8074037018509255,0.9373433583959899,2026-08-08 14:54:21
London-Whse,SKU-372,0.04252126063031516,0.46867167919799496,2026-07-26 14:54:21
Osaka-Whse,SKU-005,0.2786393196598299,0.8847117794486216,2026-07-26 14:54:21
Sydney-Whse,SKU-102,0.4852426213106553,0.002506265664160401,2026-07-18 14:54:21
Seattle-Whse,SKU-257,0.87943971985993,0.8095238095238095,2026-07-24 14:54:21
Sydney-Whse,SKU-197,0.25162581290645325,0.6791979949874687,2026-07-21 14:54:21
Osaka-Whse,SKU-107,0.7763881940970485,0.3107769423558897,2026-08-09 14:54:21
Osaka-Whse,SKU-004,0.31315657828914456,0.8771929824561403,2026-08-03 14:54:21
Sydney-Whse,SKU-228,0.007503751875937969,0.7443609022556391,2026-08-03 14:54:21
London-Whse,SKU-246,0.9109554777388694,0.7042606516290727,2026-07-26 14:54:21
Sydney-Whse,SKU-050,0.8394197098549274,0.12781954887218044,2026-08-03 14:54:21
Rotterdam-Whse,SKU-444,0.009504752376188095,0.24561403508771928,2026-07-20 14:54:21
London-Whse,SKU-111,0.24312156078039018,0.22055137844611528,2026-07-21 14:54:21
Osaka-Whse,SKU-406,0.6313156578289144,0.17794486215538846,2026-07-21 14:54:21
Seattle-Whse,SKU-399,0.407703851925963,0.40601503759398494,2026-07-16 14:54:21
Sydney-Whse,SKU-195,0.7978989494747374,0.24310776942355888,2026-08-10 14:54:21
London-Whse,SKU-355,0.8044022011005503,0.5538847117794486,2026-07-20 14:54:21
Osaka-Whse,SKU-256,0.9659829914957478,0.21804511278195488,2026-08-03 14:54:21
Rotterdam-Whse,SKU-492,0.16758379189594796,0.06265664160401002,2026-07-20 14:54:21
Seattle-Whse,SKU-289,0.1805902951475738,0.07268170426065163,2026-07-20 14:54:21
Osaka-Whse,SKU-382,0.7858929464732366,0.3107769423558897,2026-08-01 14:54:21
London-Whse,SKU-470,0.3411705852926463,0.45112781954887216,2026-07-20 14:54:21
Rotterdam-Whse,SKU-379,0.22161080540270134,0.09022556390977443,2026-07-14 14:54:21
Rotterdam-Whse,SKU-437,0.005502751375687844,0.3032581453634085,2026-08-09 14:54:21
Seattle-Whse,SKU-251,0.2891445722861431,0.09273182957393483,2026-07-19 14:54:21
Seattle-Whse,SKU-168,0.48024012006003003,0.8195488721804511,2026-07-21 14:54:21
Osaka-Whse,SKU-301,0.8764382191095548,0.49874686716791977,2026-07-14 14:54:21
London-Whse,SKU-352,0.376688344172086,0.03007518796992481,2026-07-29 14:54:21
Seattle-Whse,SKU-071,0.496248124062031,0.7568922305764411,2026-07-14 14:54:21
Sydney-Whse,SKU-300,0.27163581790895447,0.6240601503759399,2026-07-13 14:54:21
Rotterdam-Whse,SKU-182,0.9379689844922461,0.41353383458646614,2026-08-08 14:54:21
Seattle-Whse,SKU-165,0.17158579289644824,0.9047619047619048,2026-08-03 14:54:21
London-Whse,SKU-314,0.5962981490745373,0.017543859649122806,2026-08-09 14:54:21
London-Whse,SKU-097,0.2556278139069535,0.7869674185463659,2026-07-13 14:54:21
Sydney-Whse,SKU-067,0.4497248624312156,0.8721804511278195,2026-07-18 14:54:21
Rotterdam-Whse,SKU-463,0.28114057028514255,0.15538847117794485,2026-07-27 14:54:21
Sydney-Whse,SKU-129,0.5212606303151576,0.8922305764411027,2026-08-09 14:54:21
Seattle-Whse,SKU-103,0.9524762381190596,0.38345864661654133,2026-07-30 14:54:21
London-Whse,SKU-363,0.112056028014007,0.6691729323308271,2026-08-03 14:54:21
Osaka-Whse,SKU-334,0.6263131565782891,0.8070175438596491,2026-07-31 14:54:21
London-Whse,SKU-445,0.9704852426213106,0.015037593984962405,2026-08-11 14:54:21
Rotterdam-Whse,SKU-267,0.34217108554277137,0.5338345864661654,2026-07-20 14:54:21
Osaka-Whse,SKU-083,0.9139569784892446,0.9348370927318296,2026-08-07 14:54:21
Rotterdam-Whse,SKU-041,0.3581790895447724,0.8696741854636592,2026-07-26 14:54:21
Sydney-Whse,SKU-053,0.05302651325662831,0.08020050125313283,2026-08-04 14:54:21
Sydney-Whse,SKU-118,0.34367183591795897,0.46115288220551376,2026-07-13 14:54:21
Rotterdam-Whse,SKU-338,0.6193096548274137,0.5513784461152882,2026-08-10 14:54:21
Sydney-Whse,SKU-272,0.8909454727363681,0.3057644110275689,2026-08-04 14:54:21
Rotterdam-Whse,SKU-416,0.8014007003501751,0.2857142857142857,2026-07-26 14:54:21
Seattle-Whse,SKU-469,0.2681340670335168,0.13032581453634084,2026-07-20 14:54:21
Seattle-Whse,SKU-281,0.016008004002001,0.7167919799498746,2026-08-08 14:54:21
Rotterdam-Whse,SKU-239,0.7578789394697348,0.5413533834586466,2026-07-26 14:54:21
London-Whse,SKU-304,0.8469234617308654,0.6716791979949874,2026-08-01 14:54:21
Sydney-Whse,SKU-400,0.8829414707353677,0.22556390977443608,2026-07-17 14:54:21
Rotterdam-Whse,SKU-431,0.21010505252626313,0.3258145363408521,2026-07-17 14:54:21
Osaka-Whse,SKU-225,0.5832916458229115,0.16290726817042606,2026-07-15 14:54:21
Sydney-Whse,SKU-212,0.46673336668334164,0.19799498746867167,2026-07-29 14:54:21
London-Whse,SKU-328,0.40570285142571283,0.2957393483709273,2026-07-29 14:54:21
London-Whse,SKU-282,0.17558779389694848,0.03007518796992481,2026-07-14 14:54:21
Sydney-Whse,SKU-172,0.11655827913956979,0.45112781954887216,2026-07-24 14:54:21
Sydney-Whse,SKU-169,0.7093546773386693,0.7894736842105263,2026-07-30 14:54:21
Osaka-Whse,SKU-274,0.4302151075537769,0.5162907268170426,2026-07-23 14:54:21
London-Whse,SKU-420,0.7383691845922962,0.09022556390977443,2026-08-11 14:54:21
Osaka-Whse,SKU-383,0.9054527263631816,0.7192982456140351,2026-08-02 14:54:21
Seattle-Whse,SKU-122,0.576288144072036,0.7744360902255639,2026-07-18 14:54:21
London-Whse,SKU-058,0.4652326163081541,0.5914786967418546,2026-08-06 14:54:21
Sydney-Whse,SKU-242,0.28714357178589295,0.6015037593984962,2026-07-14 14:54:21
Seattle-Whse,SKU-185,0.38519259629814906,0.5714285714285714,2026-08-09 14:54:21
Sydney-Whse,SKU-399,0.1360680340170085,0.9974937343358395,2026-08-07 14:54:21
Rotterdam-Whse,SKU-448,0.6858429214607303,0.9949874686716792,2026-08-05 14:54:21
Rotterdam-Whse,SKU-439,0.5057528764382191,0.10275689223057644,2026-08-01 14:54:21
Sydney-Whse,SKU-052,0.5867933966983492,0.5112781954887218,2026-07-31 14:54:21
Rotterdam-Whse,SKU-371,0.49024512256128067,0.46616541353383456,2026-08-07 14:54:21
Seattle-Whse,SKU-383,0.3136568284142071,0.37092731829573933,2026-07-15 14:54:21
Seattle-Whse,SKU-324,0.6223111555777889,0.11528822055137844,2026-08-09 14:54:21
London-Whse,SKU-052,0.18259129564782392,0.11278195488721804,2026-08-03 14:54:21
Osaka-Whse,SKU-023,0.5772886443221611,0.3157894736842105,2026-07-14 14:54:21
Seattle-Whse,SKU-309,0.3536768384192096,0.11779448621553884,2026-07-16 14:54:21
Osaka-Whse,SKU-109,0.1310655327663832,0.8872180451127819,2026-08-06 14:54:21
Rotterdam-Whse,SKU-189,0.5142571285642822,0.7142857142857143,2026-07-21 14:54:21
Seattle-Whse,SKU-394,0.7393696848424212,0.48872180451127817,2026-08-02 14:54:21
Rotterdam-Whse,SKU-127,0.0670335167583792,0.05513784461152882,2026-08-01 14:54:21
Sydney-Whse,SKU-392,0.003501750875437719,0.2506265664160401,2026-08-07 14:54:21
London-Whse,SKU-386,0.23561780890445222,0.44611528822055135,2026-08-10 14:54:21
London-Whse,SKU-303,0.8849424712356178,0.45614035087719296,2026-07-17 14:54:21
Sydney-Whse,SKU-190,0.41870935467733866,0.5363408521303258,2026-08-10 14:54:21
Osaka-Whse,SKU-270,0.04052026013006503,0.8947368421052632,2026-07-18 14:54:21
Rotterdam-Whse,SKU-462,0.014507253626813406,0.9924812030075187,2026-08-04 14:54:21
Sydney-Whse,SKU-173,0.8189094547273637,0.3182957393483709,2026-07-21 14:54:21
Rotterdam-Whse,SKU-028,0.060530265132566284,0.6265664160401002,2026-07-14 14:54:21
Rotterdam-Whse,SKU-171,0.7333666833416709,0.6791979949874687,2026-08-07 14:54:21
London-Whse,SKU-113,0.8649324662331166,0.9849624060150376,2026-07-28 14:54:21
Rotterdam-Whse,SKU-340,0.3021510755377689,0.5413533834586466,2026-07-26 14:54:21
Rotterdam-Whse,SKU-499,0.9664832416208105,0.47619047619047616,2026-07-30 14:54:21
Sydney-Whse,SKU-163,0.8179089544772387,0.46616541353383456,2026-08-05 14:54:21
Rotterdam-Whse,SKU-073,0.8839419709854928,0.47117794486215536,2026-07-25 14:54:21
Sydney-Whse,SKU-302,0.6658329164582291,0.3082706766917293,2026-07-14 14:54:21
Sydney-Whse,SKU-195,0.4207103551775888,0.8771929824561403,2026-08-01 14:54:21
Seattle-Whse,SKU-424,0.24412206103051526,0.49874686716791977,2026-07-23 14:54:21
London-Whse,SKU-386,0.8019009504752376,0.19799498746867167,2026-08-03 14:54:21
Osaka-Whse,SKU-105,0.7463731865932967,0.8120300751879699,2026-07-17 14:54:21
Rotterdam-Whse,SKU-142,0.9674837418709354,0.974937343358396,2026-07-27 14:54:21
London-Whse,SKU-223,0.7568784392196098,0.43358395989974935,2026-07-31 14:54:21
Seattle-Whse,SKU-119,0.3931965982991496,0.18796992481203006,2026-07-30 14:54:21
Sydney-Whse,SKU-369,0.6408204102051025,0.047619047619047616,2026-07-20 14:54:21
Seattle-Whse,SKU-277,0.12706353176588295,0.6591478696741855,2026-08-05 14:54:21
Sydney-Whse,SKU-029,0.23311655827913957,0.08521303258145363,2026-07-30 14:54:21
Osaka-Whse,SKU-203,0.3696848424212106,0.16791979949874686,2026-08-09 14:54:21
Sydney-Whse,SKU-111,0.26163081540770383,0.7192982456140351,2026-07-28 14:54:21
Osaka-Whse,SKU-043,0.43721860930465234,0.5112781954887218,2026-07-31 14:54:21
Sydney-Whse,SKU-311,0.2816408204102051,0.2857142857142857,2026-07-24 14:54:21
Rotterdam-Whse,SKU-035,0.02351175587793897,0.581453634085213,2026-07-16 14:54:21
Rotterdam-Whse,SKU-110,0.3826913456728364,0.46867167919799496,2026-08-09 14:54:21
Rotterdam-Whse,SKU-344,0.1535767883941971,0.17543859649122806,2026-07-24 14:54:21
Rotterdam-Whse,SKU-021,0.9604802401200601,0.2681704260651629,2026-07-22 14:54:21
Osaka-Whse,SKU-082,0.47873936968484243,0.5413533834586466,2026-07-28 14:54:21
Osaka-Whse,SKU-241,0.8569284642321161,0.20300751879699247,2026-07-14 14:54:21
Osaka-Whse,SKU-279,0.9789894947473737,0.10025062656641603,2026-08-01 14:54:21
Rotterdam-Whse,SKU-211,0.256128064032016,0.18546365914786966,2026-07-13 14:54:21
Osaka-Whse,SKU-395,0.4777388694347174,0.5764411027568922,2026-08-11 14:54:21
London-Whse,SKU-260,0.7803901950975488,0.49874686716791977,2026-07-28 14:54:21
Rotterdam-Whse,SKU-094,0.5102551275637819,0.8796992481203008,2026-07-31 14:54:21
Rotterdam-Whse,SKU-469,0.04702351175587794,0.8897243107769424,2026-07-16 14:54:21
London-Whse,SKU-456,0.47723861930965483,0.9598997493734336,2026-07-20 14:54:21
Osaka-Whse,SKU-186,0.15507753876938468,0.8320802005012531,2026-08-05 14:54:21
London-Whse,SKU-316,0.753376688344172,0.47117794486215536,2026-07-27 14:54:21
London-Whse,SKU-189,0.17508754377188596,0.17042606516290726,2026-07-25 14:54:21
London-Whse,SKU-345,0.5222611305652827,0.9674185463659147,2026-07-27 14:54:21
Osaka-Whse,SKU-343,0.6163081540770385,0.42355889724310775,2026-08-09 14:54:21
Seattle-Whse,SKU-194,0.42921460730365185,0.9824561403508771,2026-07-16 14:54:21
Seattle-Whse,SKU-004,0.6058029014507254,0.8646616541353384,2026-07-14 14:54:21
Sydney-Whse,SKU-343,0.607303651825913,0.07518796992481203,2026-07-24 14:54:21
Seattle-Whse,SKU-036,0.3781890945472736,0.8771929824561403,2026-07-15 14:54:21
Rotterdam-Whse,SKU-216,0.5907953976988495,0.38596491228070173,2026-07-26 14:54:21
Sydney-Whse,SKU-495,0.9974987493746873,0.43609022556390975,2026-07-31 14:54:21
Osaka-Whse,SKU-056,0.7948974487243622,0.8521303258145363,2026-08-03 14:54:21
Seattle-Whse,SKU-108,0.8669334667333667,0.9624060150375939,2026-07-21 14:54:21
Rotterdam-Whse,SKU-246,0.7103551775887944,0.09273182957393483,2026-07-26 14:54:21
Sydney-Whse,SKU-105,0.7878939469734867,0.9974937343358395,2026-07-25 14:54:21
Osaka-Whse,SKU-181,0.49524762381190596,0.48370927318295737,2026-08-01 14:54:21
Seattle-Whse,SKU-466,0.6823411705852926,0.14536340852130325,2026-07-17 14:54:21
Sydney-Whse,SKU-433,0.295647823911956,0.8170426065162907,2026-07-21 14:54:21
Osaka-Whse,SKU-037,0.5187593796898449,0.5513784461152882,2026-07-31 14:54:21
Sydney-Whse,SKU-150,0.3416708354177089,0.20050125313283207,2026-07-27 14:54:21
Seattle-Whse,SKU-359,0.017008504252126064,0.8947368421052632,2026-07-15 14:54:21
Sydney-Whse,SKU-131,0.9549774887443722,0.8771929824561403,2026-07-20 14:54:21
Seattle-Whse,SKU-069,0.7818909454727364,0.9974937343358395,2026-07-26 14:54:21
Rotterdam-Whse,SKU-234,0.015007503751875938,0.7869674185463659,2026-08-04 14:54:21
Osaka-Whse,SKU-486,0.2481240620310155,0.13283208020050125,2026-08-08 14:54:21
Sydney-Whse,SKU-175,0.1485742871435718,0.6967418546365914,2026-07-30 14:54:21
Seattle-Whse,SKU-089,0.026513256628314157,0.2932330827067669,2026-08-03 14:54:21
London-Whse,SKU-229,0.3891945972986493,0.7969924812030075,2026-07-21 14:54:21
Seattle-Whse,SKU-373,0.23411705852926462,0.7844611528822055,2026-07-23 14:54:21
London-Whse,SKU-184,0.9424712356178089,0.12280701754385964,2026-07-17 14:54:21
Osaka-Whse,SKU-383,0.18409204602301152,0.18295739348370926,2026-07-30 14:54:21
Seattle-Whse,SKU-283,0.7078539269634817,0.49373433583959897,2026-08-08 14:54:21
Osaka-Whse,SKU-344,0.609304652326163,0.08771929824561403,2026-07-22 14:54:21
Sydney-Whse,SKU-308,0.8374187093546773,0.6591478696741855,2026-07-18 14:54:21
Seattle-Whse,SKU-386,0.03151575787893947,0.6290726817042607,2026-07-23 14:54:21
Seattle-Whse,SKU-267,0.9629814907453726,0.8796992481203008,2026-07-28 14:54:21
London-Whse,SKU-320,0.17808904452226113,0.23057644110275688,2026-07-20 14:54:21
London-Whse,SKU-214,0.7588794397198599,0.3533834586466165,2026-07-24 14:54:21
Sydney-Whse,SKU-099,0.9084542271135568,0.2531328320802005,2026-08-03 14:54:21
Osaka-Whse,SKU-071,0.9544772386193097,0.8446115288220551,2026-08-10 14:54:21
London-Whse,SKU-266,0.24562281140570286,0.3233082706766917,2026-07-15 14:54:21
Sydney-Whse,SKU-392,0.9889944972486243,0.2957393483709273,2026-08-05 14:54:21
Rotterdam-Whse,SKU-471,0.6758379189594798,0.05012531328320802,2026-08-11 14:54:21
Seattle-Whse,SKU-396,0.3571785892946473,0.3182957393483709,2026-07-13 14:54:21
London-Whse,SKU-034,0.2991495747873937,0.07769423558897243,2026-07-14 14:54:21
Rotterdam-Whse,SKU-476,0.9299649824912456,0.7819548872180451,2026-07-25 14:54:21
London-Whse,SKU-408,0.016008004002001,0.9674185463659147,2026-08-08 14:54:21
Seattle-Whse,SKU-286,0.22761380690345173,0.20300751879699247,2026-07-27 14:54:21
Sydney-Whse,SKU-390,0.9079539769884942,0.9273182957393483,2026-07-15 14:54:21
Seattle-Whse,SKU-156,0.39419709854927465,0.017543859649122806,2026-08-08 14:54:21
London-Whse,SKU-009,0.5317658829414708,0.44611528822055135,2026-08-11 14:54:21
Sydney-Whse,SKU-373,0.5457728864432216,0.38345864661654133,2026-08-04 14:54:21
Rotterdam-Whse,SKU-364,0.9569784892446224,0.6616541353383458,2026-08-09 14:54:21
London-Whse,SKU-262,0.16408204102051024,0.7042606516290727,2026-08-10 14:54:21
Osaka-Whse,SKU-370,0.29814907453726863,0.8546365914786967,2026-08-09 14:54:21
Rotterdam-Whse,SKU-114,0.2851425712856428,0.09273182957393483,2026-08-11 14:54:21
Seattle-Whse,SKU-399,0.6133066533266633,0.5037593984962406,2026-08-08 14:54:21
Osaka-Whse,SKU-301,0.407703851925963,0.2932330827067669,2026-08-07 14:54:21
Rotterdam-Whse,SKU-029,0.6253126563281641,0.849624060150376,2026-07-22 14:54:21
Osaka-Whse,SKU-187,0.0560280140070035,0.9323308270676691,2026-08-01 14:54:21
Seattle-Whse,SKU-019,0.3876938469234617,0.39598997493734334,2026-08-01 14:54:21
Seattle-Whse,SKU-113,0.8419209604802401,0.09273182957393483,2026-08-05 14:54:21
Sydney-Whse,SKU-461,0.9794897448724362,0.5864661654135338,2026-08-02 14:54:21
Osaka-Whse,SKU-374,0.5012506253126563,0.6892230576441103,2026-07-26 14:54:21
Rotterdam-Whse,SKU-144,0.49824912456228115,0.10275689223057644,2026-07-17 14:54:21
Osaka-Whse,SKU-052,0.21010505252626313,0.7694235588972431,2026-08-03 14:54:21
Rotterdam-Whse,SKU-195,0.5592796398199099,0.9774436090225563,2026-08-10 14:54:21
Seattle-Whse,SKU-232,0.6778389194597298,0.23308270676691728,2026-07-21 14:54:21
Sydney-Whse,SKU-297,0.6133066533266633,0.8571428571428571,2026-07-26 14:54:21
Sydney-Whse,SKU-481,0.992496248124062,0.949874686716792,2026-08-04 14:54:21
Sydney-Whse,SKU-038,0.35317658829414705,0.10275689223057644,2026-08-05 14:54:21
Sydney-Whse,SKU-195,0.29464732366183094,0.7994987468671679,2026-07-27 14:54:21
London-Whse,SKU-415,0.3181590795397699,0.3508771929824561,2026-07-16 14:54:21
Rotterdam-Whse,SKU-321,0.2236118059029515,0.7017543859649122,2026-08-07 14:54:21
Osaka-Whse,SKU-236,0.3571785892946473,0.949874686716792,2026-08-05 14:54:21
Sydney-Whse,SKU-067,0.08754377188594298,0.2556390977443609,2026-07-16 14:54:21
Seattle-Whse,SKU-166,0.3006503251625813,0.8145363408521303,2026-07-16 14:54:21
Osaka-Whse,SKU-268,0.7308654327163582,0.12531328320802004,2026-08-06 14:54:21
Rotterdam-Whse,SKU-266,0.7723861930965483,0.21553884711779447,2026-07-13 14:54:21
Sydney-Whse,SKU-052,0.6013006503251626,0.6942355889724311,2026-07-28 14:54:21
Seattle-Whse,SKU-339,0.5477738869434717,0.9348370927318296,2026-08-08 14:54:21
Sydney-Whse,SKU-339,0.6308154077038519,0.3007518796992481,2026-07-14 14:54:21
Rotterdam-Whse,SKU-262,0.4182091045522761,0.14285714285714285,2026-08-01 14:54:21
Sydney-Whse,SKU-072,0.04502251125562781,0.09022556390977443,2026-08-01 14:54:21
Osaka-Whse,SKU-237,0.49874937468734365,0.9573934837092731,2026-08-07 14:54:21
Osaka-Whse,SKU-154,0.08454227113556778,0.6791979949874687,2026-07-21 14:54:21
Rotterdam-Whse,SKU-131,0.38969484742371185,0.05513784461152882,2026-07-28 14:54:21
Rotterdam-Whse,SKU-490,0.40970485242621313,0.5964912280701754,2026-07-25 14:54:21
Seattle-Whse,SKU-192,0.575287643821911,0.07017543859649122,2026-07-18 14:54:21
Osaka-Whse,SKU-179,0.43421710855427714,0.02506265664160401,2026-08-01 14:54:21
Sydney-Whse,SKU-253,0.42821410705352675,0.7844611528822055,2026-07-24 14:54:21
Osaka-Whse,SKU-122,0.03551775887943972,0.13533834586466165,2026-07-31 14:54:21
Seattle-Whse,SKU-099,0.29064532266133064,0.37092731829573933,2026-07-22 14:54:21
Osaka-Whse,SKU-248,0.9604802401200601,0.5213032581453634,2026-08-09 14:54:21
Rotterdam-Whse,SKU-434,0.824912456228114,0.48370927318295737,2026-08-08 14:54:21
Seattle-Whse,SKU-010,0.5592796398199099,0.3007518796992481,2026-07-13 14:54:21
Sydney-Whse,SKU-069,0.14807403701850924,0.43358395989974935,2026-07-22 14:54:21
Sydney-Whse,SKU-045,0.3171585792896448,0.9548872180451128,2026-07-19 14:54:21
Rotterdam-Whse,SKU-193,0.2481240620310155,0.849624060150376,2026-08-04 14:54:21
Rotterdam-Whse,SKU-049,0.8159079539769885,0.3007518796992481,2026-07-18 14:54:21
Seattle-Whse,SKU-217,0.31265632816408206,0.03258145363408521,2026-07-13 14:54:21
Rotterdam-Whse,SKU-411,0.375687843921961,0.23809523809523808,2026-07-16 14:54:21
London-Whse,SKU-383,0.632816408204102,0.5989974937343359,2026-07-27 14:54:21
Rotterdam-Whse,SKU-281,0.6078039019509754,0.2957393483709273,2026-07-19 14:54:21
Seattle-Whse,SKU-392,0.11505752876438219,0.8771929824561403,2026-07-18 14:54:21
Rotterdam-Whse,SKU-017,0.5972986493246624,0.8771929824561403,2026-08-08 14:54:21
London-Whse,SKU-357,0.8359179589794897,0.10275689223057644,2026-07-26 14:54:21
Seattle-Whse,SKU-170,0.9959979989994997,0.7192982456140351,2026-07-28 14:54:21
Osaka-Whse,SKU-215,0.5462731365682841,0.924812030075188,2026-07-16 14:54:21
Seattle-Whse,SKU-322,0.7653826913456728,0.5839598997493735,2026-08-06 14:54:21
Rotterdam-Whse,SKU-412,0.45972986493246626,0.12531328320802004,2026-07-22 14:54:21
Rotterdam-Whse,SKU-306,0.5577788894447223,0.9197994987468672,2026-08-04 14:54:21
London-Whse,SKU-235,0.9489744872436218,0.3583959899749373,2026-07-31 14:54:21
Rotterdam-Whse,SKU-363,0.4792396198099049,0.13784461152882205,2026-07-27 14:54:21
Rotterdam-Whse,SKU-028,0.060030015007503754,0.23057644110275688,2026-07-22 14:54:21
Osaka-Whse,SKU-345,0.015007503751875938,0.3558897243107769,2026-07-28 14:54:21
Osaka-Whse,SKU-227,0.4347173586793397,0.6240601503759399,2026-07-25 14:54:21
London-Whse,SKU-389,0.471735867933967,0.6716791979949874,2026-08-09 14:54:21
Rotterdam-Whse,SKU-244,0.30115057528764383,0.012531328320802004,2026-07-18 14:54:21
London-Whse,SKU-446,0.3306653326663332,0.8095238095238095,2026-07-28 14:54:21
Osaka-Whse,SKU-191,0.39269634817408705,0.18045112781954886,2026-07-13 14:54:21
London-Whse,SKU-068,0.407703851925963,0.15538847117794485,2026-08-07 14:54:21
Sydney-Whse,SKU-134,0.7328664332166083,0.7669172932330827,2026-07-31 14:54:21
Seattle-Whse,SKU-007,0.7183591795897949,0.5137844611528822,2026-07-24 14:54:21
London-Whse,SKU-496,0.3471735867933967,0.568922305764411,2026-07-31 14:54:21
Osaka-Whse,SKU-058,0.6598299149574788,0.6015037593984962,2026-07-18 14:54:21
Rotterdam-Whse,SKU-026,0.2256128064032016,0.2631578947368421,2026-07-27 14:54:21
London-Whse,SKU-418,0.16558279139569784,1.0,2026-07-16 14:54:21
Osaka-Whse,SKU-133,0.9264632316158079,0.10776942355889724,2026-08-09 14:54:21
London-Whse,SKU-347,0.19159579789894948,0.0,2026-08-10 14:54:21
Rotterdam-Whse,SKU-288,0.3736868434217109,0.8972431077694235,2026-08-11 14:54:21
London-Whse,SKU-205,0.8224112056028015,0.8045112781954887,2026-07-13 14:54:21
Osaka-Whse,SKU-023,0.304152076038019,0.09523809523809523,2026-07-30 14:54:21
Rotterdam-Whse,SKU-413,0.2066033016508254,0.40350877192982454,2026-07-23 14:54:21
Seattle-Whse,SKU-022,0.002001000500250125,0.3458646616541353,2026-07-21 14:54:21
Rotterdam-Whse,SKU-139,0.8404202101050525,0.39849624060150374,2026-07-24 14:54:21
Rotterdam-Whse,SKU-288,0.15807903951975988,0.7017543859649122,2026-07-15 14:54:21
London-Whse,SKU-091,0.8389194597298649,0.10275689223057644,2026-07-18 14:54:21
Osaka-Whse,SKU-337,0.0,0.2706766917293233,2026-07-24 14:54:21
Sydney-Whse,SKU-064,0.1025512756378189,0.8446115288220551,2026-07-23 14:54:21
Sydney-Whse,SKU-016,0.4822411205602801,0.13283208020050125,2026-07-30 14:54:21
London-Whse,SKU-336,0.03901950975487744,0.37092731829573933,2026-07-13 14:54:21
Sydney-Whse,SKU-333,0.14357178589294647,0.2781954887218045,2026-07-13 14:54:21
Osaka-Whse,SKU-091,0.9449724862431216,0.7518796992481203,2026-07-26 14:54:21
Seattle-Whse,SKU-004,0.7128564282141071,0.49373433583959897,2026-07-15 14:54:21
London-Whse,SKU-377,0.7328664332166083,0.6340852130325815,2026-07-17 14:54:21
London-Whse,SKU-077,0.6218109054527263,0.40350877192982454,2026-07-26 14:54:21
Osaka-Whse,SKU-115,0.5587793896948474,0.3308270676691729,2026-07-22 14:54:21
London-Whse,SKU-114,0.5162581290645323,0.7468671679197995,2026-08-08 14:54:21
Osaka-Whse,SKU-321,0.5607803901950975,0.42105263157894735,2026-07-20 14:54:21
Osaka-Whse,SKU-402,0.967983991995998,0.8571428571428571,2026-07-29 14:54:21
London-Whse,SKU-346,0.9929964982491246,0.10776942355889724,2026-07-23 14:54:21
Sydney-Whse,SKU-285,0.8309154577288644,0.6491228070175439,2026-07-28 14:54:21
Rotterdam-Whse,SKU-214,0.40820410205102553,0.49874686716791977,2026-07-31 14:54:21
Sydney-Whse,SKU-136,0.9569784892446224,0.2882205513784461,2026-08-07 14:54:21
Sydney-Whse,SKU-155,0.7228614307153577,0.9724310776942355,2026-07-22 14:54:21
Sydney-Whse,SKU-392,0.17058529264632316,0.042606516290726815,2026-08-08 14:54:21
London-Whse,SKU-165,0.8314157078539269,0.9974937343358395,2026-08-06 14:54:21
Rotterdam-Whse,SKU-213,0.27963981990995496,0.11278195488721804,2026-07-29 14:54:21
Rotterdam-Whse,SKU-120,0.3216608304152076,0.045112781954887216,2026-07-18 14:54:21
Rotterdam-Whse,SKU-475,0.8839419709854928,0.10275689223057644,2026-07-15 14:54:21
Sydney-Whse,SKU-048,0.9724862431215607,0.7042606516290727,2026-08-02 14:54:21
Sydney-Whse,SKU-109,0.8354177088544272,0.8571428571428571,2026-07-29 14:54:21
Rotterdam-Whse,SKU-426,0.42021010505252626,0.13784461152882205,2026-08-09 14:54:21
Sydney-Whse,SKU-198,0.6693346673336669,0.09273182957393483,2026-07-22 14:54:21
Rotterdam-Whse,SKU-217,0.11505752876438219,0.8546365914786967,2026-08-07 14:54:21
Seattle-Whse,SKU-434,0.1040520260130065,0.5012531328320802,2026-08-03 14:54:21
Sydney-Whse,SKU-344,0.7088544272136068,0.20802005012531327,2026-07-26 14:54:21
Sydney-Whse,SKU-285,0.017508754377188594,0.5363408521303258,2026-07-16 14:54:21
Osaka-Whse,SKU-018,0.31465732866433216,0.3408521303258145,2026-08-09 14:54:21
Osaka-Whse,SKU-463,0.5267633816908455,0.18045112781954886,2026-07-16 14:54:21
Sydney-Whse,SKU-489,0.4932466233116558,0.568922305764411,2026-07-25 14:54:21
Seattle-Whse,SKU-246,0.7303651825912957,0.974937343358396,2026-08-05 14:54:21
Seattle-Whse,SKU-170,0.21260630315157578,0.7869674185463659,2026-08-06 14:54:21
Sydney-Whse,SKU-415,0.37718859429714857,0.39097744360902253,2026-08-04 14:54:21
Seattle-Whse,SKU-257,1.0,0.8947368421052632,2026-07-20 14:54:21
Rotterdam-Whse,SKU-456,0.02301150575287644,0.8295739348370927,2026-08-02 14:54:21
Rotterdam-Whse,SKU-152,0.24312156078039018,0.3383458646616541,2026-08-01 14:54:21
Seattle-Whse,SKU-026,0.5152576288144072,0.19548872180451127,2026-07-28 14:54:21
Rotterdam-Whse,SKU-400,0.10305152576288144,0.22055137844611528,2026-08-11 14:54:21
Rotterdam-Whse,SKU-259,0.6763381690845423,0.7167919799498746,2026-07-20 14:54:21
Rotterdam-Whse,SKU-242,0.5202601300650325,0.44110275689223055,2026-08-09 14:54:21
Rotterdam-Whse,SKU-467,0.6673336668334167,0.2756892230576441,2026-08-02 14:54:21
Seattle-Whse,SKU-356,0.5317658829414708,0.3032581453634085,2026-08-10 14:54:21
Seattle-Whse,SKU-007,0.04552276138069034,0.9022556390977443,2026-07-25 14:54:21
Rotterdam-Whse,SKU-337,0.8159079539769885,0.0,2026-07-16 14:54:21
London-Whse,SKU-484,0.7283641820910455,0.015037593984962405,2026-07-19 14:54:21
Rotterdam-Whse,SKU-350,0.32016008004002,0.44611528822055135,2026-08-10 14:54:21
Rotterdam-Whse,SKU-183,0.34817408704352176,0.13032581453634084,2026-08-08 14:54:21
Seattle-Whse,SKU-235,1.0,0.8947368421052632,2026-08-01 14:54:21
London-Whse,SKU-001,0.7748874437218609,0.531328320802005,2026-07-17 14:54:21
Sydney-Whse,SKU-034,0.24262131065532766,0.9022556390977443,2026-07-29 14:54:21
Osaka-Whse,SKU-419,0.8529264632316158,0.20300751879699247,2026-07-23 14:54:21
London-Whse,SKU-137,0.6283141570785392,0.2857142857142857,2026-07-15 14:54:21
Sydney-Whse,SKU-289,0.5362681340670336,0.007518796992481203,2026-07-16 14:54:21
London-Whse,SKU-272,0.7273636818409205,0.06265664160401002,2026-08-06 14:54:21
Sydney-Whse,SKU-406,0.6288144072036018,0.5764411027568922,2026-08-05 14:54:21
Osaka-Whse,SKU-286,0.8049024512256128,0.3007518796992481,2026-07-28 14:54:21
Osaka-Whse,SKU-168,0.18809404702351176,0.9974937343358395,2026-07-22 14:54:21
Sydney-Whse,SKU-210,0.8344172086043021,0.8621553884711779,2026-08-08 14:54:21
Osaka-Whse,SKU-499,0.59879939969985,0.37593984962406013,2026-07-19 14:54:21
Sydney-Whse,SKU-266,0.6668334167083542,0.17293233082706766,2026-07-30 14:54:21
Sydney-Whse,SKU-032,0.5332666333166584,0.2932330827067669,2026-07-18 14:54:21
Osaka-Whse,SKU-399,0.31315657828914456,0.8421052631578947,2026-07-23 14:54:21
Osaka-Whse,SKU-262,0.8074037018509255,0.9523809523809523,2026-07-26 14:54:21
Osaka-Whse,SKU-022,0.8684342171085543,0.15789473684210525,2026-07-31 14:54:21
Osaka-Whse,SKU-471,0.40220110055027514,0.19298245614035087,2026-07-19 14:54:21
Osaka-Whse,SKU-224,0.4442221110555278,0.06766917293233082,2026-07-21 14:54:21
Seattle-Whse,SKU-201,0.2891445722861431,0.8972431077694235,2026-07-13 14:54:21
London-Whse,SKU-349,0.35317658829414705,0.43358395989974935,2026-07-20 14:54:21
Osaka-Whse,SKU-395,0.2416208104052026,0.38345864661654133,2026-08-04 14:54:21
London-Whse,SKU-210,0.2621310655327664,0.40852130325814534,2026-08-02 14:54:21
London-Whse,SKU-064,0.15307653826913456,0.18796992481203006,2026-07-21 14:54:21
London-Whse,SKU-386,0.02751375687843922,0.41854636591478694,2026-07-15 14:54:21
Sydney-Whse,SKU-353,0.897448724362181,0.47619047619047616,2026-08-10 14:54:21
London-Whse,SKU-284,0.4457228614307154,0.6591478696741855,2026-08-09 14:54:21
Seattle-Whse,SKU-437,0.6228114057028514,0.87468671679198,2026-08-10 14:54:21
Seattle-Whse,SKU-465,0.5412706353176588,0.37844611528822053,2026-08-06 14:54:21
London-Whse,SKU-225,0.6708354177088545,0.12531328320802004,2026-08-05 14:54:21
Osaka-Whse,SKU-334,0.30865432716358177,0.7092731829573935,2026-07-19 14:54:21
London-Whse,SKU-487,0.16708354177088544,0.005012531328320802,2026-07-27 14:54:21
Osaka-Whse,SKU-263,0.060030015007503754,0.518796992481203,2026-07-22 14:54:21
Seattle-Whse,SKU-140,0.7503751875937968,0.6992481203007519,2026-08-11 14:54:21
Rotterdam-Whse,SKU-338,0.5707853926963482,0.010025062656641603,2026-07-28 14:54:21
Rotterdam-Whse,SKU-327,0.17208604302151076,0.3533834586466165,2026-07-23 14:54:21
London-Whse,SKU-035,0.6938469234617308,0.8370927318295739,2026-08-01 14:54:21
Rotterdam-Whse,SKU-300,0.4732366183091546,0.9523809523809523,2026-08-06 14:54:21
Sydney-Whse,SKU-264,0.9354677338669335,0.9348370927318296,2026-07-23 14:54:21
Osaka-Whse,SKU-074,0.5257628814407204,0.9899749373433584,2026-08-01 14:54:21
Osaka-Whse,SKU-376,0.21010505252626313,0.9097744360902256,2026-07-19 14:54:21
Sydney-Whse,SKU-246,0.04602301150575288,0.15538847117794485,2026-08-02 14:54:21
Sydney-Whse,SKU-011,0.8254127063531765,0.22305764411027568,2026-08-04 14:54:21
Rotterdam-Whse,SKU-052,0.18659329664832416,0.6842105263157895,2026-07-13 14:54:21
Sydney-Whse,SKU-140,0.7968984492246123,0.05012531328320802,2026-07-22 14:54:21
Sydney-Whse,SKU-221,0.376688344172086,0.5463659147869674,2026-07-14 14:54:21
London-Whse,SKU-058,0.7243621810905453,0.6867167919799498,2026-07-31 14:54:21
Sydney-Whse,SKU-378,0.4607303651825913,0.9323308270676691,2026-07-23 14:54:21
Osaka-Whse,SKU-342,0.0830415207603802,0.37593984962406013,2026-08-01 14:54:21
London-Whse,SKU-095,0.29164582291145574,0.9598997493734336,2026-08-05 14:54:21
London-Whse,SKU-272,0.7268634317158579,0.23558897243107768,2026-08-03 14:54:21
Sydney-Whse,SKU-227,0.7623811905952976,0.19047619047619047,2026-07-14 14:54:21
Rotterdam-Whse,SKU-360,0.0400200100050025,0.09022556390977443,2026-08-06 14:54:21
Sydney-Whse,SKU-314,0.38219109554777386,0.6265664160401002,2026-08-10 14:54:21
Seattle-Whse,SKU-196,0.49724862431215605,0.7418546365914787,2026-07-25 14:54:21
London-Whse,SKU-393,0.7333666833416709,0.22305764411027568,2026-07-16 14:54:21
Rotterdam-Whse,SKU-466,0.7508754377188595,0.2706766917293233,2026-07-16 14:54:21
Osaka-Whse,SKU-387,0.8784392196098049,0.656641604010025,2026-07-25 14:54:21
Seattle-Whse,SKU-377,0.5277638819409705,0.22055137844611528,2026-07-31 14:54:21
Rotterdam-Whse,SKU-003,0.18859429714857429,0.14786967418546365,2026-08-09 14:54:21
Osaka-Whse,SKU-029,0.29314657328664334,0.17293233082706766,2026-07-24 14:54:21
Sydney-Whse,SKU-173,0.9734867433716858,0.49122807017543857,2026-07-17 14:54:21
Rotterdam-Whse,SKU-147,0.6483241620810405,0.08521303258145363,2026-07-28 14:54:21
Seattle-Whse,SKU-461,0.3586793396698349,0.39348370927318294,2026-07-14 14:54:21
Osaka-Whse,SKU-048,0.6043021510755378,0.681704260651629,2026-08-07 14:54:21
Sydney-Whse,SKU-015,0.5757878939469735,0.5238095238095238,2026-07-27 14:54:21
Sydney-Whse,SKU-353,0.8509254627313657,0.2957393483709273,2026-08-01 14:54:21
Rotterdam-Whse,SKU-249,0.663831915957979,0.6190476190476191,2026-07-17 14:54:21
Rotterdam-Whse,SKU-025,0.4882441220610305,0.8546365914786967,2026-07-14 14:54:21
Osaka-Whse,SKU-418,0.8129064532266133,0.6616541353383458,2026-08-04 14:54:21
Sydney-Whse,SKU-459,0.1310655327663832,0.39348370927318294,2026-07-21 14:54:21
Osaka-Whse,SKU-256,0.7188594297148574,0.48872180451127817,2026-07-17 14:54:21
Sydney-Whse,SKU-118,0.10805402701350675,0.5112781954887218,2026-07-30 14:54:21
Sydney-Whse,SKU-380,0.5977988994497249,0.974937343358396,2026-07-17 14:54:21
Seattle-Whse,SKU-341,0.8854427213606804,0.7969924812030075,2026-07-17 14:54:21
Osaka-Whse,SKU-461,0.9489744872436218,0.2907268170426065,2026-07-17 14:54:21
Seattle-Whse,SKU-455,0.6593296648324162,0.3032581453634085,2026-07-25 14:54:21
Rotterdam-Whse,SKU-399,0.5562781390695347,0.5964912280701754,2026-08-06 14:54:21
Seattle-Whse,SKU-079,0.9404702351175588,0.8170426065162907,2026-07-17 14:54:21
London-Whse,SKU-328,0.07403701850925462,0.03759398496240601,2026-07-28 14:54:21
Rotterdam-Whse,SKU-321,0.3901950975487744,0.2932330827067669,2026-07-14 14:54:21
London-Whse,SKU-351,0.14807403701850924,0.48370927318295737,2026-08-03 14:54:21
Rotterdam-Whse,SKU-281,0.4502251125562781,0.7518796992481203,2026-08-10 14:54:21
Osaka-Whse,SKU-250,0.9789894947473737,0.5764411027568922,2026-08-09 14:54:21
Seattle-Whse,SKU-244,0.9119559779889945,0.9172932330827067,2026-07-26 14:54:21
Osaka-Whse,SKU-440,0.897448724362181,0.17293233082706766,2026-07-26 14:54:21
Sydney-Whse,SKU-247,0.5707853926963482,0.07518796992481203,2026-07-26 14:54:21
Sydney-Whse,SKU-016,0.6483241620810405,0.8796992481203008,2026-08-11 14:54:21
Seattle-Whse,SKU-322,0.31115557778889447,0.731829573934837,2026-07-19 14:54:21
Rotterdam-Whse,SKU-340,0.6953476738369184,0.7944862155388471,2026-07-22 14:54:21
Osaka-Whse,SKU-037,0.14507253626813407,0.45112781954887216,2026-07-28 14:54:21
Osaka-Whse,SKU-238,0.9809904952476238,0.23308270676691728,2026-08-08 14:54:21
Rotterdam-Whse,SKU-244,0.2111055527763882,0.8370927318295739,2026-07-20 14:54:21
Seattle-Whse,SKU-271,0.5817908954477239,0.9598997493734336,2026-07-25 14:54:21
Seattle-Whse,SKU-498,0.7308654327163582,0.8596491228070176,2026-08-06 14:54:21
London-Whse,SKU-335,0.7773886943471736,0.17042606516290726,2026-08-08 14:54:21
Seattle-Whse,SKU-010,0.5817908954477239,0.3358395989974937,2026-07-31 14:54:21
Osaka-Whse,SKU-094,0.9539769884942472,0.6015037593984962,2026-07-30 14:54:21
Sydney-Whse,SKU-325,0.8419209604802401,0.543859649122807,2026-07-31 14:54:21
London-Whse,SKU-231,0.29064532266133064,0.5513784461152882,2026-08-02 14:54:21
Rotterdam-Whse,SKU-080,0.6888444222111055,0.39598997493734334,2026-08-08 14:54:21
Seattle-Whse,SKU-314,0.9624812406203102,0.40100250626566414,2026-08-01 14:54:21
Rotterdam-Whse,SKU-032,0.060030015007503754,0.5363408521303258,2026-08-09 14:54:21
Seattle-Whse,SKU-228,0.7243621810905453,0.11779448621553884,2026-08-05 14:54:21
Sydney-Whse,SKU-333,0.7733866933466733,0.5939849624060151,2026-07-21 14:54:21
Seattle-Whse,SKU-471,0.35167583791895946,0.02756892230576441,2026-07-22 14:54:21
Sydney-Whse,SKU-021,0.5212606303151576,0.8596491228070176,2026-07-13 14:54:21
Osaka-Whse,SKU-315,0.2161080540270135,0.14536340852130325,2026-07-20 14:54:21
Rotterdam-Whse,SKU-440,0.9539769884942472,0.14285714285714285,2026-07-17 14:54:21
Osaka-Whse,SKU-445,0.9589794897448725,0.5964912280701754,2026-08-07 14:54:21
Seattle-Whse,SKU-095,0.5507753876938469,0.3533834586466165,2026-08-03 14:54:21
Sydney-Whse,SKU-095,0.6233116558279139,0.47368421052631576,2026-08-11 14:54:21
Rotterdam-Whse,SKU-020,0.9174587293646823,0.5989974937343359,2026-08-01 14:54:21
Sydney-Whse,SKU-094,0.2766383191595798,0.9097744360902256,2026-07-13 14:54:21
Sydney-Whse,SKU-074,0.4917458729364682,0.9122807017543859,2026-07-14 14:54:21
Rotterdam-Whse,SKU-423,0.6068034017008505,0.3107769423558897,2026-08-06 14:54:21
Osaka-Whse,SKU-379,0.2766383191595798,0.14285714285714285,2026-08-01 14:54:21
Osaka-Whse,SKU-089,0.4227113556778389,0.2756892230576441,2026-08-05 14:54:21
Sydney-Whse,SKU-459,0.8514257128564282,0.02506265664160401,2026-07-29 14:54:21
Seattle-Whse,SKU-016,0.5282641320660331,0.581453634085213,2026-08-03 14:54:21
London-Whse,SKU-224,0.7973986993496749,0.12531328320802004,2026-07-28 14:54:21
Rotterdam-Whse,SKU-027,0.2836418209104552,0.3007518796992481,2026-07-26 14:54:21
London-Whse,SKU-115,0.31015507753876936,0.43609022556390975,2026-07-27 14:54:21
London-Whse,SKU-008,0.4792396198099049,0.3358395989974937,2026-07-16 14:54:21
Seattle-Whse,SKU-240,0.36668334167083544,0.9649122807017544,2026-07-26 14:54:21
Seattle-Whse,SKU-004,0.3966983491745873,0.8345864661654135,2026-08-04 14:54:21
Sydney-Whse,SKU-389,0.8319159579789895,0.6516290726817042,2026-07-16 14:54:21
Sydney-Whse,SKU-259,0.9789894947473737,0.23308270676691728,2026-08-11 14:54:21
Sydney-Whse,SKU-468,0.8669334667333667,0.44360902255639095,2026-07-27 14:54:21
Seattle-Whse,SKU-424,0.8074037018509255,0.9448621553884712,2026-08-02 14:54:21
Seattle-Whse,SKU-201,0.9524762381190596,0.7694235588972431,2026-07-18 14:54:21
Seattle-Whse,SKU-073,0.4867433716858429,0.8796992481203008,2026-08-07 14:54:21
Sydney-Whse,SKU-388,0.4137068534267134,0.5989974937343359,2026-07-27 14:54:21
Osaka-Whse,SKU-031,0.23911955977988994,0.03258145363408521,2026-07-30 14:54:21
London-Whse,SKU-068,0.8319159579789895,0.06265664160401002,2026-07-19 14:54:21
Seattle-Whse,SKU-291,0.8209104552276139,0.05764411027568922,2026-07-24 14:54:21
Osaka-Whse,SKU-194,0.3401700850425213,0.08771929824561403,2026-08-07 14:54:21
Osaka-Whse,SKU-377,0.01900950475237619,0.5263157894736842,2026-08-06 14:54:21
London-Whse,SKU-326,0.2206103051525763,0.14536340852130325,2026-07-17 14:54:21
Sydney-Whse,SKU-367,0.6838419209604802,0.5939849624060151,2026-08-04 14:54:21
Sydney-Whse,SKU-094,0.3776888444222111,0.02506265664160401,2026-07-22 14:54:21
Seattle-Whse,SKU-012,0.8449224612306153,0.09273182957393483,2026-07-24 14:54:21
Rotterdam-Whse,SKU-382,0.624312156078039,0.3558897243107769,2026-07-28 14:54:21
Sydney-Whse,SKU-054,0.01150575287643822,0.9874686716791979,2026-07-18 14:54:21
Seattle-Whse,SKU-471,0.8049024512256128,0.46115288220551376,2026-07-23 14:54:21
Rotterdam-Whse,SKU-220,0.24312156078039018,0.3007518796992481,2026-07-26 14:54:21
London-Whse,SKU-346,0.23611805902951477,0.40852130325814534,2026-07-31 14:54:21
Rotterdam-Whse,SKU-050,0.4622311155577789,0.9097744360902256,2026-07-19 14:54:21
Rotterdam-Whse,SKU-461,0.775887943971986,0.41854636591478694,2026-07-16 14:54:21
Rotterdam-Whse,SKU-326,0.6608304152076038,0.46115288220551376,2026-08-02 14:54:21
Sydney-Whse,SKU-422,0.7078539269634817,0.14285714285714285,2026-08-02 14:54:21
Osaka-Whse,SKU-428,0.4257128564282141,0.5037593984962406,2026-08-03 14:54:21
Seattle-Whse,SKU-089,0.3001500750375188,0.8596491228070176,2026-08-06 14:54:21
Rotterdam-Whse,SKU-330,0.5632816408204102,0.556390977443609,2026-07-25 14:54:21
Rotterdam-Whse,SKU-033,0.2541270635317659,0.45112781954887216,2026-07-19 14:54:21
Rotterdam-Whse,SKU-087,0.29014507253626814,0.949874686716792,2026-07-17 14:54:21
Sydney-Whse,SKU-408,0.2586293146573287,0.6390977443609023,2026-07-21 14:54:21
London-Whse,SKU-384,0.41270635317658827,0.7593984962406015,2026-07-15 14:54:21
Osaka-Whse,SKU-282,0.35917958979489745,0.19047619047619047,2026-08-04 14:54:21
Rotterdam-Whse,SKU-461,0.5397698849424712,0.7368421052631579,2026-07-26 14:54:21
London-Whse,SKU-167,0.599799899949975,0.7017543859649122,2026-08-10 14:54:21
Sydney-Whse,SKU-256,0.6523261630815408,0.8621553884711779,2026-07-21 14:54:21
Seattle-Whse,SKU-206,0.4867433716858429,0.07268170426065163,2026-07-17 14:54:21
Osaka-Whse,SKU-217,0.6258129064532266,0.8320802005012531,2026-07-14 14:54:21
Osaka-Whse,SKU-073,0.19909954977488745,0.23558897243107768,2026-07-31 14:54:21
Rotterdam-Whse,SKU-095,0.9649824912456229,0.606516290726817,2026-07-22 14:54:21
Sydney-Whse,SKU-263,0.5737868934467234,0.7192982456140351,2026-07-23 14:54:21
Rotterdam-Whse,SKU-432,0.511255627813907,0.2706766917293233,2026-07-15 14:54:21
London-Whse,SKU-048,0.4062031015507754,0.23558897243107768,2026-07-14 14:54:21
Seattle-Whse,SKU-118,0.8339169584792396,0.6265664160401002,2026-07-28 14:54:21
Osaka-Whse,SKU-218,0.5382691345672836,0.3132832080200501,2026-07-16 14:54:21
Seattle-Whse,SKU-176,0.1455727863931966,0.39598997493734334,2026-08-01 14:54:21
Seattle-Whse,SKU-357,0.3166583291645823,0.5914786967418546,2026-07-31 14:54:21
Sydney-Whse,SKU-315,0.6513256628314157,0.8872180451127819,2026-08-08 14:54:21
London-Whse,SKU-426,0.5642821410705353,0.10275689223057644,2026-07-30 14:54:21
Seattle-Whse,SKU-460,0.24512256128064033,0.13032581453634084,2026-08-04 14:54:21
Osaka-Whse,SKU-247,0.59879939969985,0.9298245614035088,2026-07-20 14:54:21
Seattle-Whse,SKU-150,0.12406203101550775,0.2857142857142857,2026-07-23 14:54:21
London-Whse,SKU-309,0.058029014507253625,0.47619047619047616,2026-07-26 14:54:21
Osaka-Whse,SKU-384,0.3921960980490245,0.09273182957393483,2026-08-07 14:54:21
Sydney-Whse,SKU-112,0.7303651825912957,0.3408521303258145,2026-07-31 14:54:21
Osaka-Whse,SKU-410,0.1660830415207604,0.045112781954887216,2026-07-27 14:54:21
Seattle-Whse,SKU-208,0.5907953976988495,0.39849624060150374,2026-07-29 14:54:21
London-Whse,SKU-357,0.9334667333666833,0.49122807017543857,2026-07-19 14:54:21
Rotterdam-Whse,SKU-226,0.2971485742871436,0.06265664160401002,2026-07-26 14:54:21
Rotterdam-Whse,SKU-044,0.8099049524762382,0.06015037593984962,2026-07-15 14:54:21
Sydney-Whse,SKU-204,0.951975987993997,0.48120300751879697,2026-08-10 14:54:21
Osaka-Whse,SKU-354,0.015507753876938469,0.22055137844611528,2026-08-02 14:54:21
Osaka-Whse,SKU-193,0.8479239619809905,0.731829573934837,2026-07-31 14:54:21
Seattle-Whse,SKU-115,0.36068034017008505,0.5538847117794486,2026-07-30 14:54:21
Rotterdam-Whse,SKU-469,0.21260630315157578,0.09774436090225563,2026-08-02 14:54:21
Osaka-Whse,SKU-060,0.24212106053026514,0.02506265664160401,2026-07-19 14:54:21
Seattle-Whse,SKU-410,0.02051025512756378,0.47368421052631576,2026-07-16 14:54:21
Sydney-Whse,SKU-252,0.48624312156078037,0.22807017543859648,2026-08-08 14:54:21
Sydney-Whse,SKU-318,0.8689344672336168,0.6691729323308271,2026-07-29 14:54:21
Rotterdam-Whse,SKU-195,0.2696348174087044,0.48370927318295737,2026-07-15 14:54:21
Rotterdam-Whse,SKU-223,0.3091545772886443,0.37092731829573933,2026-08-05 14:54:21
Osaka-Whse,SKU-095,0.3906953476738369,0.9348370927318296,2026-07-13 14:54:21
Seattle-Whse,SKU-471,0.6708354177088545,0.02756892230576441,2026-07-14 14:54:21
Osaka-Whse,SKU-440,0.9154577288644322,0.8546365914786967,2026-08-08 14:54:21
London-Whse,SKU-168,0.5157578789394698,0.3082706766917293,2026-07-23 14:54:21
Osaka-Whse,SKU-185,0.27313656828414207,0.18045112781954886,2026-07-24 14:54:21
Sydney-Whse,SKU-039,0.5537768884442221,0.05012531328320802,2026-07-14 14:54:21
Rotterdam-Whse,SKU-258,0.9179589794897449,0.07268170426065163,2026-07-20 14:54:21
Sydney-Whse,SKU-097,0.11155577788894447,0.22807017543859648,2026-07-19 14:54:21
Osaka-Whse,SKU-284,0.8789394697348675,0.2907268170426065,2026-07-19 14:54:21
Seattle-Whse,SKU-349,0.43271635817908954,0.22055137844611528,2026-07-29 14:54:21
Osaka-Whse,SKU-074,0.7078539269634817,0.03258145363408521,2026-07-30 14:54:21
Sydney-Whse,SKU-062,0.24612306153076538,0.23809523809523808,2026-08-09 14:54:21
London-Whse,SKU-468,0.542271135567784,0.6716791979949874,2026-07-20 14:54:21
Rotterdam-Whse,SKU-080,0.1135567783891946,0.7568922305764411,2026-07-28 14:54:21
Osaka-Whse,SKU-310,0.8034017008504252,0.8195488721804511,2026-07-18 14:54:21
Osaka-Whse,SKU-414,0.624312156078039,0.6666666666666666,2026-07-13 14:54:21
Rotterdam-Whse,SKU-283,0.8264132066033016,0.16541353383458646,2026-07-28 14:54:21
Seattle-Whse,SKU-178,0.7718859429714857,0.45614035087719296,2026-07-30 14:54:21
Osaka-Whse,SKU-067,0.3296648324162081,0.43107769423558895,2026-08-09 14:54:21
Sydney-Whse,SKU-404,0.9079539769884942,0.46115288220551376,2026-07-20 14:54:21
Seattle-Whse,SKU-094,0.7483741870935467,0.3583959899749373,2026-07-20 14:54:21
London-Whse,SKU-314,0.6718359179589795,0.5488721804511278,2026-07-31 14:54:21
Rotterdam-Whse,SKU-216,0.0240120060030015,0.7117794486215538,2026-07-28 14:54:21
Osaka-Whse,SKU-263,0.8064032016008004,0.5263157894736842,2026-07-27 14:54:21
Rotterdam-Whse,SKU-122,0.4182091045522761,0.22305764411027568,2026-08-10 14:54:21
Seattle-Whse,SKU-176,0.40220110055027514,0.22055137844611528,2026-07-18 14:54:21
Seattle-Whse,SKU-260,0.9374687343671836,0.6090225563909775,2026-07-28 14:54:21
Osaka-Whse,SKU-037,0.6023011505752877,0.631578947368421,2026-07-18 14:54:21
Sydney-Whse,SKU-125,0.783391695847924,0.5914786967418546,2026-08-09 14:54:21
London-Whse,SKU-038,0.7033516758379189,0.14285714285714285,2026-07-31 14:54:21
Sydney-Whse,SKU-114,0.15257628814407204,0.3283208020050125,2026-07-15 14:54:21
London-Whse,SKU-415,0.4912456228114057,0.19298245614035087,2026-07-15 14:54:21
Seattle-Whse,SKU-043,0.7518759379689844,0.2932330827067669,2026-07-16 14:54:21
Sydney-Whse,SKU-041,0.904952476238119,0.46867167919799496,2026-08-07 14:54:21
Osaka-Whse,SKU-335,0.09304652326163082,0.568922305764411,2026-08-08 14:54:21
Rotterdam-Whse,SKU-124,0.5882941470735368,0.44611528822055135,2026-08-01 14:54:21
Osaka-Whse,SKU-099,0.9834917458729364,0.05764411027568922,2026-07-30 14:54:21
Seattle-Whse,SKU-490,0.8504252126063031,0.9598997493734336,2026-07-19 14:54:21
Rotterdam-Whse,SKU-343,0.061530765382691345,0.7543859649122807,2026-07-15 14:54:21
Sydney-Whse,SKU-249,0.9859929964982491,0.6766917293233082,2026-07-30 14:54:21
Osaka-Whse,SKU-195,0.35617808904452225,0.17794486215538846,2026-07-28 14:54:21
Seattle-Whse,SKU-098,0.16408204102051024,0.20050125313283207,2026-08-03 14:54:21
Seattle-Whse,SKU-424,0.5142571285642822,0.7092731829573935,2026-08-06 14:54:21
Seattle-Whse,SKU-498,0.04302151075537769,0.731829573934837,2026-07-16 14:54:21
Seattle-Whse,SKU-197,0.38169084542271137,0.20551378446115287,2026-07-16 14:54:21
Sydney-Whse,SKU-182,0.0670335167583792,0.22305764411027568,2026-07-29 14:54:21
Rotterdam-Whse,SKU-378,0.7973986993496749,0.17794486215538846,2026-08-09 14:54:21
Rotterdam-Whse,SKU-068,0.1805902951475738,0.6491228070175439,2026-07-25 14:54:21
London-Whse,SKU-180,0.4897448724362181,0.2756892230576441,2026-07-30 14:54:21
London-Whse,SKU-392,0.12256128064032017,0.6942355889724311,2026-07-16 14:54:21
Seattle-Whse,SKU-372,0.4042021010505253,0.8421052631578947,2026-07-16 14:54:21
Seattle-Whse,SKU-160,0.575287643821911,0.5614035087719298,2026-07-20 14:54:21
Seattle-Whse,SKU-234,0.14357178589294647,0.9598997493734336,2026-07-27 14:54:21
London-Whse,SKU-297,0.35317658829414705,0.46365914786967416,2026-07-16 14:54:21
Rotterdam-Whse,SKU-393,0.8304152076038019,0.040100250626566414,2026-07-29 14:54:21
Sydney-Whse,SKU-026,0.10605302651325663,0.9624060150375939,2026-08-11 14:54:21
Rotterdam-Whse,SKU-265,0.6833416708354177,0.09273182957393483,2026-08-03 14:54:21
London-Whse,SKU-308,0.20110055027513757,0.6516290726817042,2026-07-15 14:54:21
Osaka-Whse,SKU-247,0.15157578789394696,0.8571428571428571,2026-08-06 14:54:21
London-Whse,SKU-343,0.534767383691846,0.5238095238095238,2026-07-14 14:54:21
London-Whse,SKU-256,0.06803401700850426,0.5764411027568922,2026-07-25 14:54:21
Osaka-Whse,SKU-066,0.48624312156078037,0.09273182957393483,2026-07-16 14:54:21
Seattle-Whse,SKU-255,0.7138569284642321,0.03759398496240601,2026-07-28 14:54:21
Sydney-Whse,SKU-370,0.05052526263131566,0.37844611528822053,2026-08-03 14:54:21
Osaka-Whse,SKU-391,0.2991495747873937,0.21804511278195488,2026-07-14 14:54:21
Sydney-Whse,SKU-363,0.4652326163081541,0.8020050125313283,2026-08-08 14:54:21
Rotterdam-Whse,SKU-210,0.9949974987493747,0.8571428571428571,2026-08-02 14:54:21
London-Whse,SKU-456,0.9024512256128064,0.87468671679198,2026-07-25 14:54:21
Rotterdam-Whse,SKU-380,0.7568784392196098,0.3107769423558897,2026-08-06 14:54:21
Sydney-Whse,SKU-310,0.05252626313156578,0.10776942355889724,2026-08-11 14:54:21
Osaka-Whse,SKU-397,0.07603801900950476,0.05764411027568922,2026-07-15 14:54:21
Sydney-Whse,SKU-484,0.4827413706853427,0.8696741854636592,2026-08-07 14:54:21
Osaka-Whse,SKU-191,0.4462231115557779,0.41102756892230574,2026-08-05 14:54:21
Seattle-Whse,SKU-355,0.005502751375687844,0.12781954887218044,2026-07-18 14:54:21
London-Whse,SKU-487,0.45972986493246626,0.020050125313283207,2026-07-31 14:54:21
London-Whse,SKU-485,0.5802901450725363,0.8972431077694235,2026-07-29 14:54:21
London-Whse,SKU-022,0.7653826913456728,0.3609022556390977,2026-08-11 14:54:21
Seattle-Whse,SKU-175,0.5557778889444722,0.9974937343358395,2026-07-14 14:54:21
Seattle-Whse,SKU-477,0.9034517258629314,0.706766917293233,2026-08-10 14:54:21
Sydney-Whse,SKU-452,0.8239119559779889,0.20300751879699247,2026-07-22 14:54:21
London-Whse,SKU-258,0.6333166583291646,0.5914786967418546,2026-07-21 14:54:21
Sydney-Whse,SKU-134,0.1890945472736368,0.23809523809523808,2026-08-06 14:54:21
Sydney-Whse,SKU-001,0.8429214607303652,0.2907268170426065,2026-07-19 14:54:21
Seattle-Whse,SKU-478,0.3306653326663332,0.7919799498746867,2026-07-31 14:54:21
London-Whse,SKU-090,0.1935967983991996,0.20551378446115287,2026-07-27 14:54:21
Osaka-Whse,SKU-384,0.19759879939969985,0.08020050125313283,2026-07-20 14:54:21
Sydney-Whse,SKU-128,0.04952476238119059,0.9047619047619048,2026-07-30 14:54:21
London-Whse,SKU-074,0.5597798899449725,0.22807017543859648,2026-08-02 14:54:21
London-Whse,SKU-175,0.8804402201100551,0.7869674185463659,2026-07-28 14:54:21
Seattle-Whse,SKU-269,0.21360680340170085,0.08521303258145363,2026-07-20 14:54:21
Rotterdam-Whse,SKU-413,0.7958979489744873,0.9724310776942355,2026-08-09 14:54:21
Sydney-Whse,SKU-357,0.6998499249624812,0.7894736842105263,2026-08-03 14:54:21
Osaka-Whse,SKU-080,0.5932966483241621,0.6666666666666666,2026-07-24 14:54:21
Seattle-Whse,SKU-279,0.6633316658329165,0.18546365914786966,2026-07-16 14:54:21
Seattle-Whse,SKU-349,0.06303151575787894,0.6140350877192983,2026-07-19 14:54:21
Osaka-Whse,SKU-155,0.8044022011005503,0.3408521303258145,2026-07-25 14:54:21
London-Whse,SKU-247,0.5862931465732867,0.13784461152882205,2026-07-27 14:54:21
London-Whse,SKU-257,0.4612306153076538,0.7518796992481203,2026-07-17 14:54:21
Sydney-Whse,SKU-040,0.8414207103551776,0.21804511278195488,2026-07-19 14:54:21
London-Whse,SKU-193,0.3056528264132066,0.5363408521303258,2026-07-30 14:54:21
Rotterdam-Whse,SKU-049,0.24912456228114058,0.2857142857142857,2026-07-21 14:54:21
Sydney-Whse,SKU-252,0.8054027013506754,0.47619047619047616,2026-08-05 14:54:21
Rotterdam-Whse,SKU-139,0.0240120060030015,0.9072681704260651,2026-07-28 14:54:21
Rotterdam-Whse,SKU-168,0.759879939969985,0.6917293233082706,2026-07-28 14:54:21
Rotterdam-Whse,SKU-414,0.10755377688844422,0.5739348370927319,2026-08-09 14:54:21
Sydney-Whse,SKU-225,0.8429214607303652,0.7167919799498746,2026-07-29 14:54:21
London-Whse,SKU-301,0.5187593796898449,0.3007518796992481,2026-07-31 14:54:21
Rotterdam-Whse,SKU-333,0.9399699849924963,0.41353383458646614,2026-07-16 14:54:21
Sydney-Whse,SKU-431,0.31765882941470736,0.13283208020050125,2026-07-20 14:54:21
Seattle-Whse,SKU-456,0.43421710855427714,0.6766917293233082,2026-08-05 14:54:21
Seattle-Whse,SKU-016,0.10755377688844422,0.3358395989974937,2026-08-01 14:54:21
London-Whse,SKU-284,0.41670835417708857,0.24310776942355888,2026-07-15 14:54:21
Rotterdam-Whse,SKU-385,0.07903951975987994,0.7794486215538847,2026-07-20 14:54:21
London-Whse,SKU-208,0.0865432716358179,0.7192982456140351,2026-07-26 14:54:21
Osaka-Whse,SKU-196,0.6573286643321661,0.899749373433584,2026-08-08 14:54:21
Sydney-Whse,SKU-462,0.3826913456728364,0.3533834586466165,2026-08-07 14:54:21
Sydney-Whse,SKU-251,0.3306653326663332,0.06766917293233082,2026-07-30 14:54:21
London-Whse,SKU-306,0.17858929464732365,0.7117794486215538,2026-08-07 14:54:21
Rotterdam-Whse,SKU-404,0.20910455227613806,0.5664160401002506,2026-07-23 14:54:21
Osaka-Whse,SKU-372,0.7968984492246123,0.3634085213032581,2026-07-13 14:54:21
Osaka-Whse,SKU-312,0.8289144572286143,0.47869674185463656,2026-07-22 14:54:21
Sydney-Whse,SKU-103,0.9574787393696849,0.6240601503759399,2026-07-21 14:54:21
Sydney-Whse,SKU-060,0.886943471735868,0.9849624060150376,2026-07-23 14:54:21
Seattle-Whse,SKU-262,0.6828414207103551,0.8446115288220551,2026-07-15 14:54:21
Osaka-Whse,SKU-074,0.4042021010505253,0.7969924812030075,2026-07-21 14:54:21
London-Whse,SKU-079,0.11705852926463231,0.39097744360902253,2026-08-05 14:54:21
Osaka-Whse,SKU-290,0.8159079539769885,0.3233082706766917,2026-07-17 14:54:21
Sydney-Whse,SKU-075,0.49224612306153076,0.6867167919799498,2026-07-14 14:54:21
London-Whse,SKU-161,0.6163081540770385,0.9298245614035088,2026-07-13 14:54:21
Osaka-Whse,SKU-352,0.8199099549774888,0.5914786967418546,2026-08-08 14:54:21
Rotterdam-Whse,SKU-387,0.49874937468734365,0.8696741854636592,2026-07-14 14:54:21
Seattle-Whse,SKU-337,0.9489744872436218,0.9398496240601504,2026-08-07 14:54:21
Rotterdam-Whse,SKU-235,0.5327663831915957,0.24561403508771928,2026-07-21 14:54:21
Osaka-Whse,SKU-130,0.5257628814407204,0.581453634085213,2026-08-07 14:54:21
Sydney-Whse,SKU-401,0.16258129064532267,0.2656641604010025,2026-07-16 14:54:21
Sydney-Whse,SKU-295,0.9634817408704353,0.39849624060150374,2026-08-08 14:54:21
Sydney-Whse,SKU-234,0.6388194097048524,0.6190476190476191,2026-07-25 14:54:21
Seattle-Whse,SKU-398,0.29064532266133064,0.506265664160401,2026-07-29 14:54:21
London-Whse,SKU-221,0.8609304652326163,0.8872180451127819,2026-07-27 14:54:21
Rotterdam-Whse,SKU-292,0.3416708354177089,0.9097744360902256,2026-08-02 14:54:21
London-Whse,SKU-427,0.2771385692846423,0.3333333333333333,2026-07-14 14:54:21
Rotterdam-Whse,SKU-491,0.511255627813907,0.21303258145363407,2026-07-16 14:54:21
Seattle-Whse,SKU-011,0.551775887943972,0.2706766917293233,2026-07-30 14:54:21
London-Whse,SKU-018,0.6398199099549775,0.6115288220551378,2026-07-18 14:54:21
Seattle-Whse,SKU-500,0.22861430715357678,0.46365914786967416,2026-07-13 14:54:21
Rotterdam-Whse,SKU-241,0.384192096048024,0.8822055137844611,2026-07-26 14:54:21
Sydney-Whse,SKU-322,0.7413706853426714,0.5639097744360902,2026-07-23 14:54:21
Seattle-Whse,SKU-019,0.41670835417708857,0.2781954887218045,2026-07-23 14:54:21
Seattle-Whse,SKU-436,0.07903951975987994,0.14786967418546365,2026-07-22 14:54:21
London-Whse,SKU-093,0.6358179089544772,0.39348370927318294,2026-07-30 14:54:21
London-Whse,SKU-418,0.8779389694847424,0.7644110275689223,2026-07-18 14:54:21
Rotterdam-Whse,SKU-414,0.7318659329664833,0.581453634085213,2026-07-23 14:54:21
Seattle-Whse,SKU-099,0.9874937468734367,0.2807017543859649,2026-08-01 14:54:21
Seattle-Whse,SKU-488,0.9864932466233116,0.5087719298245614,2026-08-01 14:54:21
London-Whse,SKU-205,0.47123561780890444,0.06015037593984962,2026-07-26 14:54:21
London-Whse,SKU-123,0.5052526263131566,0.02506265664160401,2026-08-02 14:54:21
Seattle-Whse,SKU-444,0.9229614807403702,0.2706766917293233,2026-07-27 14:54:21
London-Whse,SKU-276,0.2481240620310155,0.6516290726817042,2026-08-03 14:54:21
Rotterdam-Whse,SKU-324,0.43621810905452724,0.015037593984962405,2026-07-29 14:54:21
Osaka-Whse,SKU-252,0.08254127063531766,0.2556390977443609,2026-07-24 14:54:21
Seattle-Whse,SKU-017,0.3006503251625813,0.9273182957393483,2026-07-21 14:54:21
Osaka-Whse,SKU-126,0.018509254627313655,0.8696741854636592,2026-07-22 14:54:21
Seattle-Whse,SKU-222,0.21260630315157578,0.6165413533834586,2026-08-04 14:54:21
Seattle-Whse,SKU-225,0.2526263131565783,0.7819548872180451,2026-08-01 14:54:21
Rotterdam-Whse,SKU-221,0.815407703851926,0.48621553884711777,2026-07-25 14:54:21
Rotterdam-Whse,SKU-005,0.943471735867934,0.007518796992481203,2026-08-04 14:54:21
Osaka-Whse,SKU-253,0.08104052026013006,0.3508771929824561,2026-07-26 14:54:21
Sydney-Whse,SKU-296,0.7773886943471736,0.20300751879699247,2026-08-11 14:54:21
Sydney-Whse,SKU-004,0.8319159579789895,0.46616541353383456,2026-07-25 14:54:21
Rotterdam-Whse,SKU-093,0.527263631815908,0.7844611528822055,2026-07-15 14:54:21
Seattle-Whse,SKU-429,0.3006503251625813,0.12030075187969924,2026-07-28 14:54:21
Osaka-Whse,SKU-006,0.27013506753376687,0.38847117794486213,2026-08-05 14:54:21
Osaka-Whse,SKU-440,0.6303151575787894,0.3433583959899749,2026-07-27 14:54:21
Seattle-Whse,SKU-488,0.5402701350675337,0.43609022556390975,2026-07-21 14:54:21
Rotterdam-Whse,SKU-295,0.9709854927463731,0.2957393483709273,2026-07-24 14:54:21
London-Whse,SKU-265,0.7133566783391696,0.6441102756892231,2026-07-15 14:54:21
Sydney-Whse,SKU-315,0.3711855927963982,0.49373433583959897,2026-07-28 14:54:21
Seattle-Whse,SKU-252,0.9989994997498749,0.48120300751879697,2026-07-18 14:54:21
London-Whse,SKU-146,0.927463731865933,0.5463659147869674,2026-07-26 14:54:21
Rotterdam-Whse,SKU-380,0.6088044022011005,0.09774436090225563,2026-07-22 14:54:21
Osaka-Whse,SKU-336,0.0015007503751875938,0.7243107769423559,2026-07-20 14:54:21
Sydney-Whse,SKU-497,0.6248124062031015,0.37343358395989973,2026-07-29 14:54:21
London-Whse,SKU-103,0.5992996498249125,0.5889724310776943,2026-08-10 14:54:21
London-Whse,SKU-006,0.21960980490245122,0.7117794486215538,2026-08-11 14:54:21
Sydney-Whse,SKU-257,0.5412706353176588,0.6140350877192983,2026-08-05 14:54:21
Sydney-Whse,SKU-441,0.4092046023011506,0.5388471177944862,2026-07-24 14:54:21
Rotterdam-Whse,SKU-319,0.9899949974987494,0.15037593984962405,2026-07-14 14:54:21
Sydney-Whse,SKU-405,0.08554277138569284,0.5513784461152882,2026-08-11 14:54:21
Rotterdam-Whse,SKU-044,0.1135567783891946,0.15288220551378445,2026-07-14 14:54:21
Rotterdam-Whse,SKU-335,0.3001500750375188,0.2781954887218045,2026-07-28 14:54:21
Rotterdam-Whse,SKU-367,0.92096048024012,0.506265664160401,2026-08-03 14:54:21
Seattle-Whse,SKU-489,0.5097548774387194,0.5363408521303258,2026-07-31 14:54:21
Osaka-Whse,SKU-363,0.33016508254127064,0.3533834586466165,2026-08-10 14:54:21
Sydney-Whse,SKU-192,0.2031015507753877,0.8521303258145363,2026-07-25 14:54:21
Rotterdam-Whse,SKU-398,0.7463731865932967,0.6290726817042607,2026-07-31 14:54:21
Osaka-Whse,SKU-046,0.9549774887443722,0.6516290726817042,2026-08-10 14:54:21
London-Whse,SKU-002,0.27013506753376687,0.6390977443609023,2026-07-14 14:54:21
London-Whse,SKU-384,0.2271135567783892,0.3583959899749373,2026-08-11 14:54:21
Seattle-Whse,SKU-270,0.14907453726863432,0.8145363408521303,2026-07-20 14:54:21
London-Whse,SKU-245,0.015007503751875938,0.8295739348370927,2026-08-02 14:54:21
Rotterdam-Whse,SKU-052,0.7038519259629815,0.606516290726817,2026-08-05 14:54:21
London-Whse,SKU-417,0.7493746873436719,0.9799498746867168,2026-08-07 14:54:21
Sydney-Whse,SKU-456,0.43571785892946474,0.46867167919799496,2026-07-22 14:54:21
Sydney-Whse,SKU-083,0.6873436718359179,0.706766917293233,2026-07-15 14:54:21
Sydney-Whse,SKU-087,0.0735367683841921,0.17293233082706766,2026-07-31 14:54:21
Osaka-Whse,SKU-076,0.824912456228114,0.005012531328320802,2026-08-02 14:54:21
Rotterdam-Whse,SKU-124,0.23311655827913957,0.11027568922305764,2026-07-13 14:54:21
London-Whse,SKU-287,0.30865432716358177,0.7343358395989975,2026-08-11 14:54:21
London-Whse,SKU-271,0.87943971985993,0.017543859649122806,2026-07-21 14:54:21
Sydney-Whse,SKU-115,0.7588794397198599,0.08270676691729323,2026-08-05 14:54:21
Osaka-Whse,SKU-397,0.030515257628814407,0.21303258145363407,2026-07-22 14:54:21
London-Whse,SKU-065,0.6603301650825413,0.9473684210526315,2026-08-02 14:54:21
London-Whse,SKU-322,0.8259129564782391,0.5513784461152882,2026-08-01 14:54:21
Sydney-Whse,SKU-050,0.4192096048024012,0.8395989974937343,2026-07-28 14:54:21
London-Whse,SKU-412,0.9574787393696849,0.09022556390977443,2026-08-09 14:54:21
Sydney-Whse,SKU-187,0.17808904452226113,0.5012531328320802,2026-07-16 14:54:21
Sydney-Whse,SKU-046,0.696848424212106,0.5764411027568922,2026-07-28 14:54:21
Osaka-Whse,SKU-040,0.19309654827413708,0.506265664160401,2026-07-23 14:54:21
Sydney-Whse,SKU-091,0.028514257128564282,0.022556390977443608,2026-07-14 14:54:21
Seattle-Whse,SKU-483,0.18309154577288644,0.9423558897243107,2026-07-14 14:54:21
Rotterdam-Whse,SKU-188,0.6293146573286643,0.9273182957393483,2026-07-16 14:54:21
Rotterdam-Whse,SKU-158,0.673336668334167,0.03007518796992481,2026-07-16 14:54:21
Sydney-Whse,SKU-043,0.9014507253626813,0.2706766917293233,2026-08-09 14:54:21
Osaka-Whse,SKU-051,0.10155077538769385,0.7543859649122807,2026-08-01 14:54:21
Rotterdam-Whse,SKU-085,0.36418209104552274,0.39348370927318294,2026-07-13 14:54:21
Osaka-Whse,SKU-127,0.09504752376188094,0.6641604010025063,2026-08-09 14:54:21
Sydney-Whse,SKU-060,0.9094547273636818,0.9473684210526315,2026-07-30 14:54:21
London-Whse,SKU-063,0.3856928464232116,0.03759398496240601,2026-07-24 14:54:21
Osaka-Whse,SKU-368,0.5622811405702851,0.43859649122807015,2026-08-11 14:54:21
Sydney-Whse,SKU-461,0.9184592296148074,0.9674185463659147,2026-07-26 14:54:21
Rotterdam-Whse,SKU-421,0.8984492246123061,0.43609022556390975,2026-08-02 14:54:21
London-Whse,SKU-216,0.7573786893446723,0.6165413533834586,2026-07-22 14:54:21
Rotterdam-Whse,SKU-324,0.8894447223611806,0.7192982456140351,2026-07-19 14:54:21
London-Whse,SKU-163,0.07253626813406704,0.16541353383458646,2026-08-05 14:54:21
Osaka-Whse,SKU-444,0.8304152076038019,0.2907268170426065,2026-07-19 14:54:21
Rotterdam-Whse,SKU-321,0.7293646823411706,0.924812030075188,2026-08-10 14:54:21
London-Whse,SKU-187,0.8059029514757379,0.681704260651629,2026-07-22 14:54:21
Sydney-Whse,SKU-195,0.43771885942971483,0.7092731829573935,2026-07-18 14:54:21
London-Whse,SKU-454,0.7348674337168585,0.42355889724310775,2026-07-13 14:54:21
Osaka-Whse,SKU-038,0.3906953476738369,0.5864661654135338,2026-07-28 14:54:21
Osaka-Whse,SKU-410,0.5957978989494748,0.13283208020050125,2026-07-30 14:54:21
Rotterdam-Whse,SKU-042,0.02001000500250125,0.12280701754385964,2026-08-05 14:54:21
Rotterdam-Whse,SKU-159,0.9339669834917459,0.9974937343358395,2026-07-21 14:54:21
Sydney-Whse,SKU-429,0.8509254627313657,0.5789473684210527,2026-07-29 14:54:21
Rotterdam-Whse,SKU-464,0.536768384192096,0.3634085213032581,2026-08-02 14:54:21
Seattle-Whse,SKU-016,0.5542771385692846,0.5388471177944862,2026-08-10 14:54:21
London-Whse,SKU-036,0.05302651325662831,0.5463659147869674,2026-08-05 14:54:21
Seattle-Whse,SKU-409,0.18509254627313657,0.7443609022556391,2026-07-13 14:54:21
Sydney-Whse,SKU-068,0.8614307153576788,0.3082706766917293,2026-07-13 14:54:21
Seattle-Whse,SKU-289,0.6913456728364182,0.13032581453634084,2026-07-27 14:54:21
Seattle-Whse,SKU-472,0.5782891445722862,0.9047619047619048,2026-08-05 14:54:21
Sydney-Whse,SKU-350,0.029514757378689346,0.9172932330827067,2026-07-26 14:54:21
Rotterdam-Whse,SKU-419,0.4822411205602801,0.7443609022556391,2026-08-07 14:54:21
Sydney-Whse,SKU-101,0.7058529264632316,0.7142857142857143,2026-07-23 14:54:21
Sydney-Whse,SKU-218,0.42021010505252626,0.7142857142857143,2026-07-16 14:54:21
London-Whse,SKU-240,0.6188094047023511,0.2581453634085213,2026-08-03 14:54:21
London-Whse,SKU-222,0.4257128564282141,0.8696741854636592,2026-07-14 14:54:21
Sydney-Whse,SKU-324,0.7498749374687343,0.7769423558897243,2026-08-09 14:54:21
Seattle-Whse,SKU-327,0.03601800900450225,0.6390977443609023,2026-08-05 14:54:21
Osaka-Whse,SKU-482,0.1660830415207604,0.39097744360902253,2026-08-09 14:54:21
Sydney-Whse,SKU-458,0.36668334167083544,0.9097744360902256,2026-07-17 14:54:21
Rotterdam-Whse,SKU-220,0.4622311155577789,0.6090225563909775,2026-08-06 14:54:21
Rotterdam-Whse,SKU-477,0.7323661830915458,0.48370927318295737,2026-07-20 14:54:21
Osaka-Whse,SKU-155,0.24912456228114058,0.05263157894736842,2026-08-02 14:54:21
London-Whse,SKU-113,0.47223611805902954,0.5263157894736842,2026-07-19 14:54:21
Rotterdam-Whse,SKU-292,0.6933466733366683,0.13784461152882205,2026-08-02 14:54:21
Seattle-Whse,SKU-108,0.3566783391695848,0.5037593984962406,2026-08-06 14:54:21
Seattle-Whse,SKU-383,0.7488744372186094,0.543859649122807,2026-07-24 14:54:21
Osaka-Whse,SKU-388,0.6008004002001001,0.15037593984962405,2026-07-22 14:54:21
London-Whse,SKU-358,0.2786393196598299,0.23558897243107768,2026-08-05 14:54:21
London-Whse,SKU-320,0.36868434217108553,0.3634085213032581,2026-07-19 14:54:21
Sydney-Whse,SKU-013,0.01200600300150075,0.6516290726817042,2026-08-05 14:54:21
Sydney-Whse,SKU-364,0.6043021510755378,0.43358395989974935,2026-08-11 14:54:21
Osaka-Whse,SKU-186,0.6523261630815408,0.18295739348370926,2026-08-05 14:54:21
London-Whse,SKU-412,0.48574287143571787,0.42857142857142855,2026-07-17 14:54:21
Rotterdam-Whse,SKU-349,0.6623311655827914,0.7719298245614035,2026-07-14 14:54:21
Osaka-Whse,SKU-411,0.26863431715857927,0.9674185463659147,2026-07-17 14:54:21
Seattle-Whse,SKU-163,0.026013006503251626,0.43358395989974935,2026-08-08 14:54:21
Rotterdam-Whse,SKU-278,0.34967483741870936,0.974937343358396,2026-07-23 14:54:21
Seattle-Whse,SKU-331,0.8749374687343672,0.8220551378446115,2026-07-14 14:54:21
Rotterdam-Whse,SKU-122,0.7408704352176088,0.39598997493734334,2026-07-21 14:54:21
London-Whse,SKU-002,0.8344172086043021,0.7543859649122807,2026-07-28 14:54:21
Rotterdam-Whse,SKU-166,0.1570785392696348,0.5939849624060151,2026-08-04 14:54:21
London-Whse,SKU-204,0.2256128064032016,0.13032581453634084,2026-08-06 14:54:21
Rotterdam-Whse,SKU-055,0.12256128064032017,0.9423558897243107,2026-08-08 14:54:21
Osaka-Whse,SKU-015,0.0,0.8771929824561403,2026-08-03 14:54:21
London-Whse,SKU-410,0.8839419709854928,0.46867167919799496,2026-07-25 14:54:21
Seattle-Whse,SKU-105,0.4992496248124062,0.5137844611528822,2026-07-17 14:54:21
Seattle-Whse,SKU-333,0.1855927963981991,0.5162907268170426,2026-08-07 14:54:21
Sydney-Whse,SKU-142,0.870935467733867,0.43358395989974935,2026-08-07 14:54:21
Rotterdam-Whse,SKU-416,0.9214607303651826,0.49122807017543857,2026-08-08 14:54:21
Sydney-Whse,SKU-199,0.16208104052026012,0.03508771929824561,2026-07-13 14:54:21
Rotterdam-Whse,SKU-069,0.45372686343171587,0.5288220551378446,2026-07-29 14:54:21
Sydney-Whse,SKU-248,0.7218609304652326,0.21052631578947367,2026-07-27 14:54:21
Rotterdam-Whse,SKU-477,0.4747373686843422,0.22055137844611528,2026-07-16 14:54:21
London-Whse,SKU-052,0.7788894447223612,0.24561403508771928,2026-07-13 14:54:21
Seattle-Whse,SKU-131,0.29964982491245623,0.3383458646616541,2026-07-27 14:54:21
Osaka-Whse,SKU-105,0.19309654827413708,0.3634085213032581,2026-07-27 14:54:21
Sydney-Whse,SKU-001,0.8264132066033016,0.9598997493734336,2026-07-17 14:54:21
London-Whse,SKU-496,0.5177588794397199,0.7343358395989975,2026-07-15 14:54:21
Sydney-Whse,SKU-169,0.28214107053526766,0.6716791979949874,2026-07-19 14:54:21
London-Whse,SKU-269,0.07253626813406704,0.11779448621553884,2026-08-05 14:54:21
London-Whse,SKU-092,0.20110055027513757,0.5213032581453634,2026-07-21 14:54:21
Rotterdam-Whse,SKU-048,0.27013506753376687,0.43859649122807015,2026-07-24 14:54:21
Rotterdam-Whse,SKU-047,0.17208604302151076,0.14786967418546365,2026-07-27 14:54:21
London-Whse,SKU-229,0.07303651825912956,0.7443609022556391,2026-07-30 14:54:21
London-Whse,SKU-433,0.19909954977488745,0.46867167919799496,2026-08-08 14:54:21
Seattle-Whse,SKU-411,0.29314657328664334,0.45614035087719296,2026-07-20 14:54:21
London-Whse,SKU-415,0.3781890945472736,0.8646616541353384,2026-08-05 14:54:21
Sydney-Whse,SKU-438,0.5182591295647824,0.5639097744360902,2026-08-02 14:54:21
Osaka-Whse,SKU-380,0.8579289644822411,0.44862155388471175,2026-07-13 14:54:21
Rotterdam-Whse,SKU-283,0.20860430215107553,0.8897243107769424,2026-07-13 14:54:21
Rotterdam-Whse,SKU-021,0.51975987993997,0.6716791979949874,2026-08-11 14:54:21
Sydney-Whse,SKU-411,0.5377688844422212,0.16040100250626566,2026-07-31 14:54:21
London-Whse,SKU-467,0.8789394697348675,0.6791979949874687,2026-07-20 14:54:21
Osaka-Whse,SKU-218,0.1360680340170085,0.7694235588972431,2026-07-30 14:54:21
Sydney-Whse,SKU-438,0.7723861930965483,0.706766917293233,2026-08-07 14:54:21
Rotterdam-Whse,SKU-422,0.9454727363681841,0.8195488721804511,2026-07-31 14:54:21
Rotterdam-Whse,SKU-091,0.3676838419209605,0.7293233082706767,2026-08-10 14:54:21
London-Whse,SKU-409,0.49524762381190596,0.7443609022556391,2026-07-28 14:54:21
Sydney-Whse,SKU-440,0.6793396698349174,0.2932330827067669,2026-07-24 14:54:21
Osaka-Whse,SKU-461,0.1535767883941971,0.40100250626566414,2026-07-18 14:54:21
Osaka-Whse,SKU-168,0.04302151075537769,0.005012531328320802,2026-07-23 14:54:21
Osaka-Whse,SKU-023,0.04852426213106553,0.39348370927318294,2026-07-28 14:54:21
Osaka-Whse,SKU-321,0.2666333166583292,0.7694235588972431,2026-07-28 14:54:21
Seattle-Whse,SKU-217,0.6188094047023511,0.8395989974937343,2026-07-13 14:54:21
Osaka-Whse,SKU-408,0.06603301650825413,0.13032581453634084,2026-08-07 14:54:21
Osaka-Whse,SKU-091,0.8274137068534267,0.3433583959899749,2026-08-10 14:54:21
Seattle-Whse,SKU-208,0.9424712356178089,0.7944862155388471,2026-07-25 14:54:21
Rotterdam-Whse,SKU-263,0.4337168584292146,0.38596491228070173,2026-08-02 14:54:21
Osaka-Whse,SKU-459,0.15607803901950976,0.7142857142857143,2026-08-09 14:54:21
Sydney-Whse,SKU-014,0.03801900950475238,0.8471177944862155,2026-07-18 14:54:21
Sydney-Whse,SKU-394,0.9354677338669335,0.5488721804511278,2026-08-04 14:54:21
Seattle-Whse,SKU-294,0.7393696848424212,0.3533834586466165,2026-07-16 14:54:21
London-Whse,SKU-476,0.76088044022011,0.3533834586466165,2026-08-11 14:54:21
London-Whse,SKU-305,0.776888444222111,0.606516290726817,2026-08-08 14:54:21
London-Whse,SKU-476,0.6268134067033517,0.06015037593984962,2026-07-28 14:54:21
London-Whse,SKU-161,0.2706353176588294,0.41102756892230574,2026-07-27 14:54:21
Sydney-Whse,SKU-473,0.30665332666333167,0.9323308270676691,2026-08-02 14:54:21
Osaka-Whse,SKU-069,0.7718859429714857,0.3057644110275689,2026-08-11 14:54:21
Sydney-Whse,SKU-001,0.17508754377188596,0.015037593984962405,2026-07-13 14:54:21
Sydney-Whse,SKU-186,0.36368184092046024,0.8571428571428571,2026-07-16 14:54:21
Seattle-Whse,SKU-008,0.2876438219109555,0.3383458646616541,2026-08-09 14:54:21
Osaka-Whse,SKU-127,0.4637318659329665,0.9298245614035088,2026-08-08 14:54:21
Seattle-Whse,SKU-166,0.4487243621810905,0.3157894736842105,2026-08-03 14:54:21
Seattle-Whse,SKU-177,0.8694347173586794,0.39097744360902253,2026-07-17 14:54:21
Rotterdam-Whse,SKU-486,0.14207103551775888,0.7218045112781954,2026-07-15 14:54:21
Rotterdam-Whse,SKU-112,0.3326663331665833,0.924812030075188,2026-07-14 14:54:21
Rotterdam-Whse,SKU-489,0.23961980990495246,0.531328320802005,2026-08-06 14:54:21
Osaka-Whse,SKU-360,0.10655327663831916,0.7593984962406015,2026-07-16 14:54:21
London-Whse,SKU-200,0.8519259629814907,0.5939849624060151,2026-08-11 14:54:21
Osaka-Whse,SKU-367,0.12506253126563283,0.6992481203007519,2026-07-15 14:54:21
Osaka-Whse,SKU-452,0.48874437218609307,0.5513784461152882,2026-07-20 14:54:21
Sydney-Whse,SKU-189,0.7173586793396698,0.6791979949874687,2026-07-30 14:54:21
Rotterdam-Whse,SKU-457,0.4502251125562781,0.5238095238095238,2026-08-09 14:54:21
Rotterdam-Whse,SKU-471,0.8549274637318659,0.543859649122807,2026-07-19 14:54:21
Rotterdam-Whse,SKU-487,0.33166583291645824,0.9849624060150376,2026-07-28 14:54:21
London-Whse,SKU-477,0.09854927463731866,0.020050125313283207,2026-07-24 14:54:21
Osaka-Whse,SKU-325,0.34367183591795897,0.6516290726817042,2026-07-23 14:54:21
Rotterdam-Whse,SKU-242,0.15757878939469736,0.38596491228070173,2026-07-14 14:54:21
London-Whse,SKU-178,0.2891445722861431,0.17042606516290726,2026-07-20 14:54:21
Sydney-Whse,SKU-400,0.18659329664832416,0.02756892230576441,2026-08-05 14:54:21
Rotterdam-Whse,SKU-246,0.3741870935467734,0.6290726817042607,2026-08-11 14:54:21
Sydney-Whse,SKU-108,0.3601800900450225,0.7769423558897243,2026-07-23 14:54:21
Sydney-Whse,SKU-113,0.6998499249624812,0.03508771929824561,2026-07-23 14:54:21
Rotterdam-Whse,SKU-065,0.7378689344672336,0.005012531328320802,2026-08-04 14:54:21
Seattle-Whse,SKU-236,0.19409704852426213,0.9824561403508771,2026-08-11 14:54:21
Rotterdam-Whse,SKU-030,0.8034017008504252,0.3684210526315789,2026-07-14 14:54:21
Rotterdam-Whse,SKU-217,0.11855927963981991,0.5664160401002506,2026-07-16 14:54:21
Rotterdam-Whse,SKU-337,0.015007503751875938,0.2832080200501253,2026-08-06 14:54:21
Sydney-Whse,SKU-207,0.9909954977488744,0.9774436090225563,2026-08-07 14:54:21
Sydney-Whse,SKU-071,0.6828414207103551,0.3383458646616541,2026-07-18 14:54:21
Osaka-Whse,SKU-284,0.42471235617808906,0.8771929824561403,2026-07-26 14:54:21
Rotterdam-Whse,SKU-399,0.2066033016508254,0.6090225563909775,2026-07-18 14:54:21
London-Whse,SKU-087,0.09404702351175588,0.2556390977443609,2026-08-04 14:54:21
London-Whse,SKU-291,0.545272636318159,0.2631578947368421,2026-07-19 14:54:21
London-Whse,SKU-207,0.6143071535767884,0.7969924812030075,2026-07-24 14:54:21
Osaka-Whse,SKU-287,0.2741370685342671,0.531328320802005,2026-08-05 14:54:21
Sydney-Whse,SKU-115,0.18809404702351176,0.5263157894736842,2026-08-08 14:54:21
Osaka-Whse,SKU-408,0.7233616808404202,0.7343358395989975,2026-07-29 14:54:21
Rotterdam-Whse,SKU-222,0.9089544772386193,0.3157894736842105,2026-07-23 14:54:21
Rotterdam-Whse,SKU-118,0.7983991995997999,0.5764411027568922,2026-08-09 14:54:21
London-Whse,SKU-150,0.5842921460730365,0.9874686716791979,2026-07-28 14:54:21
Sydney-Whse,SKU-495,0.5362681340670336,0.2656641604010025,2026-07-14 14:54:21
London-Whse,SKU-317,0.06953476738369184,0.9924812030075187,2026-07-17 14:54:21
Rotterdam-Whse,SKU-448,0.46323161580790395,0.9874686716791979,2026-07-18 14:54:21
Osaka-Whse,SKU-361,0.3411705852926463,0.08771929824561403,2026-08-10 14:54:21
Sydney-Whse,SKU-420,0.9349674837418709,0.12030075187969924,2026-07-16 14:54:21
London-Whse,SKU-186,0.6223111555777889,0.012531328320802004,2026-07-31 14:54:21
Rotterdam-Whse,SKU-458,0.9449724862431216,0.9097744360902256,2026-07-31 14:54:21
Osaka-Whse,SKU-135,0.7198599299649825,0.08020050125313283,2026-07-25 14:54:21
Rotterdam-Whse,SKU-148,0.815407703851926,0.42355889724310775,2026-07-24 14:54:21
Seattle-Whse,SKU-191,0.5152576288144072,0.949874686716792,2026-07-17 14:54:21
Osaka-Whse,SKU-034,0.28114057028514255,0.2982456140350877,2026-07-19 14:54:21
Osaka-Whse,SKU-367,0.05252626313156578,0.7042606516290727,2026-07-15 14:54:21
Osaka-Whse,SKU-475,0.47873936968484243,0.02756892230576441,2026-08-04 14:54:21
Osaka-Whse,SKU-209,0.9309654827413707,0.017543859649122806,2026-08-11 14:54:21
Rotterdam-Whse,SKU-175,0.0400200100050025,0.7042606516290727,2026-07-18 14:54:21
Seattle-Whse,SKU-227,0.5247623811905953,0.46616541353383456,2026-07-25 14:54:21
Sydney-Whse,SKU-116,0.5067533766883442,0.7568922305764411,2026-08-06 14:54:21
London-Whse,SKU-163,0.7188594297148574,0.44360902255639095,2026-07-18 14:54:21
London-Whse,SKU-054,0.03301650825412707,0.07769423558897243,2026-07-16 14:54:21
Rotterdam-Whse,SKU-434,0.7273636818409205,0.5363408521303258,2026-07-29 14:54:21
Rotterdam-Whse,SKU-189,0.5562781390695347,0.8370927318295739,2026-07-24 14:54:21
Osaka-Whse,SKU-281,0.5682841420710355,0.42857142857142855,2026-07-24 14:54:21
Rotterdam-Whse,SKU-382,0.47273636818409204,0.03007518796992481,2026-07-29 14:54:21
Sydney-Whse,SKU-332,0.10305152576288144,0.8571428571428571,2026-07-22 14:54:21
Osaka-Whse,SKU-040,0.5232616308154077,0.6290726817042607,2026-07-16 14:54:21
Sydney-Whse,SKU-290,0.6128064032016008,0.38596491228070173,2026-07-20 14:54:21
Osaka-Whse,SKU-260,0.4817408704352176,0.49874686716791977,2026-08-06 14:54:21
Seattle-Whse,SKU-411,0.7913956978489245,0.924812030075188,2026-07-22 14:54:21
London-Whse,SKU-155,0.6433216608304152,0.37593984962406013,2026-07-23 14:54:21
Seattle-Whse,SKU-243,0.5607803901950975,0.07017543859649122,2026-07-14 14:54:21
London-Whse,SKU-371,0.8664332166083042,0.38596491228070173,2026-07-31 14:54:21
Seattle-Whse,SKU-293,0.40070035017508754,0.6390977443609023,2026-07-13 14:54:21
London-Whse,SKU-134,0.4317158579289645,0.8220551378446115,2026-07-17 14:54:21
Osaka-Whse,SKU-029,0.5812906453226613,0.8696741854636592,2026-08-10 14:54:21
Sydney-Whse,SKU-249,0.943471735867934,0.7844611528822055,2026-08-03 14:54:21
London-Whse,SKU-061,0.9044522261130565,0.5463659147869674,2026-07-13 14:54:21
Seattle-Whse,SKU-249,0.8039019509754878,0.731829573934837,2026-08-07 14:54:21
Osaka-Whse,SKU-198,0.03951975987993997,0.9624060150375939,2026-08-03 14:54:21
Sydney-Whse,SKU-327,0.3091545772886443,0.5162907268170426,2026-07-19 14:54:21
Sydney-Whse,SKU-435,0.08254127063531766,0.44862155388471175,2026-07-18 14:54:21
Rotterdam-Whse,SKU-068,0.8614307153576788,0.3433583959899749,2026-08-10 14:54:21
Seattle-Whse,SKU-388,0.6658329164582291,0.8245614035087719,2026-08-11 14:54:21
Osaka-Whse,SKU-076,0.9854927463731866,0.37593984962406013,2026-07-31 14:54:21
Seattle-Whse,SKU-316,0.018009004502251125,0.8320802005012531,2026-07-25 14:54:21
Sydney-Whse,SKU-108,0.1425712856428214,0.5989974937343359,2026-07-20 14:54:21
London-Whse,SKU-007,0.10755377688844422,0.42105263157894735,2026-08-02 14:54:21
Sydney-Whse,SKU-027,0.9064532266133066,0.10526315789473684,2026-07-24 14:54:21
Sydney-Whse,SKU-071,0.6463231615807904,0.2706766917293233,2026-07-22 14:54:21
Osaka-Whse,SKU-185,0.46023011505752875,0.3107769423558897,2026-08-03 14:54:21
Sydney-Whse,SKU-141,0.9144572286143071,0.39348370927318294,2026-07-17 14:54:21
London-Whse,SKU-449,0.6488244122061031,0.9448621553884712,2026-07-22 14:54:21
Sydney-Whse,SKU-374,0.7988994497248624,0.05764411027568922,2026-07-15 14:54:21
Seattle-Whse,SKU-362,0.4137068534267134,0.6616541353383458,2026-07-23 14:54:21
London-Whse,SKU-143,0.4222111055527764,0.6115288220551378,2026-07-26 14:54:21
Seattle-Whse,SKU-056,0.10605302651325663,0.23308270676691728,2026-08-01 14:54:21
London-Whse,SKU-128,0.47573786893446723,0.5413533834586466,2026-08-05 14:54:21
London-Whse,SKU-055,0.8909454727363681,0.6265664160401002,2026-07-15 14:54:21
Rotterdam-Whse,SKU-202,0.3691845922961481,0.3208020050125313,2026-07-29 14:54:21
Sydney-Whse,SKU-197,0.46773386693346675,0.41353383458646614,2026-07-19 14:54:21
Osaka-Whse,SKU-280,0.6418209104552276,0.8671679197994987,2026-08-07 14:54:21
Rotterdam-Whse,SKU-269,0.37168584292146073,0.2506265664160401,2026-08-06 14:54:21
Seattle-Whse,SKU-432,0.4627313656828414,0.5864661654135338,2026-08-05 14:54:21
London-Whse,SKU-154,0.5617808904452226,0.5939849624060151,2026-08-01 14:54:21
Osaka-Whse,SKU-364,0.32066033016508255,0.7468671679197995,2026-07-30 14:54:21
Rotterdam-Whse,SKU-063,0.5482741370685342,0.46365914786967416,2026-07-16 14:54:21
Sydney-Whse,SKU-304,0.5142571285642822,0.18796992481203006,2026-08-09 14:54:21
Sydney-Whse,SKU-400,0.2971485742871436,0.14786967418546365,2026-08-01 14:54:21
Sydney-Whse,SKU-307,0.19109554777388693,0.8671679197994987,2026-07-25 14:54:21
Rotterdam-Whse,SKU-320,0.43621810905452724,0.3508771929824561,2026-07-13 14:54:21
Osaka-Whse,SKU-070,0.19309654827413708,0.02756892230576441,2026-08-03 14:54:21
Seattle-Whse,SKU-207,0.544272136068034,0.15538847117794485,2026-07-25 14:54:21
Rotterdam-Whse,SKU-273,0.2051025512756378,0.949874686716792,2026-07-16 14:54:22
Rotterdam-Whse,SKU-379,0.2991495747873937,0.7794486215538847,2026-08-07 14:54:22
Osaka-Whse,SKU-431,0.009004502251125562,0.7819548872180451,2026-07-27 14:54:22
Sydney-Whse,SKU-155,0.2221110555277639,0.5764411027568922,2026-07-14 14:54:22
Seattle-Whse,SKU-499,0.4442221110555278,0.8972431077694235,2026-07-31 14:54:22
Sydney-Whse,SKU-413,0.4382191095547774,0.2731829573934837,2026-07-28 14:54:22
Osaka-Whse,SKU-390,0.6443221610805403,0.6766917293233082,2026-07-23 14:54:22
Osaka-Whse,SKU-258,0.7053526763381691,0.6165413533834586,2026-07-23 14:54:22
Sydney-Whse,SKU-350,0.03551775887943972,0.7393483709273183,2026-07-22 14:54:22
Rotterdam-Whse,SKU-246,0.5822911455727864,0.2581453634085213,2026-08-03 14:54:22
Sydney-Whse,SKU-311,0.7198599299649825,0.9949874686716792,2026-08-11 14:54:22
Rotterdam-Whse,SKU-280,0.9534767383691846,0.9223057644110275,2026-07-21 14:54:22
Sydney-Whse,SKU-392,0.7493746873436719,0.48621553884711777,2026-08-11 14:54:22
Rotterdam-Whse,SKU-431,0.5222611305652827,0.39849624060150374,2026-08-04 14:54:22
Seattle-Whse,SKU-301,0.7898949474737369,0.7418546365914787,2026-07-23 14:54:22
Rotterdam-Whse,SKU-101,0.8254127063531765,0.531328320802005,2026-07-25 14:54:22
Rotterdam-Whse,SKU-027,0.46923461730865434,0.8947368421052632,2026-08-11 14:54:22
Sydney-Whse,SKU-149,0.9104552276138069,0.3408521303258145,2026-07-14 14:54:22
Rotterdam-Whse,SKU-490,0.6238119059529765,0.010025062656641603,2026-08-11 14:54:22
Seattle-Whse,SKU-005,0.4577288644322161,0.5739348370927319,2026-08-07 14:54:22
Seattle-Whse,SKU-114,0.7698849424712356,0.45864661654135336,2026-07-22 14:54:22
Osaka-Whse,SKU-296,0.22611305652826413,0.48872180451127817,2026-07-18 14:54:22
London-Whse,SKU-136,0.06353176588294147,0.8070175438596491,2026-07-29 14:54:22
Sydney-Whse,SKU-218,0.824912456228114,0.9373433583959899,2026-07-13 14:54:22
London-Whse,SKU-463,0.6338169084542271,0.12781954887218044,2026-07-17 14:54:22
Seattle-Whse,SKU-002,0.0,0.5964912280701754,2026-07-20 14:54:22
London-Whse,SKU-104,0.9454727363681841,0.8095238095238095,2026-07-25 14:54:22
London-Whse,SKU-306,0.6503251625812907,0.022556390977443608,2026-07-22 14:54:22
Seattle-Whse,SKU-370,0.4882441220610305,0.9273182957393483,2026-08-06 14:54:22
Sydney-Whse,SKU-168,0.43571785892946474,0.8446115288220551,2026-07-13 14:54:22
Seattle-Whse,SKU-014,0.3746873436718359,0.9147869674185464,2026-07-26 14:54:22
Osaka-Whse,SKU-110,0.5092546273136568,0.7719298245614035,2026-07-31 14:54:22
Seattle-Whse,SKU-464,0.12756378189094547,0.05263157894736842,2026-08-06 14:54:22
Osaka-Whse,SKU-103,0.4807403701850925,0.7518796992481203,2026-07-20 14:54:22
London-Whse,SKU-321,0.11605802901450725,0.41854636591478694,2026-08-03 14:54:22
Sydney-Whse,SKU-045,0.2786393196598299,0.40852130325814534,2026-07-26 14:54:22
Seattle-Whse,SKU-414,0.7298649324662331,0.8370927318295739,2026-07-23 14:54:22
London-Whse,SKU-256,0.5447723861930965,0.6491228070175439,2026-07-25 14:54:22
Rotterdam-Whse,SKU-170,0.6408204102051025,0.11278195488721804,2026-08-10 14:54:22
Osaka-Whse,SKU-129,0.3901950975487744,0.8145363408521303,2026-07-21 14:54:22
Seattle-Whse,SKU-187,0.5042521260630315,0.8546365914786967,2026-08-01 14:54:22
London-Whse,SKU-259,0.43871935967983994,0.6215538847117794,2026-08-06 14:54:22
Seattle-Whse,SKU-227,0.0880440220110055,0.606516290726817,2026-07-25 14:54:22
Sydney-Whse,SKU-495,0.017008504252126064,0.3358395989974937,2026-07-25 14:54:22
Osaka-Whse,SKU-474,0.8594297148574287,0.5037593984962406,2026-07-24 14:54:22
Seattle-Whse,SKU-450,0.6218109054527263,0.23809523809523808,2026-08-11 14:54:22
Seattle-Whse,SKU-381,0.3341670835417709,0.5162907268170426,2026-07-25 14:54:22
Osaka-Whse,SKU-246,0.8674337168584292,0.7117794486215538,2026-07-25 14:54:22
London-Whse,SKU-083,0.15807903951975988,0.3308270676691729,2026-08-03 14:54:22
Osaka-Whse,SKU-237,0.8024012006003002,0.45864661654135336,2026-07-21 14:54:22
London-Whse,SKU-271,0.3006503251625813,0.21804511278195488,2026-07-24 14:54:22
London-Whse,SKU-107,0.42021010505252626,0.8696741854636592,2026-07-27 14:54:22
Rotterdam-Whse,SKU-098,0.9724862431215607,0.5789473684210527,2026-07-20 14:54:22
Seattle-Whse,SKU-149,0.19409704852426213,0.5864661654135338,2026-08-03 14:54:22
Rotterdam-Whse,SKU-229,0.6923461730865432,0.8020050125313283,2026-07-17 14:54:22
Osaka-Whse,SKU-232,0.2651325662831416,0.03759398496240601,2026-07-30 14:54:22
Sydney-Whse,SKU-114,0.5457728864432216,0.19298245614035087,2026-07-13 14:54:22
London-Whse,SKU-152,0.4992496248124062,0.9072681704260651,2026-07-21 14:54:22
London-Whse,SKU-167,0.3296648324162081,0.12030075187969924,2026-08-07 14:54:22
Osaka-Whse,SKU-262,0.09004502251125562,0.7243107769423559,2026-07-17 14:54:22
London-Whse,SKU-453,0.1325662831415708,0.06766917293233082,2026-08-09 14:54:22
Sydney-Whse,SKU-432,0.43921960980490243,0.48370927318295737,2026-07-13 14:54:22
Rotterdam-Whse,SKU-436,0.568784392196098,0.15288220551378445,2026-07-23 14:54:22
London-Whse,SKU-047,0.21860930465232617,0.2506265664160401,2026-07-20 14:54:22
Rotterdam-Whse,SKU-471,0.5292646323161581,0.8972431077694235,2026-07-20 14:54:22
Osaka-Whse,SKU-239,0.7578789394697348,0.9197994987468672,2026-07-17 14:54:22
Rotterdam-Whse,SKU-451,0.3016508254127064,0.5513784461152882,2026-07-21 14:54:22
London-Whse,SKU-228,0.272136068034017,0.5338345864661654,2026-08-04 14:54:22
Sydney-Whse,SKU-064,0.15657828914457228,0.9348370927318296,2026-08-07 14:54:22
London-Whse,SKU-012,0.4897448724362181,0.20802005012531327,2026-08-08 14:54:22
Sydney-Whse,SKU-348,0.3571785892946473,0.6741854636591479,2026-08-01 14:54:22
Seattle-Whse,SKU-152,0.7728864432216108,0.09273182957393483,2026-08-01 14:54:22
Seattle-Whse,SKU-165,0.4687343671835918,0.07769423558897243,2026-07-23 14:54:22
London-Whse,SKU-152,0.04752376188094047,0.022556390977443608,2026-07-21 14:54:22
Rotterdam-Whse,SKU-016,0.8514257128564282,0.23809523809523808,2026-07-25 14:54:22
Seattle-Whse,SKU-007,0.8599299649824912,0.9548872180451128,2026-07-22 14:54:22
Rotterdam-Whse,SKU-466,0.43921960980490243,0.20300751879699247,2026-08-09 14:54:22
Seattle-Whse,SKU-289,0.2271135567783892,0.18295739348370926,2026-07-31 14:54:22
Rotterdam-Whse,SKU-072,0.5067533766883442,0.39849624060150374,2026-07-20 14:54:22
Seattle-Whse,SKU-462,0.7763881940970485,0.22055137844611528,2026-07-22 14:54:22
London-Whse,SKU-433,0.0415207603801901,0.6240601503759399,2026-07-17 14:54:22
Sydney-Whse,SKU-112,0.08554277138569284,0.46616541353383456,2026-07-14 14:54:22
Seattle-Whse,SKU-018,0.8519259629814907,0.7969924812030075,2026-07-25 14:54:22
Rotterdam-Whse,SKU-429,0.7418709354677339,0.8370927318295739,2026-07-17 14:54:22
Seattle-Whse,SKU-131,0.19309654827413708,0.8872180451127819,2026-08-03 14:54:22
Rotterdam-Whse,SKU-296,0.0335167583791896,0.047619047619047616,2026-07-28 14:54:22
Sydney-Whse,SKU-133,0.6593296648324162,0.7393483709273183,2026-08-05 14:54:22
London-Whse,SKU-033,0.6988494247123562,0.731829573934837,2026-08-01 14:54:22
London-Whse,SKU-354,0.1520760380190095,0.7017543859649122,2026-07-31 14:54:22
Osaka-Whse,SKU-009,0.11455727863931967,0.5513784461152882,2026-08-06 14:54:22
Osaka-Whse,SKU-278,0.04902451225612806,0.6766917293233082,2026-08-05 14:54:22
Sydney-Whse,SKU-362,0.5937968984492246,0.03759398496240601,2026-08-03 14:54:22
Sydney-Whse,SKU-028,0.9329664832416208,0.20551378446115287,2026-07-26 14:54:22
Seattle-Whse,SKU-397,0.5297648824412207,0.7844611528822055,2026-08-02 14:54:22
London-Whse,SKU-233,0.8199099549774888,0.012531328320802004,2026-07-20 14:54:22
Osaka-Whse,SKU-152,0.12156078039019509,0.6015037593984962,2026-08-07 14:54:22
Seattle-Whse,SKU-075,0.14107053526763383,0.48872180451127817,2026-07-20 14:54:22
Seattle-Whse,SKU-121,0.46473236618309155,0.37092731829573933,2026-07-21 14:54:22
Seattle-Whse,SKU-160,0.2226113056528264,0.7092731829573935,2026-07-25 14:54:22
Osaka-Whse,SKU-044,0.0865432716358179,0.03258145363408521,2026-07-31 14:54:22
Seattle-Whse,SKU-073,0.87943971985993,0.002506265664160401,2026-07-25 14:54:22
Sydney-Whse,SKU-090,0.17108554277138568,0.9899749373433584,2026-07-29 14:54:22
London-Whse,SKU-383,0.1660830415207604,0.8872180451127819,2026-07-28 14:54:22
Rotterdam-Whse,SKU-116,0.7133566783391696,0.19548872180451127,2026-07-24 14:54:22
Sydney-Whse,SKU-279,0.271135567783892,0.42355889724310775,2026-08-10 14:54:22
Rotterdam-Whse,SKU-409,0.3341670835417709,0.05263157894736842,2026-07-13 14:54:22
Rotterdam-Whse,SKU-457,0.8524262131065533,0.41353383458646614,2026-07-14 14:54:22
Osaka-Whse,SKU-022,0.7478739369684843,0.6591478696741855,2026-07-28 14:54:22
London-Whse,SKU-465,0.5937968984492246,0.3383458646616541,2026-07-15 14:54:22
Sydney-Whse,SKU-344,0.662831415707854,0.6040100250626567,2026-07-20 14:54:22
Sydney-Whse,SKU-465,0.92096048024012,0.7543859649122807,2026-07-19 14:54:22
Rotterdam-Whse,SKU-394,0.815407703851926,0.3684210526315789,2026-07-27 14:54:22
Rotterdam-Whse,SKU-030,0.26463231615807903,0.46616541353383456,2026-08-06 14:54:22
London-Whse,SKU-035,0.5852926463231616,0.7042606516290727,2026-08-09 14:54:22
London-Whse,SKU-072,0.6363181590795398,0.14035087719298245,2026-08-07 14:54:22
Seattle-Whse,SKU-010,0.8744372186093047,0.9022556390977443,2026-07-30 14:54:22
Osaka-Whse,SKU-413,0.11105552776388194,0.2581453634085213,2026-08-05 14:54:22
Osaka-Whse,SKU-226,0.8789394697348675,0.8095238095238095,2026-08-03 14:54:22
Seattle-Whse,SKU-334,0.39569784892446225,0.10526315789473684,2026-07-22 14:54:22
London-Whse,SKU-153,0.9374687343671836,0.7243107769423559,2026-07-18 14:54:22
Sydney-Whse,SKU-220,0.2191095547773887,0.606516290726817,2026-07-22 14:54:22
Osaka-Whse,SKU-117,0.4512256128064032,0.8270676691729323,2026-08-02 14:54:22
Rotterdam-Whse,SKU-247,0.45222611305652827,0.7268170426065163,2026-07-19 14:54:22
Sydney-Whse,SKU-087,0.432216108054027,0.20802005012531327,2026-08-07 14:54:22
Sydney-Whse,SKU-154,0.02501250625312656,0.09273182957393483,2026-08-09 14:54:22
Sydney-Whse,SKU-187,0.7743871935967984,0.556390977443609,2026-07-26 14:54:22
Rotterdam-Whse,SKU-087,0.12906453226613307,0.45112781954887216,2026-07-20 14:54:22
Sydney-Whse,SKU-322,0.8654327163581791,0.849624060150376,2026-07-27 14:54:22
Sydney-Whse,SKU-428,0.25212606303151575,0.8220551378446115,2026-07-27 14:54:22
London-Whse,SKU-062,0.5242621310655328,0.12781954887218044,2026-07-25 14:54:22
Osaka-Whse,SKU-385,0.6593296648324162,0.12781954887218044,2026-07-31 14:54:22
London-Whse,SKU-216,0.22811405702851426,0.9147869674185464,2026-07-23 14:54:22
Sydney-Whse,SKU-276,0.9384692346173087,0.002506265664160401,2026-07-22 14:54:22
Osaka-Whse,SKU-216,0.38819409704852426,0.41604010025062654,2026-07-20 14:54:22
Osaka-Whse,SKU-058,0.9819909954977488,0.10526315789473684,2026-08-02 14:54:22
Sydney-Whse,SKU-489,0.791895947973987,0.3132832080200501,2026-07-22 14:54:22
Seattle-Whse,SKU-128,0.7063531765882941,0.49373433583959897,2026-08-02 14:54:22
Rotterdam-Whse,SKU-194,0.1630815407703852,0.5939849624060151,2026-08-08 14:54:22
Sydney-Whse,SKU-083,0.25012506253126565,0.7092731829573935,2026-07-23 14:54:22
London-Whse,SKU-222,0.05252626313156578,0.7343358395989975,2026-08-10 14:54:22
Rotterdam-Whse,SKU-188,0.02301150575287644,0.9047619047619048,2026-07-26 14:54:22
Seattle-Whse,SKU-066,0.7553776888444222,0.8370927318295739,2026-08-09 14:54:22
Sydney-Whse,SKU-246,0.40370185092546274,0.24812030075187969,2026-07-25 14:54:22
Rotterdam-Whse,SKU-168,0.3151575787893947,0.41102756892230574,2026-07-16 14:54:22
Sydney-Whse,SKU-401,0.9269634817408704,0.5914786967418546,2026-08-03 14:54:22
London-Whse,SKU-426,0.14307153576788395,0.08020050125313283,2026-08-01 14:54:22
Sydney-Whse,SKU-230,0.8654327163581791,0.7343358395989975,2026-08-03 14:54:22
Rotterdam-Whse,SKU-317,0.9329664832416208,0.07769423558897243,2026-08-01 14:54:22
London-Whse,SKU-477,0.7903951975987994,0.17794486215538846,2026-07-23 14:54:22
Seattle-Whse,SKU-188,0.5562781390695347,0.5012531328320802,2026-07-20 14:54:22
Osaka-Whse,SKU-154,0.29464732366183094,0.47368421052631576,2026-07-31 14:54:22
Osaka-Whse,SKU-113,0.6813406703351675,0.2907268170426065,2026-08-07 14:54:22
Seattle-Whse,SKU-326,0.5292646323161581,0.6791979949874687,2026-07-25 14:54:22
Seattle-Whse,SKU-335,0.6208104052026013,0.6340852130325815,2026-08-08 14:54:22
Rotterdam-Whse,SKU-101,0.6923461730865432,0.5714285714285714,2026-08-05 14:54:22
Osaka-Whse,SKU-178,0.1375687843921961,0.7794486215538847,2026-08-10 14:54:22
Osaka-Whse,SKU-279,0.6558279139569785,0.3508771929824561,2026-07-30 14:54:22
Seattle-Whse,SKU-217,0.3486743371685843,0.06516290726817042,2026-07-26 14:54:22
Osaka-Whse,SKU-422,0.5187593796898449,0.3533834586466165,2026-07-31 14:54:22
Sydney-Whse,SKU-485,0.6738369184592297,0.13533834586466165,2026-07-14 14:54:22
Seattle-Whse,SKU-045,0.8339169584792396,1.0,2026-07-25 14:54:22
Osaka-Whse,SKU-279,0.9299649824912456,0.3684210526315789,2026-07-26 14:54:22
London-Whse,SKU-006,0.04052026013006503,0.3057644110275689,2026-08-05 14:54:22
Sydney-Whse,SKU-105,0.9129564782391195,0.5939849624060151,2026-07-21 14:54:22
Osaka-Whse,SKU-094,0.6723361680840421,0.8571428571428571,2026-07-14 14:54:22
Seattle-Whse,SKU-361,0.927463731865933,0.16290726817042606,2026-07-27 14:54:22
London-Whse,SKU-429,0.7123561780890445,0.42606516290726815,2026-07-20 14:54:22
Osaka-Whse,SKU-068,0.7578789394697348,0.08270676691729323,2026-08-11 14:54:22
Osaka-Whse,SKU-238,0.3136568284142071,0.18796992481203006,2026-07-16 14:54:22
Rotterdam-Whse,SKU-284,0.017008504252126064,0.9273182957393483,2026-08-01 14:54:22
London-Whse,SKU-305,0.6323161580790395,0.015037593984962405,2026-08-07 14:54:22
Rotterdam-Whse,SKU-153,0.3781890945472736,0.6240601503759399,2026-07-24 14:54:22
Seattle-Whse,SKU-337,0.2866433216608304,0.42105263157894735,2026-07-29 14:54:22
Sydney-Whse,SKU-438,0.8969484742371185,0.21804511278195488,2026-07-28 14:54:22
Rotterdam-Whse,SKU-481,0.4112056028014007,0.02756892230576441,2026-07-24 14:54:22
London-Whse,SKU-239,0.6103051525762881,0.6416040100250626,2026-08-01 14:54:22
Rotterdam-Whse,SKU-201,0.8194097048524263,0.7243107769423559,2026-07-14 14:54:22
Seattle-Whse,SKU-496,0.951975987993997,0.7543859649122807,2026-07-16 14:54:22
Osaka-Whse,SKU-403,0.7178589294647324,0.24561403508771928,2026-08-04 14:54:22
Sydney-Whse,SKU-313,0.4092046023011506,0.05263157894736842,2026-08-08 14:54:22
London-Whse,SKU-065,0.9139569784892446,0.5413533834586466,2026-07-14 14:54:22
Seattle-Whse,SKU-056,0.9369684842421211,0.9699248120300752,2026-07-23 14:54:22
Rotterdam-Whse,SKU-178,0.7233616808404202,0.38095238095238093,2026-07-22 14:54:22
London-Whse,SKU-431,0.08354177088544272,0.7167919799498746,2026-08-07 14:54:22
Seattle-Whse,SKU-074,0.5972986493246624,0.949874686716792,2026-07-20 14:54:22
London-Whse,SKU-375,0.4182091045522761,0.10275689223057644,2026-07-29 14:54:22
Seattle-Whse,SKU-306,0.4897448724362181,0.012531328320802004,2026-08-01 14:54:22
Sydney-Whse,SKU-273,0.18009004502251125,0.46115288220551376,2026-08-09 14:54:22
London-Whse,SKU-100,0.5567783891945973,0.6140350877192983,2026-07-28 14:54:22
Osaka-Whse,SKU-212,0.5522761380690345,0.2857142857142857,2026-07-23 14:54:22
Rotterdam-Whse,SKU-309,0.2801400700350175,0.6491228070175439,2026-07-25 14:54:22
London-Whse,SKU-373,0.14507253626813407,0.07268170426065163,2026-07-21 14:54:22
London-Whse,SKU-063,0.29664832416208103,0.8120300751879699,2026-07-14 14:54:22
Seattle-Whse,SKU-310,0.6833416708354177,0.39348370927318294,2026-07-16 14:54:22
Seattle-Whse,SKU-142,0.33016508254127064,0.9398496240601504,2026-08-10 14:54:22
Osaka-Whse,SKU-025,0.8569284642321161,0.9122807017543859,2026-07-15 14:54:22
Sydney-Whse,SKU-304,0.8029014507253627,0.43859649122807015,2026-08-08 14:54:22
Osaka-Whse,SKU-415,0.9374687343671836,0.9724310776942355,2026-07-25 14:54:22
Rotterdam-Whse,SKU-360,0.6773386693346674,0.531328320802005,2026-07-13 14:54:22
Rotterdam-Whse,SKU-437,0.17208604302151076,0.15789473684210525,2026-08-09 14:54:22
London-Whse,SKU-431,0.17258629314657328,0.7769423558897243,2026-07-19 14:54:22
Sydney-Whse,SKU-467,0.04502251125562781,0.7343358395989975,2026-07-14 14:54:22
London-Whse,SKU-147,0.8364182091045522,0.8446115288220551,2026-07-14 14:54:22
Rotterdam-Whse,SKU-087,0.5907953976988495,0.46365914786967416,2026-07-19 14:54:22
Sydney-Whse,SKU-357,0.37018509254627313,0.007518796992481203,2026-07-18 14:54:22
Sydney-Whse,SKU-028,0.007503751875937969,0.03007518796992481,2026-08-04 14:54:22
Sydney-Whse,SKU-304,0.7658829414707353,0.7017543859649122,2026-08-10 14:54:22
Rotterdam-Whse,SKU-407,0.5902951475737869,0.23308270676691728,2026-08-01 14:54:22
Sydney-Whse,SKU-127,0.6853426713356678,0.8771929824561403,2026-07-13 14:54:22
Seattle-Whse,SKU-385,0.21860930465232617,0.2781954887218045,2026-08-02 14:54:22
Osaka-Whse,SKU-080,0.7378689344672336,0.20551378446115287,2026-07-14 14:54:22
Seattle-Whse,SKU-131,0.7733866933466733,0.9799498746867168,2026-07-13 14:54:22
Seattle-Whse,SKU-136,0.46023011505752875,0.21804511278195488,2026-07-17 14:54:22
Osaka-Whse,SKU-017,0.511255627813907,0.22556390977443608,2026-07-14 14:54:22
Rotterdam-Whse,SKU-487,0.894447223611806,0.18045112781954886,2026-07-29 14:54:22
Sydney-Whse,SKU-178,0.6678339169584793,0.7819548872180451,2026-07-20 14:54:22
London-Whse,SKU-173,0.5942971485742872,0.8195488721804511,2026-07-28 14:54:22
London-Whse,SKU-292,0.592296148074037,0.974937343358396,2026-07-19 14:54:22
Rotterdam-Whse,SKU-460,0.5472736368184092,0.22807017543859648,2026-08-05 14:54:22
Seattle-Whse,SKU-321,0.6343171585792896,0.05764411027568922,2026-07-30 14:54:22
Sydney-Whse,SKU-403,0.6983491745872936,0.7142857142857143,2026-08-11 14:54:22
Seattle-Whse,SKU-404,0.9384692346173087,0.20551378446115287,2026-07-13 14:54:22
Osaka-Whse,SKU-476,0.6878439219609805,0.8571428571428571,2026-07-16 14:54:22
Sydney-Whse,SKU-443,0.6208104052026013,0.47368421052631576,2026-08-09 14:54:22
Osaka-Whse,SKU-250,0.28264132066033015,0.022556390977443608,2026-08-06 14:54:22
Rotterdam-Whse,SKU-415,0.14207103551775888,0.38095238095238093,2026-07-26 14:54:22
Rotterdam-Whse,SKU-301,0.9204602301150575,0.8571428571428571,2026-07-25 14:54:22
Rotterdam-Whse,SKU-379,0.8299149574787393,0.12781954887218044,2026-07-23 14:54:22
Sydney-Whse,SKU-088,0.7253626813406704,0.20802005012531327,2026-07-24 14:54:22
Osaka-Whse,SKU-092,0.689344672336168,0.05012531328320802,2026-08-06 14:54:22
Sydney-Whse,SKU-309,0.5552776388194097,0.44862155388471175,2026-08-07 14:54:22
Seattle-Whse,SKU-352,0.6348174087043522,0.43358395989974935,2026-08-01 14:54:22
Seattle-Whse,SKU-476,0.4852426213106553,0.17543859649122806,2026-07-13 14:54:22
Rotterdam-Whse,SKU-237,0.3491745872936468,0.606516290726817,2026-08-06 14:54:22
Osaka-Whse,SKU-255,0.15057528764382191,0.5488721804511278,2026-07-27 14:54:22
Seattle-Whse,SKU-482,0.6283141570785392,0.5363408521303258,2026-07-25 14:54:22
Sydney-Whse,SKU-020,0.10455227613806903,0.5238095238095238,2026-08-02 14:54:22
Sydney-Whse,SKU-072,0.8489244622311155,0.44360902255639095,2026-08-01 14:54:22
Rotterdam-Whse,SKU-499,0.14907453726863432,0.6641604010025063,2026-08-04 14:54:22
Rotterdam-Whse,SKU-193,0.9234617308654327,0.6466165413533834,2026-07-22 14:54:22
London-Whse,SKU-096,0.919959979989995,0.7744360902255639,2026-07-27 14:54:22
Seattle-Whse,SKU-092,0.9739869934967483,0.3583959899749373,2026-08-03 14:54:22
Rotterdam-Whse,SKU-417,0.2541270635317659,0.042606516290726815,2026-07-13 14:54:22
Osaka-Whse,SKU-006,0.21060530265132565,0.974937343358396,2026-07-29 14:54:22
Osaka-Whse,SKU-336,0.5557778889444722,0.6716791979949874,2026-08-11 14:54:22
Seattle-Whse,SKU-377,0.9344672336168084,0.6716791979949874,2026-08-03 14:54:22
Seattle-Whse,SKU-350,0.21010505252626313,0.7819548872180451,2026-07-22 14:54:22
London-Whse,SKU-290,0.4807403701850925,0.47117794486215536,2026-07-26 14:54:22
Osaka-Whse,SKU-078,0.15957978989494748,0.3609022556390977,2026-07-14 14:54:22
Rotterdam-Whse,SKU-093,0.1310655327663832,0.05513784461152882,2026-08-08 14:54:22
London-Whse,SKU-440,0.3136568284142071,0.20050125313283207,2026-07-18 14:54:22
Rotterdam-Whse,SKU-094,0.1520760380190095,0.46115288220551376,2026-07-16 14:54:22
Rotterdam-Whse,SKU-174,0.43121560780390195,0.43107769423558895,2026-07-17 14:54:22
Osaka-Whse,SKU-304,0.8319159579789895,0.8521303258145363,2026-07-15 14:54:22
Seattle-Whse,SKU-307,0.9229614807403702,0.9874686716791979,2026-07-31 14:54:22
Rotterdam-Whse,SKU-028,0.2191095547773887,0.49122807017543857,2026-07-15 14:54:22
Osaka-Whse,SKU-384,0.29064532266133064,0.39849624060150374,2026-07-27 14:54:22
London-Whse,SKU-454,0.9984992496248124,0.2556390977443609,2026-08-04 14:54:22
London-Whse,SKU-189,0.7208604302151076,0.8571428571428571,2026-08-03 14:54:22
Sydney-Whse,SKU-337,0.1500750375187594,0.9197994987468672,2026-07-15 14:54:22
Seattle-Whse,SKU-071,0.1340670335167584,0.8345864661654135,2026-07-22 14:54:22
Seattle-Whse,SKU-478,0.08754377188594298,0.5964912280701754,2026-07-14 14:54:22
Seattle-Whse,SKU-098,0.42921460730365185,0.22055137844611528,2026-07-15 14:54:22
London-Whse,SKU-099,0.16408204102051024,0.8145363408521303,2026-07-14 14:54:22
Osaka-Whse,SKU-486,0.1470735367683842,0.706766917293233,2026-08-04 14:54:22
Rotterdam-Whse,SKU-031,0.5772886443221611,0.5388471177944862,2026-07-28 14:54:22
Rotterdam-Whse,SKU-286,0.14507253626813407,0.9197994987468672,2026-08-06 14:54:22
Rotterdam-Whse,SKU-445,0.08354177088544272,0.8721804511278195,2026-07-20 14:54:22
Osaka-Whse,SKU-255,0.5967983991995998,0.9373433583959899,2026-08-09 14:54:22
Osaka-Whse,SKU-078,0.42521260630315155,0.21052631578947367,2026-07-15 14:54:22
Sydney-Whse,SKU-201,0.2941470735367684,0.9022556390977443,2026-07-17 14:54:22
Sydney-Whse,SKU-300,0.15057528764382191,0.731829573934837,2026-08-06 14:54:22
Sydney-Whse,SKU-365,0.29964982491245623,0.41353383458646614,2026-07-29 14:54:22
Rotterdam-Whse,SKU-093,0.8544272136068034,0.15789473684210525,2026-07-31 14:54:22
Seattle-Whse,SKU-209,0.7988994497248624,0.5989974937343359,2026-07-17 14:54:22
Sydney-Whse,SKU-346,0.005502751375687844,0.3408521303258145,2026-08-09 14:54:22
Osaka-Whse,SKU-363,0.19259629814907453,0.3383458646616541,2026-07-23 14:54:22
Rotterdam-Whse,SKU-402,0.7298649324662331,0.09523809523809523,2026-07-29 14:54:22
Seattle-Whse,SKU-477,0.7898949474737369,0.46867167919799496,2026-08-11 14:54:22
Rotterdam-Whse,SKU-002,0.753376688344172,0.7293233082706767,2026-07-29 14:54:22
Osaka-Whse,SKU-343,0.991495747873937,0.8120300751879699,2026-07-28 14:54:22
Sydney-Whse,SKU-442,0.05152576288144072,0.15288220551378445,2026-07-18 14:54:22
Rotterdam-Whse,SKU-342,0.9389694847423712,0.8671679197994987,2026-07-18 14:54:22
Seattle-Whse,SKU-173,0.7198599299649825,0.2556390977443609,2026-08-11 14:54:22
Osaka-Whse,SKU-045,0.2876438219109555,0.48872180451127817,2026-07-14 14:54:22
Sydney-Whse,SKU-331,0.12306153076538269,0.8220551378446115,2026-07-13 14:54:22
Osaka-Whse,SKU-231,0.29214607303651824,0.13533834586466165,2026-08-06 14:54:22
Rotterdam-Whse,SKU-302,0.688344172086043,0.9824561403508771,2026-07-20 14:54:22
Rotterdam-Whse,SKU-490,0.83991995997999,0.06015037593984962,2026-08-09 14:54:22
Rotterdam-Whse,SKU-333,0.59879939969985,0.656641604010025,2026-08-10 14:54:22
Osaka-Whse,SKU-334,0.3951975987993997,0.3609022556390977,2026-07-30 14:54:22
Osaka-Whse,SKU-027,0.5447723861930965,0.2506265664160401,2026-07-13 14:54:22
London-Whse,SKU-094,0.545272636318159,0.6240601503759399,2026-07-29 14:54:22
Rotterdam-Whse,SKU-040,0.10705352676338169,0.3258145363408521,2026-08-02 14:54:22
Seattle-Whse,SKU-009,0.951975987993997,0.8220551378446115,2026-07-15 14:54:22
London-Whse,SKU-385,0.583791895947974,0.87468671679198,2026-08-04 14:54:22
Osaka-Whse,SKU-417,0.9469734867433717,0.7418546365914787,2026-07-24 14:54:22
Rotterdam-Whse,SKU-459,0.8629314657328664,0.8270676691729323,2026-07-29 14:54:22
Rotterdam-Whse,SKU-154,0.5977988994497249,0.6165413533834586,2026-08-07 14:54:22
Seattle-Whse,SKU-011,0.27913956978489246,0.6641604010025063,2026-07-14 14:54:22
London-Whse,SKU-301,0.6633316658329165,0.9348370927318296,2026-07-30 14:54:22
London-Whse,SKU-473,0.3951975987993997,0.7293233082706767,2026-07-15 14:54:22
London-Whse,SKU-175,0.054027013506753374,0.849624060150376,2026-07-27 14:54:22
Sydney-Whse,SKU-322,0.9844922461230615,0.6791979949874687,2026-08-08 14:54:22
Rotterdam-Whse,SKU-461,0.5627813906953477,0.2807017543859649,2026-08-11 14:54:22
Seattle-Whse,SKU-149,0.16858429214607304,0.5588972431077694,2026-07-29 14:54:22
Osaka-Whse,SKU-084,0.2771385692846423,0.16290726817042606,2026-08-08 14:54:22
Rotterdam-Whse,SKU-109,0.8189094547273637,0.3358395989974937,2026-07-21 14:54:22
London-Whse,SKU-442,0.11305652826413207,0.6491228070175439,2026-07-15 14:54:22
Sydney-Whse,SKU-020,0.5292646323161581,0.8822055137844611,2026-07-24 14:54:22
Rotterdam-Whse,SKU-469,0.4702351175587794,0.6741854636591479,2026-07-21 14:54:22
London-Whse,SKU-304,0.8469234617308654,0.7117794486215538,2026-08-08 14:54:22
Seattle-Whse,SKU-298,0.5262631315657829,0.9774436090225563,2026-07-30 14:54:22
Seattle-Whse,SKU-255,0.4542271135567784,0.3533834586466165,2026-08-06 14:54:22
Seattle-Whse,SKU-436,0.951975987993997,0.8521303258145363,2026-07-22 14:54:22
London-Whse,SKU-400,0.5142571285642822,0.6641604010025063,2026-08-01 14:54:22
Osaka-Whse,SKU-443,0.6573286643321661,0.07518796992481203,2026-07-19 14:54:22
Rotterdam-Whse,SKU-009,0.7368684342171086,0.10776942355889724,2026-07-23 14:54:22
Sydney-Whse,SKU-065,0.599799899949975,0.17293233082706766,2026-07-29 14:54:22
Seattle-Whse,SKU-377,0.6133066533266633,0.7218045112781954,2026-07-23 14:54:22
Seattle-Whse,SKU-055,0.34517258629314657,0.24310776942355888,2026-07-29 14:54:22
Seattle-Whse,SKU-447,0.7633816908454227,0.3107769423558897,2026-07-16 14:54:22
Seattle-Whse,SKU-037,0.25812906453226614,0.8446115288220551,2026-07-21 14:54:22
London-Whse,SKU-316,0.5977988994497249,0.6541353383458647,2026-08-08 14:54:22
Rotterdam-Whse,SKU-495,0.027013506753376687,0.9974937343358395,2026-07-18 14:54:22
Seattle-Whse,SKU-259,0.9009504752376188,0.47619047619047616,2026-07-18 14:54:22
Sydney-Whse,SKU-104,0.7083541770885443,0.7192982456140351,2026-08-09 14:54:22
Osaka-Whse,SKU-161,0.3411705852926463,0.2706766917293233,2026-07-31 14:54:22
Sydney-Whse,SKU-469,0.5632816408204102,0.5639097744360902,2026-08-11 14:54:22
London-Whse,SKU-195,0.6738369184592297,0.3609022556390977,2026-07-25 14:54:22
Seattle-Whse,SKU-403,0.5777888944472236,0.23057644110275688,2026-07-26 14:54:22
Osaka-Whse,SKU-170,0.22961480740370185,0.02506265664160401,2026-07-22 14:54:22
London-Whse,SKU-029,0.2656328164082041,0.010025062656641603,2026-07-18 14:54:22
Osaka-Whse,SKU-140,0.5257628814407204,0.24310776942355888,2026-08-06 14:54:22
Rotterdam-Whse,SKU-012,0.2681340670335168,0.03007518796992481,2026-07-26 14:54:22
London-Whse,SKU-259,0.01150575287643822,0.017543859649122806,2026-07-27 14:54:22
London-Whse,SKU-376,0.5732866433216608,0.22305764411027568,2026-07-30 14:54:22
Seattle-Whse,SKU-003,0.416208104052026,0.6766917293233082,2026-07-25 14:54:22
London-Whse,SKU-387,0.3501750875437719,0.9974937343358395,2026-07-16 14:54:22
London-Whse,SKU-124,0.018009004502251125,0.37092731829573933,2026-08-02 14:54:22
Seattle-Whse,SKU-232,0.4332166083041521,0.3634085213032581,2026-07-26 14:54:22
Osaka-Whse,SKU-278,0.062031015507753876,0.43107769423558895,2026-08-08 14:54:22
Rotterdam-Whse,SKU-203,0.7528764382191095,0.8446115288220551,2026-07-16 14:54:22
London-Whse,SKU-401,0.9949974987493747,0.9874686716791979,2026-08-07 14:54:22
Osaka-Whse,SKU-377,0.23261630815407705,0.14035087719298245,2026-07-18 14:54:22
Osaka-Whse,SKU-489,0.615807903951976,0.5037593984962406,2026-08-02 14:54:22
London-Whse,SKU-085,0.3156578289144572,0.03258145363408521,2026-08-04 14:54:22
Seattle-Whse,SKU-400,0.3966983491745873,0.12030075187969924,2026-08-02 14:54:22
Osaka-Whse,SKU-322,0.5382691345672836,0.6616541353383458,2026-08-07 14:54:22
Sydney-Whse,SKU-056,0.43921960980490243,0.6365914786967418,2026-08-07 14:54:22
Sydney-Whse,SKU-052,0.16408204102051024,0.24310776942355888,2026-08-11 14:54:22
Sydney-Whse,SKU-491,0.39119559779889945,0.16040100250626566,2026-08-05 14:54:22
Rotterdam-Whse,SKU-367,0.38669334667333666,0.5288220551378446,2026-07-17 14:54:22
Osaka-Whse,SKU-234,0.32566283141570784,0.8320802005012531,2026-07-28 14:54:22
Rotterdam-Whse,SKU-369,0.6783391695847923,0.3233082706766917,2026-07-25 14:54:22
Sydney-Whse,SKU-395,0.5622811405702851,0.48872180451127817,2026-08-10 14:54:22
Rotterdam-Whse,SKU-208,0.3031515757878939,0.2556390977443609,2026-08-04 14:54:22
Osaka-Whse,SKU-399,0.13006503251625812,0.3659147869674185,2026-08-02 14:54:22
Seattle-Whse,SKU-185,0.7308654327163582,0.5789473684210527,2026-08-07 14:54:22
Rotterdam-Whse,SKU-205,0.2531265632816408,0.11278195488721804,2026-08-04 14:54:22
London-Whse,SKU-118,0.7703851925962981,0.5263157894736842,2026-07-20 14:54:22
Rotterdam-Whse,SKU-401,0.04352176088044022,0.6165413533834586,2026-07-22 14:54:22
London-Whse,SKU-170,0.7543771885942971,0.37343358395989973,2026-08-05 14:54:22
Sydney-Whse,SKU-483,0.6533266633316658,0.8295739348370927,2026-07-29 14:54:22
London-Whse,SKU-180,0.48024012006003003,0.9448621553884712,2026-07-25 14:54:22
London-Whse,SKU-496,0.6453226613306653,0.20300751879699247,2026-07-20 14:54:22
Sydney-Whse,SKU-313,0.08104052026013006,0.731829573934837,2026-07-25 14:54:22
Seattle-Whse,SKU-030,0.7123561780890445,0.40100250626566414,2026-07-27 14:54:22
Sydney-Whse,SKU-487,0.7693846923461731,0.05764411027568922,2026-07-20 14:54:22
Rotterdam-Whse,SKU-237,0.11955977988994497,0.7769423558897243,2026-08-11 14:54:22
Seattle-Whse,SKU-060,0.887943971985993,0.8045112781954887,2026-07-25 14:54:22
Rotterdam-Whse,SKU-053,0.5437718859429714,0.3007518796992481,2026-07-20 14:54:22
Osaka-Whse,SKU-005,0.9304652326163082,0.9799498746867168,2026-08-03 14:54:22
Sydney-Whse,SKU-018,0.2896448224112056,0.2832080200501253,2026-07-21 14:54:22
London-Whse,SKU-399,0.8994497248624312,0.24310776942355888,2026-08-03 14:54:22
Sydney-Whse,SKU-129,0.4777388694347174,0.39598997493734334,2026-07-16 14:54:22
Rotterdam-Whse,SKU-276,0.5532766383191596,0.7994987468671679,2026-07-21 14:54:22
Sydney-Whse,SKU-493,0.6908454227113556,0.3433583959899749,2026-07-14 14:54:22
Rotterdam-Whse,SKU-471,0.6548274137068534,0.38095238095238093,2026-07-27 14:54:22
Osaka-Whse,SKU-313,0.2991495747873937,0.3057644110275689,2026-08-11 14:54:22
Rotterdam-Whse,SKU-293,0.15657828914457228,0.06766917293233082,2026-07-16 14:54:22
Sydney-Whse,SKU-006,0.23611805902951477,0.7944862155388471,2026-08-11 14:54:22
Seattle-Whse,SKU-089,0.678839419709855,0.09774436090225563,2026-08-03 14:54:22
Osaka-Whse,SKU-486,0.19609804902451225,0.042606516290726815,2026-07-28 14:54:22
London-Whse,SKU-290,0.9269634817408704,0.7343358395989975,2026-07-26 14:54:22
London-Whse,SKU-495,0.47573786893446723,0.7719298245614035,2026-08-10 14:54:22
Sydney-Whse,SKU-076,0.1485742871435718,0.7819548872180451,2026-07-17 14:54:22
Seattle-Whse,SKU-347,0.5047523761880941,0.2781954887218045,2026-08-02 14:54:22
Sydney-Whse,SKU-021,0.6058029014507254,0.3007518796992481,2026-07-21 14:54:22
Sydney-Whse,SKU-304,0.46773386693346675,0.5087719298245614,2026-07-26 14:54:22
Seattle-Whse,SKU-185,0.9854927463731866,0.9223057644110275,2026-07-19 14:54:22
London-Whse,SKU-201,0.2876438219109555,0.87468671679198,2026-08-06 14:54:22
Seattle-Whse,SKU-412,0.4527263631815908,0.38847117794486213,2026-07-14 14:54:22
London-Whse,SKU-139,0.2661330665332666,0.38345864661654133,2026-07-25 14:54:22
London-Whse,SKU-492,0.5322661330665333,0.03508771929824561,2026-07-20 14:54:22
Seattle-Whse,SKU-134,0.3551775887943972,0.5939849624060151,2026-07-15 14:54:22
London-Whse,SKU-137,0.12706353176588295,0.2857142857142857,2026-07-13 14:54:22
London-Whse,SKU-446,0.21310655327663833,0.6591478696741855,2026-08-09 14:54:22
Rotterdam-Whse,SKU-099,0.060030015007503754,0.22305764411027568,2026-07-13 14:54:22
Rotterdam-Whse,SKU-230,0.32516258129064535,0.6340852130325815,2026-07-23 14:54:22
Osaka-Whse,SKU-396,0.727863931965983,0.38847117794486213,2026-08-09 14:54:22
Sydney-Whse,SKU-191,0.599799899949975,0.010025062656641603,2026-07-30 14:54:22
London-Whse,SKU-059,0.416208104052026,0.7694235588972431,2026-08-01 14:54:22
Osaka-Whse,SKU-339,0.8144072036018009,0.7969924812030075,2026-07-28 14:54:22
Osaka-Whse,SKU-368,0.4032016008004002,0.8395989974937343,2026-07-26 14:54:22
London-Whse,SKU-487,0.40520260130065033,0.7619047619047619,2026-08-07 14:54:22
Seattle-Whse,SKU-323,0.31165582791395696,0.05764411027568922,2026-07-14 14:54:22
London-Whse,SKU-044,0.6723361680840421,0.9398496240601504,2026-07-28 14:54:22
London-Whse,SKU-031,0.4577288644322161,0.6641604010025063,2026-08-01 14:54:22
Osaka-Whse,SKU-482,0.5897948974487244,0.41353383458646614,2026-07-27 14:54:22
Rotterdam-Whse,SKU-332,0.7928964482241121,0.015037593984962405,2026-08-08 14:54:22
Seattle-Whse,SKU-241,0.4177088544272136,0.45112781954887216,2026-08-07 14:54:22
Seattle-Whse,SKU-083,0.7948974487243622,0.22305764411027568,2026-07-20 14:54:22
Rotterdam-Whse,SKU-031,0.096048024012006,0.24812030075187969,2026-07-14 14:54:22
Seattle-Whse,SKU-443,0.5732866433216608,0.9348370927318296,2026-07-28 14:54:22
Seattle-Whse,SKU-146,0.5132566283141571,0.042606516290726815,2026-07-17 14:54:22
London-Whse,SKU-081,0.07603801900950476,0.7694235588972431,2026-08-04 14:54:22
Rotterdam-Whse,SKU-067,0.04402201100550275,0.3358395989974937,2026-07-28 14:54:22
Osaka-Whse,SKU-428,0.46973486743371684,0.44611528822055135,2026-07-24 14:54:22
Sydney-Whse,SKU-021,0.18859429714857429,0.41102756892230574,2026-07-15 14:54:22
Sydney-Whse,SKU-288,0.8604302151075538,0.7744360902255639,2026-07-16 14:54:22
Rotterdam-Whse,SKU-087,0.6128064032016008,0.09774436090225563,2026-08-03 14:54:22
Osaka-Whse,SKU-330,0.7318659329664833,0.9974937343358395,2026-07-30 14:54:22
Rotterdam-Whse,SKU-354,0.16358179089544772,0.06516290726817042,2026-07-18 14:54:22
Rotterdam-Whse,SKU-277,0.18809404702351176,0.7368421052631579,2026-07-13 14:54:22
Osaka-Whse,SKU-085,0.26013006503251623,0.12280701754385964,2026-08-11 14:54:22
London-Whse,SKU-004,0.2481240620310155,0.22305764411027568,2026-07-20 14:54:22
Osaka-Whse,SKU-155,0.7753876938469234,0.9122807017543859,2026-08-03 14:54:22
Sydney-Whse,SKU-063,0.9904952476238119,0.9097744360902256,2026-07-31 14:54:22
Seattle-Whse,SKU-160,0.5322661330665333,0.7042606516290727,2026-07-27 14:54:22
Seattle-Whse,SKU-144,0.71935967983992,0.7192982456140351,2026-08-02 14:54:22
Seattle-Whse,SKU-082,0.18209104552276137,0.5639097744360902,2026-07-14 14:54:22
Sydney-Whse,SKU-429,0.07553776888444222,0.6466165413533834,2026-07-13 14:54:22
Rotterdam-Whse,SKU-439,0.11105552776388194,0.6641604010025063,2026-08-06 14:54:22
Seattle-Whse,SKU-466,0.5797898949474737,0.3057644110275689,2026-08-06 14:54:22
London-Whse,SKU-070,0.026513256628314157,0.8295739348370927,2026-08-02 14:54:22
Rotterdam-Whse,SKU-040,0.8664332166083042,0.06516290726817042,2026-08-02 14:54:22
Rotterdam-Whse,SKU-180,0.2786393196598299,0.3533834586466165,2026-07-14 14:54:22
Osaka-Whse,SKU-126,0.028514257128564282,0.44110275689223055,2026-07-28 14:54:22
Sydney-Whse,SKU-154,0.5252626313156579,0.8070175438596491,2026-08-09 14:54:22
Osaka-Whse,SKU-188,0.9904952476238119,0.924812030075188,2026-08-06 14:54:22
Osaka-Whse,SKU-131,0.976488244122061,0.7443609022556391,2026-07-30 14:54:22
Sydney-Whse,SKU-265,0.7838919459729865,0.37343358395989973,2026-07-21 14:54:22
Osaka-Whse,SKU-057,0.49674837418709356,0.9849624060150376,2026-07-18 14:54:22
London-Whse,SKU-371,0.44922461230615307,0.8471177944862155,2026-08-11 14:54:22
Osaka-Whse,SKU-431,0.09104552276138068,0.38345864661654133,2026-07-30 14:54:22
Osaka-Whse,SKU-278,0.6818409204602301,0.9072681704260651,2026-07-20 14:54:22
London-Whse,SKU-339,0.9794897448724362,0.10025062656641603,2026-08-08 14:54:22
Osaka-Whse,SKU-099,0.17008504252126064,0.5588972431077694,2026-07-15 14:54:22
Seattle-Whse,SKU-326,0.13006503251625812,0.6165413533834586,2026-07-28 14:54:22
Seattle-Whse,SKU-299,0.8579289644822411,0.19047619047619047,2026-08-06 14:54:22
Sydney-Whse,SKU-002,0.0080040020010005,0.8596491228070176,2026-07-31 14:54:22
London-Whse,SKU-182,0.4227113556778389,0.015037593984962405,2026-07-21 14:54:22
Osaka-Whse,SKU-416,0.5902951475737869,0.43358395989974935,2026-08-05 14:54:22
Seattle-Whse,SKU-334,0.3461730865432716,0.7017543859649122,2026-07-22 14:54:22
Sydney-Whse,SKU-157,0.6373186593296648,0.5513784461152882,2026-07-25 14:54:22
Rotterdam-Whse,SKU-337,0.5787893946973487,0.8295739348370927,2026-08-06 14:54:22
Rotterdam-Whse,SKU-495,0.27313656828414207,0.45614035087719296,2026-07-28 14:54:22
Seattle-Whse,SKU-093,0.19309654827413708,0.49122807017543857,2026-07-16 14:54:22
London-Whse,SKU-476,0.7563781890945472,0.8796992481203008,2026-07-25 14:54:22
Osaka-Whse,SKU-488,0.9589794897448725,0.8320802005012531,2026-08-10 14:54:22
London-Whse,SKU-409,0.6498249124562281,0.49624060150375937,2026-08-01 14:54:22
Sydney-Whse,SKU-413,0.5207603801900951,0.17794486215538846,2026-07-16 14:54:22
Osaka-Whse,SKU-170,0.41670835417708857,0.8872180451127819,2026-07-17 14:54:22
Sydney-Whse,SKU-080,0.5647823911955978,0.02506265664160401,2026-07-24 14:54:22
London-Whse,SKU-130,0.5972986493246624,0.08020050125313283,2026-07-19 14:54:22
Sydney-Whse,SKU-405,0.534767383691846,0.6842105263157895,2026-08-05 14:54:22
Sydney-Whse,SKU-264,0.8104052026013007,0.9172932330827067,2026-07-18 14:54:22
Sydney-Whse,SKU-269,0.42521260630315155,0.5513784461152882,2026-08-10 14:54:22
Sydney-Whse,SKU-346,0.9744872436218109,0.17042606516290726,2026-08-06 14:54:22
Osaka-Whse,SKU-325,0.3751875937968984,0.44611528822055135,2026-08-09 14:54:22
Rotterdam-Whse,SKU-399,0.8814407203601801,0.17794486215538846,2026-07-28 14:54:22
Seattle-Whse,SKU-166,0.10655327663831916,0.040100250626566414,2026-07-27 14:54:22
Sydney-Whse,SKU-129,0.0010005002501250625,0.9573934837092731,2026-07-19 14:54:22
London-Whse,SKU-437,0.7008504252126063,0.6466165413533834,2026-07-28 14:54:22
Rotterdam-Whse,SKU-091,0.04252126063031516,0.012531328320802004,2026-08-06 14:54:22
Seattle-Whse,SKU-430,0.43121560780390195,0.7919799498746867,2026-08-01 14:54:22
Osaka-Whse,SKU-404,0.6633316658329165,0.45363408521303256,2026-08-03 14:54:22
Rotterdam-Whse,SKU-194,0.271135567783892,0.2531328320802005,2026-07-17 14:54:22
Rotterdam-Whse,SKU-442,0.12456228114057029,0.45614035087719296,2026-07-29 14:54:22
Sydney-Whse,SKU-089,0.9144572286143071,0.7117794486215538,2026-08-01 14:54:22
Osaka-Whse,SKU-248,0.32566283141570784,0.9724310776942355,2026-07-14 14:54:22
Rotterdam-Whse,SKU-056,0.8809404702351176,0.8345864661654135,2026-08-05 14:54:22
Sydney-Whse,SKU-036,0.6768384192096047,0.07017543859649122,2026-07-27 14:54:22
Sydney-Whse,SKU-358,0.08404202101050526,0.08020050125313283,2026-07-14 14:54:22
Rotterdam-Whse,SKU-209,0.9664832416208105,0.974937343358396,2026-08-10 14:54:22
London-Whse,SKU-009,0.4592296148074037,0.49624060150375937,2026-07-22 14:54:22
Seattle-Whse,SKU-302,0.2866433216608304,0.002506265664160401,2026-08-04 14:54:22
Rotterdam-Whse,SKU-357,0.7448724362181091,0.42857142857142855,2026-07-22 14:54:22
London-Whse,SKU-384,0.5532766383191596,0.010025062656641603,2026-07-14 14:54:22
Osaka-Whse,SKU-465,0.9184592296148074,0.18546365914786966,2026-08-07 14:54:22
Sydney-Whse,SKU-093,0.8274137068534267,0.7192982456140351,2026-07-30 14:54:22
Rotterdam-Whse,SKU-136,0.1645822911455728,0.5413533834586466,2026-07-16 14:54:22
Rotterdam-Whse,SKU-156,0.5312656328164082,0.7042606516290727,2026-08-04 14:54:22
Osaka-Whse,SKU-032,0.534767383691846,0.38847117794486213,2026-07-23 14:54:22
Rotterdam-Whse,SKU-450,0.13856928464232116,0.6040100250626567,2026-07-21 14:54:22
Osaka-Whse,SKU-259,0.534767383691846,0.5914786967418546,2026-08-04 14:54:22
London-Whse,SKU-271,0.7898949474737369,0.5939849624060151,2026-07-23 14:54:22
London-Whse,SKU-157,0.10005002501250625,0.5839598997493735,2026-08-04 14:54:22
London-Whse,SKU-418,0.5887943971985993,0.9197994987468672,2026-07-22 14:54:22
Osaka-Whse,SKU-191,0.40970485242621313,0.13283208020050125,2026-07-19 14:54:22
Osaka-Whse,SKU-349,0.6268134067033517,0.5739348370927319,2026-07-21 14:54:22
London-Whse,SKU-141,0.6558279139569785,0.8471177944862155,2026-07-26 14:54:22
Osaka-Whse,SKU-082,0.2206103051525763,0.41604010025062654,2026-07-16 14:54:22
Seattle-Whse,SKU-213,0.8534267133566783,0.6741854636591479,2026-07-16 14:54:22
Rotterdam-Whse,SKU-146,0.6033016508254128,0.19298245614035087,2026-07-23 14:54:22
Sydney-Whse,SKU-328,0.9844922461230615,0.9799498746867168,2026-08-07 14:54:22
London-Whse,SKU-322,0.4242121060530265,0.19047619047619047,2026-07-21 14:54:22
Seattle-Whse,SKU-489,0.29214607303651824,0.06516290726817042,2026-07-23 14:54:22
London-Whse,SKU-426,0.8109054527263632,0.8922305764411027,2026-07-25 14:54:22
Sydney-Whse,SKU-193,0.3706853426713357,0.45112781954887216,2026-07-22 14:54:22
Seattle-Whse,SKU-423,0.4527263631815908,0.39097744360902253,2026-08-04 14:54:22
Osaka-Whse,SKU-082,0.8459229614807404,0.43609022556390975,2026-07-19 14:54:22
Seattle-Whse,SKU-345,0.3996998499249625,0.7744360902255639,2026-07-19 14:54:22
Osaka-Whse,SKU-024,0.08104052026013006,0.7142857142857143,2026-08-11 14:54:22
Seattle-Whse,SKU-046,0.36518259129564784,0.7218045112781954,2026-08-08 14:54:22
Sydney-Whse,SKU-448,0.9109554777388694,0.5889724310776943,2026-07-28 14:54:22
Sydney-Whse,SKU-446,0.04552276138069034,0.23809523809523808,2026-08-08 14:54:22
Osaka-Whse,SKU-235,0.05052526263131566,0.6290726817042607,2026-08-02 14:54:22
London-Whse,SKU-323,0.8394197098549274,0.5989974937343359,2026-08-02 14:54:22
Sydney-Whse,SKU-023,0.26113056528264134,0.03759398496240601,2026-07-26 14:54:22
Osaka-Whse,SKU-401,0.05902951475737869,0.10275689223057644,2026-07-22 14:54:22
Osaka-Whse,SKU-430,0.7458729364682342,0.12030075187969924,2026-08-03 14:54:22
Osaka-Whse,SKU-068,0.9219609804902451,0.5238095238095238,2026-08-01 14:54:22
Sydney-Whse,SKU-218,0.7398699349674838,0.6942355889724311,2026-07-23 14:54:22
Sydney-Whse,SKU-130,0.8344172086043021,0.24561403508771928,2026-07-31 14:54:22
Rotterdam-Whse,SKU-359,0.31315657828914456,0.007518796992481203,2026-07-20 14:54:22
Rotterdam-Whse,SKU-154,0.2526263131565783,0.7644110275689223,2026-07-17 14:54:22
Sydney-Whse,SKU-097,0.9819909954977488,0.7042606516290727,2026-07-14 14:54:22
Rotterdam-Whse,SKU-443,0.2991495747873937,0.06265664160401002,2026-07-15 14:54:22
Sydney-Whse,SKU-031,0.5747873936968484,0.49373433583959897,2026-07-30 14:54:22
Sydney-Whse,SKU-432,0.8839419709854928,0.11027568922305764,2026-07-30 14:54:22
London-Whse,SKU-189,0.025512756378189096,0.12781954887218044,2026-07-31 14:54:22
Rotterdam-Whse,SKU-465,0.6708354177088545,0.8070175438596491,2026-07-28 14:54:22
Seattle-Whse,SKU-230,0.6838419209604802,0.9273182957393483,2026-07-13 14:54:22
London-Whse,SKU-292,0.7303651825912957,0.6165413533834586,2026-07-31 14:54:22
Rotterdam-Whse,SKU-022,0.32066033016508255,0.015037593984962405,2026-07-27 14:54:22
London-Whse,SKU-240,0.950975487743872,0.16040100250626566,2026-07-21 14:54:22
Rotterdam-Whse,SKU-073,0.5472736368184092,0.49122807017543857,2026-07-14 14:54:22
Osaka-Whse,SKU-475,0.9329664832416208,0.06015037593984962,2026-07-25 14:54:22
Seattle-Whse,SKU-223,0.07953976988494248,0.7644110275689223,2026-07-30 14:54:22
Rotterdam-Whse,SKU-138,0.9709854927463731,0.10025062656641603,2026-07-28 14:54:22
Rotterdam-Whse,SKU-472,0.678839419709855,0.7719298245614035,2026-07-27 14:54:22
Sydney-Whse,SKU-028,0.5932966483241621,0.9649122807017544,2026-07-14 14:54:22
Osaka-Whse,SKU-055,0.39269634817408705,0.7619047619047619,2026-08-06 14:54:22
Osaka-Whse,SKU-263,0.7058529264632316,0.42606516290726815,2026-07-27 14:54:22
Rotterdam-Whse,SKU-049,0.28564282141070535,0.012531328320802004,2026-07-23 14:54:22
Rotterdam-Whse,SKU-372,0.8429214607303652,0.21052631578947367,2026-07-25 14:54:22
Osaka-Whse,SKU-499,0.07703851925962982,0.5739348370927319,2026-07-31 14:54:22
Seattle-Whse,SKU-411,0.6353176588294147,0.13784461152882205,2026-07-20 14:54:22
Rotterdam-Whse,SKU-467,0.5387693846923461,0.556390977443609,2026-07-13 14:54:22
London-Whse,SKU-053,0.23311655827913957,0.6115288220551378,2026-08-06 14:54:22
London-Whse,SKU-342,0.45222611305652827,0.8771929824561403,2026-08-02 14:54:22
Osaka-Whse,SKU-414,0.8369184592296148,0.7293233082706767,2026-07-25 14:54:22
London-Whse,SKU-185,0.9174587293646823,0.5989974937343359,2026-07-24 14:54:22
Rotterdam-Whse,SKU-151,0.7058529264632316,0.9899749373433584,2026-07-15 14:54:22
Seattle-Whse,SKU-408,0.4542271135567784,0.3082706766917293,2026-08-08 14:54:22
Rotterdam-Whse,SKU-358,0.8834417208604303,0.8646616541353384,2026-08-10 14:54:22
Seattle-Whse,SKU-266,0.8304152076038019,0.9273182957393483,2026-08-11 14:54:22
Osaka-Whse,SKU-328,0.6768384192096047,0.13283208020050125,2026-08-01 14:54:22
Seattle-Whse,SKU-443,0.3001500750375188,0.23558897243107768,2026-08-05 14:54:22
Osaka-Whse,SKU-443,0.7373686843421711,0.7919799498746867,2026-08-05 14:54:22
Rotterdam-Whse,SKU-136,0.44772386193096547,0.16040100250626566,2026-08-07 14:54:22
Rotterdam-Whse,SKU-219,0.4382191095547774,0.10526315789473684,2026-07-15 14:54:22
Osaka-Whse,SKU-267,0.08054027013506754,0.581453634085213,2026-08-10 14:54:22
Sydney-Whse,SKU-371,0.2046023011505753,0.3182957393483709,2026-07-31 14:54:22
Seattle-Whse,SKU-233,0.4272136068034017,0.2631578947368421,2026-08-07 14:54:22
Seattle-Whse,SKU-119,0.02451225612806403,0.022556390977443608,2026-07-26 14:54:22
Osaka-Whse,SKU-266,0.806903451725863,0.08771929824561403,2026-08-02 14:54:22
Osaka-Whse,SKU-293,0.5962981490745373,0.5739348370927319,2026-07-27 14:54:22
Sydney-Whse,SKU-331,0.5702851425712856,0.5964912280701754,2026-07-24 14:54:22
Rotterdam-Whse,SKU-048,0.7358679339669835,0.6115288220551378,2026-07-23 14:54:22
Sydney-Whse,SKU-425,0.25812906453226614,0.24812030075187969,2026-07-30 14:54:22
London-Whse,SKU-017,0.04452226113056528,0.2681704260651629,2026-07-13 14:54:22
London-Whse,SKU-249,0.8934467233616809,0.047619047619047616,2026-08-05 14:54:22
Seattle-Whse,SKU-222,0.83991995997999,0.015037593984962405,2026-07-13 14:54:22
Osaka-Whse,SKU-268,0.7253626813406704,0.7393483709273183,2026-08-11 14:54:22
Osaka-Whse,SKU-387,0.13156578289144572,0.22305764411027568,2026-08-04 14:54:22
Rotterdam-Whse,SKU-445,0.42621310655327665,0.6516290726817042,2026-08-04 14:54:22
Osaka-Whse,SKU-341,0.6763381690845423,0.8922305764411027,2026-07-24 14:54:22
Rotterdam-Whse,SKU-322,0.21710855427713857,0.2957393483709273,2026-07-28 14:54:22
London-Whse,SKU-027,0.6598299149574788,0.0,2026-07-29 14:54:22
Rotterdam-Whse,SKU-167,0.26463231615807903,0.22556390977443608,2026-07-28 14:54:22
Osaka-Whse,SKU-484,0.7783891945972986,0.38847117794486213,2026-08-11 14:54:22
London-Whse,SKU-244,0.4442221110555278,0.43107769423558895,2026-07-14 14:54:22
Rotterdam-Whse,SKU-122,0.7603801900950475,0.45864661654135336,2026-07-23 14:54:22
London-Whse,SKU-293,0.9369684842421211,0.39598997493734334,2026-07-26 14:54:22
Sydney-Whse,SKU-295,0.7088544272136068,0.9824561403508771,2026-07-15 14:54:22
London-Whse,SKU-141,0.26463231615807903,0.3483709273182957,2026-08-04 14:54:22
Osaka-Whse,SKU-261,0.6433216608304152,0.3558897243107769,2026-08-09 14:54:22
Osaka-Whse,SKU-294,0.7808904452226113,0.14536340852130325,2026-07-23 14:54:22
Seattle-Whse,SKU-149,0.4562281140570285,0.2656641604010025,2026-07-13 14:54:22
Rotterdam-Whse,SKU-258,0.9919959979989995,0.7017543859649122,2026-08-03 14:54:22
Rotterdam-Whse,SKU-166,0.5242621310655328,0.007518796992481203,2026-08-09 14:54:22
Osaka-Whse,SKU-362,0.4527263631815908,0.9223057644110275,2026-07-16 14:54:22
Osaka-Whse,SKU-219,0.448224112056028,0.10776942355889724,2026-07-23 14:54:22
London-Whse,SKU-153,0.10055027513756878,0.8020050125313283,2026-07-27 14:54:22
Rotterdam-Whse,SKU-068,0.6253126563281641,0.3007518796992481,2026-07-30 14:54:22
Sydney-Whse,SKU-015,0.5402701350675337,0.8245614035087719,2026-08-06 14:54:22
Rotterdam-Whse,SKU-121,0.6238119059529765,0.5614035087719298,2026-07-14 14:54:22
London-Whse,SKU-228,0.2706353176588294,0.022556390977443608,2026-07-21 14:54:22
Osaka-Whse,SKU-207,0.38319159579789897,0.39097744360902253,2026-08-11 14:54:22
Osaka-Whse,SKU-405,0.7113556778389195,0.48621553884711777,2026-08-11 14:54:22
Rotterdam-Whse,SKU-388,0.8059029514757379,0.22055137844611528,2026-08-10 14:54:22
Seattle-Whse,SKU-186,0.9309654827413707,0.6691729323308271,2026-07-28 14:54:22
Seattle-Whse,SKU-129,0.0065032516258129065,0.2957393483709273,2026-08-10 14:54:22
London-Whse,SKU-244,0.03251625812906453,0.6140350877192983,2026-07-17 14:54:22
Osaka-Whse,SKU-060,0.6278139069534767,0.8822055137844611,2026-07-27 14:54:22
London-Whse,SKU-414,0.23461730865432717,0.20551378446115287,2026-08-02 14:54:22
Osaka-Whse,SKU-426,0.7003501750875438,0.606516290726817,2026-08-09 14:54:22
London-Whse,SKU-323,0.6018009004502252,0.6541353383458647,2026-07-26 14:54:22
Osaka-Whse,SKU-266,0.27463731865932967,0.949874686716792,2026-07-30 14:54:22
London-Whse,SKU-302,0.5362681340670336,0.6340852130325815,2026-07-16 14:54:22
London-Whse,SKU-249,0.5477738869434717,0.49122807017543857,2026-07-14 14:54:22
London-Whse,SKU-358,0.14907453726863432,0.5538847117794486,2026-07-15 14:54:22
Sydney-Whse,SKU-157,0.17058529264632316,0.9548872180451128,2026-08-02 14:54:22
Rotterdam-Whse,SKU-035,0.8954477238619309,0.05513784461152882,2026-08-04 14:54:22
Sydney-Whse,SKU-165,0.5257628814407204,0.9298245614035088,2026-07-17 14:54:22
Sydney-Whse,SKU-284,0.6608304152076038,0.21052631578947367,2026-08-03 14:54:22
Sydney-Whse,SKU-124,0.2221110555277639,0.5162907268170426,2026-08-11 14:54:22
Sydney-Whse,SKU-047,0.2096048024012006,0.9273182957393483,2026-07-15 14:54:22
Osaka-Whse,SKU-279,0.49374687343671836,0.010025062656641603,2026-07-25 14:54:22
Sydney-Whse,SKU-426,0.6633316658329165,0.5363408521303258,2026-07-15 14:54:22
Seattle-Whse,SKU-269,0.24862431215607803,0.06015037593984962,2026-08-05 14:54:22
Osaka-Whse,SKU-080,0.2206103051525763,0.8045112781954887,2026-08-08 14:54:22
Osaka-Whse,SKU-113,0.6588294147073537,0.5037593984962406,2026-07-29 14:54:22
Rotterdam-Whse,SKU-399,0.8104052026013007,0.3483709273182957,2026-07-24 14:54:22
Rotterdam-Whse,SKU-097,0.34817408704352176,0.8546365914786967,2026-08-06 14:54:22
London-Whse,SKU-500,0.727863931965983,0.47117794486215536,2026-07-25 14:54:22
London-Whse,SKU-180,0.47873936968484243,0.9649122807017544,2026-07-14 14:54:22
Seattle-Whse,SKU-381,0.36068034017008505,0.8220551378446115,2026-07-18 14:54:22
Seattle-Whse,SKU-133,0.631815907953977,0.19298245614035087,2026-07-17 14:54:22
Sydney-Whse,SKU-125,0.5172586293146574,0.06516290726817042,2026-07-28 14:54:22
Osaka-Whse,SKU-315,0.615807903951976,0.2706766917293233,2026-08-04 14:54:22
Osaka-Whse,SKU-435,0.7983991995997999,0.3032581453634085,2026-07-28 14:54:22
Osaka-Whse,SKU-279,0.5297648824412207,0.09273182957393483,2026-08-04 14:54:22
Sydney-Whse,SKU-076,0.36068034017008505,0.5263157894736842,2026-08-08 14:54:22
Seattle-Whse,SKU-453,0.3826913456728364,0.38847117794486213,2026-07-17 14:54:22
Rotterdam-Whse,SKU-149,0.4147073536768384,0.6967418546365914,2026-07-22 14:54:22
Rotterdam-Whse,SKU-490,0.1875937968984492,0.5764411027568922,2026-07-27 14:54:22
Seattle-Whse,SKU-475,0.80040020010005,0.2681704260651629,2026-07-27 14:54:22
Sydney-Whse,SKU-174,0.7998999499749875,0.5238095238095238,2026-08-03 14:54:22
Osaka-Whse,SKU-172,0.5562781390695347,0.9047619047619048,2026-08-10 14:54:22
London-Whse,SKU-179,0.026513256628314157,0.48872180451127817,2026-07-18 14:54:22
Seattle-Whse,SKU-333,0.1485742871435718,0.06015037593984962,2026-08-09 14:54:22
Rotterdam-Whse,SKU-500,0.31165582791395696,0.8220551378446115,2026-07-29 14:54:22
Seattle-Whse,SKU-408,0.13906953476738368,0.41102756892230574,2026-07-30 14:54:22
Seattle-Whse,SKU-228,0.06303151575787894,0.6741854636591479,2026-07-23 14:54:22
London-Whse,SKU-487,0.2736368184092046,0.38596491228070173,2026-07-26 14:54:22
Osaka-Whse,SKU-425,0.3856928464232116,0.9674185463659147,2026-07-24 14:54:22
Seattle-Whse,SKU-424,0.028514257128564282,0.656641604010025,2026-08-08 14:54:22
Rotterdam-Whse,SKU-332,0.8419209604802401,0.2531328320802005,2026-07-31 14:54:22
Sydney-Whse,SKU-478,0.8019009504752376,0.16290726817042606,2026-07-28 14:54:22
Osaka-Whse,SKU-437,0.39469734867433715,0.16791979949874686,2026-08-01 14:54:22
Rotterdam-Whse,SKU-233,0.3371685842921461,0.24310776942355888,2026-08-03 14:54:22
Seattle-Whse,SKU-490,0.21310655327663833,0.5664160401002506,2026-07-26 14:54:22
Rotterdam-Whse,SKU-017,0.28114057028514255,0.568922305764411,2026-08-10 14:54:22
Sydney-Whse,SKU-271,0.9739869934967483,0.9674185463659147,2026-07-14 14:54:22
London-Whse,SKU-310,0.6688344172086043,0.7518796992481203,2026-07-21 14:54:22
Sydney-Whse,SKU-050,0.9069534767383692,0.12781954887218044,2026-07-22 14:54:22
Osaka-Whse,SKU-031,0.05052526263131566,0.5739348370927319,2026-08-08 14:54:22
Rotterdam-Whse,SKU-097,0.8014007003501751,0.47869674185463656,2026-07-24 14:54:22
Seattle-Whse,SKU-430,0.16908454227113556,0.45864661654135336,2026-07-19 14:54:22
Rotterdam-Whse,SKU-250,0.6528264132066033,0.14786967418546365,2026-07-30 14:54:22
London-Whse,SKU-072,0.10755377688844422,0.22305764411027568,2026-07-27 14:54:22
Osaka-Whse,SKU-233,0.3721860930465233,0.15538847117794485,2026-07-19 14:54:22
Osaka-Whse,SKU-387,0.0670335167583792,0.924812030075188,2026-07-13 14:54:22
Osaka-Whse,SKU-161,0.06953476738369184,0.7593984962406015,2026-07-31 14:54:22
Sydney-Whse,SKU-202,0.062031015507753876,0.9323308270676691,2026-07-16 14:54:22
Osaka-Whse,SKU-442,0.6738369184592297,0.40852130325814534,2026-07-13 14:54:22
Sydney-Whse,SKU-471,0.07403701850925462,0.17794486215538846,2026-08-05 14:54:22
Seattle-Whse,SKU-184,0.2621310655327664,0.949874686716792,2026-08-04 14:54:22
Sydney-Whse,SKU-133,0.5087543771885943,0.12280701754385964,2026-07-13 14:54:22
Osaka-Whse,SKU-499,0.3246623311655828,0.02506265664160401,2026-08-04 14:54:22
Rotterdam-Whse,SKU-112,0.8149074537268635,0.6491228070175439,2026-08-10 14:54:22
Sydney-Whse,SKU-167,0.8724362181090545,0.11027568922305764,2026-08-02 14:54:22
Sydney-Whse,SKU-426,0.1790895447723862,0.10275689223057644,2026-07-14 14:54:22
Rotterdam-Whse,SKU-100,0.7338669334667334,0.9699248120300752,2026-08-08 14:54:22
Seattle-Whse,SKU-006,0.7888944472236118,0.9598997493734336,2026-07-18 14:54:22
London-Whse,SKU-356,0.4592296148074037,0.631578947368421,2026-07-31 14:54:22
Osaka-Whse,SKU-351,0.13356678339169584,0.949874686716792,2026-07-18 14:54:22
Osaka-Whse,SKU-179,0.27013506753376687,0.6867167919799498,2026-07-21 14:54:22
Seattle-Whse,SKU-484,0.9184592296148074,0.13283208020050125,2026-07-29 14:54:22
Osaka-Whse,SKU-200,0.006003001500750375,0.5538847117794486,2026-08-11 14:54:22
London-Whse,SKU-369,0.4192096048024012,0.5989974937343359,2026-07-29 14:54:22
Osaka-Whse,SKU-099,0.36568284142071034,0.8295739348370927,2026-08-04 14:54:22
Seattle-Whse,SKU-408,0.032016008004002,0.3609022556390977,2026-08-06 14:54:22
London-Whse,SKU-289,0.9719859929964982,0.9172932330827067,2026-07-30 14:54:22
Sydney-Whse,SKU-237,0.12256128064032017,0.9699248120300752,2026-08-11 14:54:22
Osaka-Whse,SKU-249,0.4017008504252126,0.5112781954887218,2026-08-08 14:54:22
Seattle-Whse,SKU-159,0.1935967983991996,0.9448621553884712,2026-07-23 14:54:22
Rotterdam-Whse,SKU-164,0.32416208104052024,0.42606516290726815,2026-07-19 14:54:22
Sydney-Whse,SKU-297,0.05152576288144072,0.5538847117794486,2026-07-17 14:54:22
London-Whse,SKU-372,0.064032016008004,0.5488721804511278,2026-07-30 14:54:22
London-Whse,SKU-476,0.7383691845922962,0.23809523809523808,2026-07-21 14:54:22
London-Whse,SKU-094,0.7998999499749875,0.05012531328320802,2026-08-02 14:54:22
London-Whse,SKU-352,0.6523261630815408,0.7042606516290727,2026-08-08 14:54:22
Seattle-Whse,SKU-027,0.6343171585792896,0.15538847117794485,2026-07-21 14:54:22
Sydney-Whse,SKU-442,0.5307653826913457,0.7543859649122807,2026-08-05 14:54:22
Rotterdam-Whse,SKU-134,0.894447223611806,0.03007518796992481,2026-07-29 14:54:22
Osaka-Whse,SKU-368,0.400200100050025,0.5162907268170426,2026-07-13 14:54:22
London-Whse,SKU-105,0.6313156578289144,0.3157894736842105,2026-07-24 14:54:22
London-Whse,SKU-408,0.47273636818409204,0.2606516290726817,2026-08-11 14:54:22
London-Whse,SKU-074,0.3231615807903952,0.9448621553884712,2026-07-13 14:54:22
Seattle-Whse,SKU-079,0.9549774887443722,0.16040100250626566,2026-07-30 14:54:22
London-Whse,SKU-183,0.5447723861930965,0.8070175438596491,2026-08-08 14:54:22
Sydney-Whse,SKU-236,0.4442221110555278,0.24812030075187969,2026-07-21 14:54:22
London-Whse,SKU-103,0.7298649324662331,0.45363408521303256,2026-08-09 14:54:22
Sydney-Whse,SKU-108,0.26163081540770383,0.8571428571428571,2026-07-21 14:54:22
London-Whse,SKU-322,0.5507753876938469,0.13533834586466165,2026-07-27 14:54:22
London-Whse,SKU-180,0.18959479739869936,0.43358395989974935,2026-08-03 14:54:22
Sydney-Whse,SKU-450,0.6423211605802901,0.3107769423558897,2026-08-09 14:54:22
Osaka-Whse,SKU-392,0.5887943971985993,0.8245614035087719,2026-07-14 14:54:22
Osaka-Whse,SKU-494,0.9574787393696849,0.24812030075187969,2026-07-22 14:54:22
London-Whse,SKU-468,0.3196598299149575,0.03258145363408521,2026-07-27 14:54:22
Sydney-Whse,SKU-250,0.18359179589794897,0.06516290726817042,2026-07-14 14:54:22
London-Whse,SKU-029,0.2571285642821411,0.568922305764411,2026-08-03 14:54:22
Seattle-Whse,SKU-240,0.3951975987993997,0.8070175438596491,2026-07-19 14:54:22
Sydney-Whse,SKU-305,0.32716358179089544,0.45112781954887216,2026-07-13 14:54:22
London-Whse,SKU-253,0.01950975487743872,0.46616541353383456,2026-07-27 14:54:22
Rotterdam-Whse,SKU-220,0.4457228614307154,0.8095238095238095,2026-08-05 14:54:22
Rotterdam-Whse,SKU-144,0.6508254127063532,0.7969924812030075,2026-07-29 14:54:22
Sydney-Whse,SKU-041,0.20410205102551277,0.12280701754385964,2026-08-09 14:54:22
London-Whse,SKU-342,0.591295647823912,0.09022556390977443,2026-07-21 14:54:22
Rotterdam-Whse,SKU-376,0.9609804902451226,0.6390977443609023,2026-07-21 14:54:22
Seattle-Whse,SKU-181,0.5202601300650325,0.9197994987468672,2026-07-14 14:54:22
London-Whse,SKU-472,0.3741870935467734,0.7468671679197995,2026-08-04 14:54:22
Seattle-Whse,SKU-181,0.7063531765882941,0.3233082706766917,2026-07-18 14:54:22
Rotterdam-Whse,SKU-388,0.8814407203601801,0.40350877192982454,2026-08-09 14:54:22
London-Whse,SKU-457,0.5787893946973487,0.46365914786967416,2026-07-28 14:54:22
Sydney-Whse,SKU-317,0.5002501250625313,0.7794486215538847,2026-08-06 14:54:22
Rotterdam-Whse,SKU-375,0.1340670335167584,0.7042606516290727,2026-07-21 14:54:22
London-Whse,SKU-064,0.48724362181090547,0.9874686716791979,2026-07-13 14:54:22
London-Whse,SKU-070,0.11855927963981991,0.18546365914786966,2026-07-17 14:54:22
London-Whse,SKU-010,0.967983991995998,0.6691729323308271,2026-08-05 14:54:22
Rotterdam-Whse,SKU-088,0.536768384192096,0.3558897243107769,2026-07-16 14:54:22
Rotterdam-Whse,SKU-072,0.8899449724862432,0.5964912280701754,2026-07-13 14:54:22
London-Whse,SKU-050,0.8704352176088044,0.13283208020050125,2026-07-21 14:54:22
Seattle-Whse,SKU-224,0.07753876938469234,0.899749373433584,2026-07-24 14:54:22
Seattle-Whse,SKU-330,0.33616808404202103,0.3208020050125313,2026-07-22 14:54:22
Sydney-Whse,SKU-385,0.18609304652326164,0.13533834586466165,2026-07-22 14:54:22
Seattle-Whse,SKU-468,0.4702351175587794,0.8220551378446115,2026-07-27 14:54:22
London-Whse,SKU-424,0.3106553276638319,0.631578947368421,2026-07-26 14:54:22
Sydney-Whse,SKU-164,0.8194097048524263,0.2807017543859649,2026-07-15 14:54:22
Rotterdam-Whse,SKU-354,0.29964982491245623,0.24812030075187969,2026-07-19 14:54:22
Seattle-Whse,SKU-303,0.8699349674837419,0.37092731829573933,2026-08-03 14:54:22
Rotterdam-Whse,SKU-400,0.0335167583791896,0.38345864661654133,2026-07-20 14:54:22
Sydney-Whse,SKU-189,0.009504752376188095,0.8471177944862155,2026-07-16 14:54:22
Osaka-Whse,SKU-010,0.34967483741870936,0.8621553884711779,2026-07-24 14:54:22
Seattle-Whse,SKU-152,0.391695847923962,0.8421052631578947,2026-07-15 14:54:22
Osaka-Whse,SKU-177,0.4497248624312156,0.48370927318295737,2026-07-26 14:54:22
Seattle-Whse,SKU-415,0.28864432216108055,0.7744360902255639,2026-08-10 14:54:22
Sydney-Whse,SKU-271,0.7663831915957979,0.14786967418546365,2026-07-27 14:54:22
Rotterdam-Whse,SKU-093,0.6248124062031015,0.7142857142857143,2026-07-19 14:54:22
London-Whse,SKU-014,0.013506753376688344,0.3533834586466165,2026-07-19 14:54:22
London-Whse,SKU-290,0.29464732366183094,0.6165413533834586,2026-07-18 14:54:22
London-Whse,SKU-184,0.15807903951975988,0.9022556390977443,2026-07-14 14:54:22
London-Whse,SKU-240,0.9809904952476238,0.656641604010025,2026-07-28 14:54:22
Seattle-Whse,SKU-073,0.5457728864432216,0.7167919799498746,2026-07-20 14:54:22
London-Whse,SKU-460,0.02301150575287644,0.14285714285714285,2026-07-21 14:54:22
Osaka-Whse,SKU-319,0.7338669334667334,0.05764411027568922,2026-07-23 14:54:22
London-Whse,SKU-098,0.6313156578289144,0.706766917293233,2026-07-17 14:54:22
London-Whse,SKU-093,0.80040020010005,0.9373433583959899,2026-07-29 14:54:22
London-Whse,SKU-310,0.44372186093046523,0.5864661654135338,2026-08-05 14:54:22
Sydney-Whse,SKU-494,0.0030015007503751876,0.7744360902255639,2026-08-01 14:54:22
London-Whse,SKU-340,0.5882941470735368,0.10526315789473684,2026-07-22 14:54:22
Seattle-Whse,SKU-383,0.33316658329164583,0.5488721804511278,2026-07-18 14:54:22
London-Whse,SKU-226,0.9289644822411206,0.3007518796992481,2026-08-03 14:54:22
Rotterdam-Whse,SKU-335,0.6023011505752877,0.05012531328320802,2026-07-25 14:54:22
Osaka-Whse,SKU-026,0.9819909954977488,0.7117794486215538,2026-08-11 14:54:22
Osaka-Whse,SKU-430,0.7678839419709855,0.5463659147869674,2026-08-05 14:54:22
Seattle-Whse,SKU-399,0.9044522261130565,0.9824561403508771,2026-07-30 14:54:22
Osaka-Whse,SKU-315,0.7198599299649825,0.2756892230576441,2026-07-23 14:54:22
Rotterdam-Whse,SKU-339,0.43871935967983994,0.14536340852130325,2026-07-13 14:54:22
Rotterdam-Whse,SKU-464,0.9554777388694348,0.38345864661654133,2026-07-13 14:54:22
Osaka-Whse,SKU-418,0.3401700850425213,0.5338345864661654,2026-07-16 14:54:22
Sydney-Whse,SKU-189,0.36218109054527264,0.3157894736842105,2026-08-08 14:54:22
Osaka-Whse,SKU-018,0.03901950975487744,0.08270676691729323,2026-07-21 14:54:22
London-Whse,SKU-107,0.1520760380190095,0.49624060150375937,2026-08-04 14:54:22
Osaka-Whse,SKU-024,0.8494247123561781,0.45614035087719296,2026-07-26 14:54:22
Sydney-Whse,SKU-095,0.9894947473736868,0.20551378446115287,2026-07-14 14:54:22
Seattle-Whse,SKU-085,0.2861430715357679,0.518796992481203,2026-07-13 14:54:22
Sydney-Whse,SKU-489,0.7338669334667334,0.6541353383458647,2026-07-22 14:54:22
Osaka-Whse,SKU-370,0.32516258129064535,0.6992481203007519,2026-07-15 14:54:22
Rotterdam-Whse,SKU-239,0.5212606303151576,0.44360902255639095,2026-07-26 14:54:22
Rotterdam-Whse,SKU-131,0.3711855927963982,0.9598997493734336,2026-07-15 14:54:22
Osaka-Whse,SKU-249,0.5737868934467234,0.9223057644110275,2026-07-28 14:54:22
Seattle-Whse,SKU-355,0.04952476238119059,0.5463659147869674,2026-08-04 14:54:22
Sydney-Whse,SKU-097,0.9259629814907454,0.924812030075188,2026-08-01 14:54:22
Sydney-Whse,SKU-198,0.05552776388194097,0.37092731829573933,2026-07-14 14:54:22
Rotterdam-Whse,SKU-442,0.6033016508254128,0.7092731829573935,2026-07-26 14:54:22
Osaka-Whse,SKU-459,0.9189594797398699,0.7493734335839599,2026-07-18 14:54:22
London-Whse,SKU-248,0.7163581790895448,0.44110275689223055,2026-08-07 14:54:22
Rotterdam-Whse,SKU-376,0.8769384692346173,0.7969924812030075,2026-07-30 14:54:22
Sydney-Whse,SKU-396,0.5507753876938469,0.5012531328320802,2026-08-08 14:54:22
Rotterdam-Whse,SKU-193,0.4942471235617809,0.012531328320802004,2026-08-11 14:54:22
Seattle-Whse,SKU-347,0.2666333166583292,0.3609022556390977,2026-07-16 14:54:22
Sydney-Whse,SKU-451,0.5842921460730365,0.002506265664160401,2026-07-21 14:54:22
Seattle-Whse,SKU-442,0.7303651825912957,0.5338345864661654,2026-07-28 14:54:22
London-Whse,SKU-166,0.18609304652326164,0.3508771929824561,2026-07-14 14:54:22
Rotterdam-Whse,SKU-471,0.2876438219109555,0.8320802005012531,2026-07-23 14:54:22
Seattle-Whse,SKU-098,0.08254127063531766,0.3132832080200501,2026-07-14 14:54:22
Osaka-Whse,SKU-061,0.5277638819409705,0.9874686716791979,2026-07-25 14:54:22
Sydney-Whse,SKU-021,0.7738869434717359,0.6090225563909775,2026-08-05 14:54:22
London-Whse,SKU-007,0.9414707353676839,0.3233082706766917,2026-08-01 14:54:22
Seattle-Whse,SKU-277,0.6543271635817909,0.7192982456140351,2026-07-30 14:54:22
London-Whse,SKU-205,0.05102551275637819,0.2807017543859649,2026-07-16 14:54:22
Rotterdam-Whse,SKU-039,0.15307653826913456,0.9298245614035088,2026-08-04 14:54:22
Osaka-Whse,SKU-006,0.951975987993997,0.14285714285714285,2026-08-03 14:54:22
Osaka-Whse,SKU-249,0.5062531265632816,0.5162907268170426,2026-07-24 14:54:22
London-Whse,SKU-169,0.535767883941971,0.5588972431077694,2026-08-06 14:54:22
London-Whse,SKU-155,0.7913956978489245,0.9323308270676691,2026-07-20 14:54:22
Osaka-Whse,SKU-142,0.15807903951975988,0.3132832080200501,2026-07-31 14:54:22
Seattle-Whse,SKU-065,0.5597798899449725,0.45112781954887216,2026-07-27 14:54:22
Osaka-Whse,SKU-457,0.6008004002001001,0.3208020050125313,2026-08-02 14:54:22
Osaka-Whse,SKU-300,0.43621810905452724,0.87468671679198,2026-08-07 14:54:22
Rotterdam-Whse,SKU-452,0.7018509254627313,0.2706766917293233,2026-08-04 14:54:22
Seattle-Whse,SKU-241,0.29514757378689344,0.21804511278195488,2026-07-28 14:54:22
Osaka-Whse,SKU-262,0.28864432216108055,0.8120300751879699,2026-07-24 14:54:22
Seattle-Whse,SKU-098,0.7553776888444222,0.23809523809523808,2026-07-14 14:54:22
Sydney-Whse,SKU-472,0.022511255627813906,0.9448621553884712,2026-07-19 14:54:22
London-Whse,SKU-148,0.3216608304152076,0.46365914786967416,2026-07-30 14:54:22
Sydney-Whse,SKU-489,0.8314157078539269,0.9097744360902256,2026-08-02 14:54:22
Seattle-Whse,SKU-309,0.2991495747873937,0.3007518796992481,2026-07-31 14:54:22
Rotterdam-Whse,SKU-260,0.061530765382691345,0.6040100250626567,2026-07-24 14:54:22
Rotterdam-Whse,SKU-059,0.5662831415707854,0.10025062656641603,2026-07-14 14:54:22
Rotterdam-Whse,SKU-146,0.9109554777388694,0.9774436090225563,2026-07-23 14:54:22
London-Whse,SKU-165,0.9314657328664332,0.6290726817042607,2026-08-05 14:54:22
Sydney-Whse,SKU-255,0.6923461730865432,0.43107769423558895,2026-07-14 14:54:22
Rotterdam-Whse,SKU-177,0.5362681340670336,0.2756892230576441,2026-07-25 14:54:22
Rotterdam-Whse,SKU-153,0.42921460730365185,0.38596491228070173,2026-07-31 14:54:22
Seattle-Whse,SKU-044,0.8034017008504252,0.3107769423558897,2026-07-19 14:54:22
Sydney-Whse,SKU-316,0.9224612306153076,0.5488721804511278,2026-07-20 14:54:22
Osaka-Whse,SKU-144,0.3091545772886443,0.8847117794486216,2026-07-18 14:54:22
Osaka-Whse,SKU-306,0.4182091045522761,0.8345864661654135,2026-08-04 14:54:22
London-Whse,SKU-265,0.0025012506253126563,0.41854636591478694,2026-08-09 14:54:22
London-Whse,SKU-173,0.42471235617808906,0.2957393483709273,2026-08-01 14:54:22
Osaka-Whse,SKU-174,0.4792396198099049,0.3208020050125313,2026-07-16 14:54:22
Sydney-Whse,SKU-274,0.2986493246623312,0.5238095238095238,2026-07-26 14:54:22
Seattle-Whse,SKU-238,0.2656328164082041,0.45363408521303256,2026-07-27 14:54:22
London-Whse,SKU-054,0.30665332666333167,0.22055137844611528,2026-07-27 14:54:22
London-Whse,SKU-230,0.4072036018009004,0.6240601503759399,2026-08-11 14:54:22
Rotterdam-Whse,SKU-161,0.08354177088544272,0.2731829573934837,2026-08-07 14:54:22
Sydney-Whse,SKU-367,0.14807403701850924,0.9799498746867168,2026-07-24 14:54:22
Seattle-Whse,SKU-243,0.6388194097048524,0.20300751879699247,2026-07-25 14:54:22
Rotterdam-Whse,SKU-031,0.5137568784392196,0.48370927318295737,2026-07-19 14:54:22
Sydney-Whse,SKU-081,0.7948974487243622,0.949874686716792,2026-08-05 14:54:22
Sydney-Whse,SKU-336,0.384192096048024,0.5087719298245614,2026-07-24 14:54:22
Seattle-Whse,SKU-496,0.41420710355177587,0.3132832080200501,2026-08-05 14:54:22
Sydney-Whse,SKU-271,0.30965482741370687,0.6491228070175439,2026-08-06 14:54:22
London-Whse,SKU-227,0.8969484742371185,0.49122807017543857,2026-08-04 14:54:22
Rotterdam-Whse,SKU-373,0.11055527763881941,0.9197994987468672,2026-07-24 14:54:22
Seattle-Whse,SKU-242,0.10655327663831916,0.49874686716791977,2026-08-07 14:54:22
London-Whse,SKU-370,0.4822411205602801,0.7994987468671679,2026-07-18 14:54:22
Sydney-Whse,SKU-013,0.25012506253126565,0.06265664160401002,2026-07-21 14:54:22
Sydney-Whse,SKU-076,0.18259129564782392,0.22807017543859648,2026-08-03 14:54:22
Osaka-Whse,SKU-048,0.24912456228114058,0.42355889724310775,2026-07-17 14:54:22
Sydney-Whse,SKU-228,0.3491745872936468,0.41854636591478694,2026-08-01 14:54:22
London-Whse,SKU-245,0.04502251125562781,0.7769423558897243,2026-07-13 14:54:22
Sydney-Whse,SKU-242,0.25062531265632815,0.6215538847117794,2026-08-09 14:54:22
London-Whse,SKU-355,0.5842921460730365,0.8270676691729323,2026-08-06 14:54:22
Rotterdam-Whse,SKU-164,0.3281640820410205,0.8546365914786967,2026-08-11 14:54:22
London-Whse,SKU-120,0.8014007003501751,0.8872180451127819,2026-07-29 14:54:22
Seattle-Whse,SKU-307,0.6753376688344173,0.9398496240601504,2026-08-01 14:54:22
Rotterdam-Whse,SKU-293,0.7363681840920461,0.15538847117794485,2026-07-19 14:54:22
Osaka-Whse,SKU-018,0.4367183591795898,0.19047619047619047,2026-08-08 14:54:22
Seattle-Whse,SKU-396,0.09154577288644322,0.11779448621553884,2026-07-24 14:54:22
Osaka-Whse,SKU-364,0.9149574787393697,0.19799498746867167,2026-07-31 14:54:22
Seattle-Whse,SKU-440,0.7408704352176088,0.5714285714285714,2026-07-15 14:54:22
Sydney-Whse,SKU-220,0.6843421710855427,0.22055137844611528,2026-07-24 14:54:22
London-Whse,SKU-264,0.3696848424212106,0.9448621553884712,2026-08-05 14:54:22
Osaka-Whse,SKU-088,0.011005502751375688,0.731829573934837,2026-08-01 14:54:22
Seattle-Whse,SKU-476,0.47573786893446723,0.9649122807017544,2026-07-24 14:54:22
Sydney-Whse,SKU-313,0.5927963981990996,0.19298245614035087,2026-07-17 14:54:22
Seattle-Whse,SKU-112,0.6313156578289144,0.5238095238095238,2026-07-14 14:54:22
Osaka-Whse,SKU-380,0.8694347173586794,0.7167919799498746,2026-07-22 14:54:22
Seattle-Whse,SKU-461,0.9179589794897449,0.9573934837092731,2026-07-17 14:54:22
Osaka-Whse,SKU-438,0.9864932466233116,0.2832080200501253,2026-08-02 14:54:22
London-Whse,SKU-241,0.49074537268634316,0.7543859649122807,2026-07-21 14:54:22
Rotterdam-Whse,SKU-109,0.13956978489244623,0.38095238095238093,2026-08-09 14:54:22
Seattle-Whse,SKU-328,0.4182091045522761,0.5338345864661654,2026-07-15 14:54:22
London-Whse,SKU-204,0.272136068034017,0.7719298245614035,2026-07-17 14:54:22
Osaka-Whse,SKU-396,0.6833416708354177,0.543859649122807,2026-08-03 14:54:22
Sydney-Whse,SKU-087,0.015007503751875938,0.24812030075187969,2026-07-16 14:54:22
London-Whse,SKU-315,0.24712356178089045,0.2631578947368421,2026-07-20 14:54:22
Rotterdam-Whse,SKU-222,0.8284142071035517,0.39849624060150374,2026-07-28 14:54:22
Rotterdam-Whse,SKU-194,0.8769384692346173,0.47619047619047616,2026-07-15 14:54:22
Osaka-Whse,SKU-001,0.7413706853426714,0.3308270676691729,2026-07-17 14:54:22
Rotterdam-Whse,SKU-244,0.8344172086043021,0.2882205513784461,2026-08-03 14:54:22
London-Whse,SKU-211,0.03401700850425213,0.7493734335839599,2026-07-27 14:54:22
Seattle-Whse,SKU-239,0.2031015507753877,0.16791979949874686,2026-08-01 14:54:22
Osaka-Whse,SKU-297,0.29064532266133064,0.7167919799498746,2026-07-26 14:54:22
Seattle-Whse,SKU-219,0.9234617308654327,0.012531328320802004,2026-08-06 14:54:22
London-Whse,SKU-500,0.6933466733366683,0.8596491228070176,2026-07-19 14:54:22
Osaka-Whse,SKU-416,0.8744372186093047,0.11779448621553884,2026-07-14 14:54:22
Seattle-Whse,SKU-332,0.886943471735868,0.7969924812030075,2026-08-03 14:54:22
London-Whse,SKU-468,0.5167583791895948,0.3458646616541353,2026-08-05 14:54:22
Rotterdam-Whse,SKU-403,0.8904452226113057,0.17293233082706766,2026-08-04 14:54:22
Seattle-Whse,SKU-407,0.3076538269134567,0.5714285714285714,2026-07-15 14:54:22
Osaka-Whse,SKU-319,0.9609804902451226,0.08771929824561403,2026-07-21 14:54:22
Seattle-Whse,SKU-450,0.16708354177088544,0.047619047619047616,2026-08-02 14:54:22
Sydney-Whse,SKU-478,0.8959479739869936,0.6190476190476191,2026-07-19 14:54:22
Osaka-Whse,SKU-166,0.23461730865432717,0.8721804511278195,2026-07-29 14:54:22
Sydney-Whse,SKU-280,0.9089544772386193,0.9649122807017544,2026-07-29 14:54:22
Sydney-Whse,SKU-034,0.2226113056528264,0.24561403508771928,2026-07-28 14:54:22
Rotterdam-Whse,SKU-332,0.46673336668334164,0.5463659147869674,2026-07-24 14:54:22
Seattle-Whse,SKU-496,0.33016508254127064,0.5789473684210527,2026-07-19 14:54:22
Rotterdam-Whse,SKU-223,0.9159579789894947,0.3684210526315789,2026-07-28 14:54:22
Rotterdam-Whse,SKU-432,0.8814407203601801,0.899749373433584,2026-07-19 14:54:22
Seattle-Whse,SKU-182,0.27763881940970486,0.5238095238095238,2026-07-26 14:54:22
Osaka-Whse,SKU-084,0.06903451725862932,0.5764411027568922,2026-07-29 14:54:22
Osaka-Whse,SKU-463,0.005502751375687844,0.681704260651629,2026-08-04 14:54:22
Osaka-Whse,SKU-462,0.5242621310655328,0.06265664160401002,2026-07-28 14:54:22
Seattle-Whse,SKU-473,0.7978989494747374,0.14786967418546365,2026-07-16 14:54:22
Rotterdam-Whse,SKU-076,0.3936968484242121,0.518796992481203,2026-07-18 14:54:22
Rotterdam-Whse,SKU-180,0.8089044522261131,0.022556390977443608,2026-07-24 14:54:22
Osaka-Whse,SKU-286,0.128064032016008,0.7744360902255639,2026-08-08 14:54:22
Osaka-Whse,SKU-065,0.31765882941470736,0.7117794486215538,2026-07-18 14:54:22
Osaka-Whse,SKU-273,0.591295647823912,0.47117794486215536,2026-08-04 14:54:22
Sydney-Whse,SKU-001,0.03901950975487744,0.568922305764411,2026-08-05 14:54:22
London-Whse,SKU-475,0.689344672336168,0.3082706766917293,2026-07-16 14:54:22
London-Whse,SKU-466,0.7238619309654828,0.6290726817042607,2026-08-10 14:54:22
Sydney-Whse,SKU-486,0.23861930965482742,0.17543859649122806,2026-08-05 14:54:22
Sydney-Whse,SKU-097,0.6278139069534767,0.07268170426065163,2026-07-13 14:54:22
Sydney-Whse,SKU-280,0.2336168084042021,0.5263157894736842,2026-07-14 14:54:22
Seattle-Whse,SKU-397,0.062031015507753876,0.19799498746867167,2026-07-19 14:54:22
Rotterdam-Whse,SKU-396,0.9389694847423712,0.22055137844611528,2026-08-09 14:54:22
Seattle-Whse,SKU-009,0.49374687343671836,0.11278195488721804,2026-07-13 14:54:22
London-Whse,SKU-139,0.004502251125562781,0.005012531328320802,2026-07-24 14:54:22
Osaka-Whse,SKU-401,0.6223111555777889,0.3233082706766917,2026-07-22 14:54:22
Seattle-Whse,SKU-138,0.7378689344672336,0.10526315789473684,2026-07-17 14:54:22
Osaka-Whse,SKU-113,0.34967483741870936,0.3032581453634085,2026-07-19 14:54:22
London-Whse,SKU-085,0.8209104552276139,1.0,2026-08-08 14:54:22
Rotterdam-Whse,SKU-009,0.2586293146573287,0.2681704260651629,2026-08-11 14:54:22
Osaka-Whse,SKU-338,0.3741870935467734,0.06516290726817042,2026-07-20 14:54:22
Rotterdam-Whse,SKU-100,0.0010005002501250625,0.7343358395989975,2026-08-03 14:54:22
Osaka-Whse,SKU-329,0.7763881940970485,0.2631578947368421,2026-08-06 14:54:22
Seattle-Whse,SKU-427,0.0415207603801901,0.656641604010025,2026-08-08 14:54:22
Seattle-Whse,SKU-382,0.22861430715357678,0.37092731829573933,2026-07-29 14:54:22
Seattle-Whse,SKU-081,0.8624312156078039,0.5137844611528822,2026-07-23 14:54:22
Sydney-Whse,SKU-290,0.447223611805903,0.9022556390977443,2026-08-09 14:54:22
London-Whse,SKU-300,0.4467233616808404,0.6365914786967418,2026-07-28 14:54:22
London-Whse,SKU-008,0.824912456228114,0.010025062656641603,2026-08-10 14:54:22
London-Whse,SKU-342,0.5482741370685342,0.8696741854636592,2026-07-18 14:54:22
Seattle-Whse,SKU-372,0.44022011005502754,0.5839598997493735,2026-08-10 14:54:22
Osaka-Whse,SKU-031,0.9214607303651826,0.7418546365914787,2026-07-24 14:54:22
Rotterdam-Whse,SKU-095,0.6763381690845423,0.9674185463659147,2026-08-06 14:54:22
Seattle-Whse,SKU-173,0.24612306153076538,0.6390977443609023,2026-08-05 14:54:22
Seattle-Whse,SKU-409,0.47273636818409204,0.3208020050125313,2026-07-21 14:54:22
London-Whse,SKU-269,0.14757378689344672,0.05012531328320802,2026-07-20 14:54:22
Seattle-Whse,SKU-189,0.080040020010005,0.5012531328320802,2026-07-14 14:54:22
Sydney-Whse,SKU-244,0.09104552276138068,0.07769423558897243,2026-08-01 14:54:22
London-Whse,SKU-036,0.04602301150575288,0.9197994987468672,2026-07-29 14:54:22
London-Whse,SKU-438,0.18609304652326164,0.7644110275689223,2026-07-18 14:54:22
Rotterdam-Whse,SKU-438,0.6208104052026013,0.8220551378446115,2026-08-11 14:54:22
Rotterdam-Whse,SKU-212,0.9444722361180591,0.40601503759398494,2026-07-29 14:54:22
Sydney-Whse,SKU-385,0.007003501750875438,0.38095238095238093,2026-07-23 14:54:22
London-Whse,SKU-343,0.23411705852926462,0.8020050125313283,2026-07-28 14:54:22
London-Whse,SKU-367,0.9309654827413707,0.5588972431077694,2026-08-11 14:54:22
Rotterdam-Whse,SKU-274,0.2941470735367684,0.7493734335839599,2026-07-25 14:54:22
London-Whse,SKU-458,0.6468234117058529,0.12781954887218044,2026-07-14 14:54:22
Seattle-Whse,SKU-459,0.536768384192096,0.9473684210526315,2026-07-19 14:54:22
Rotterdam-Whse,SKU-492,0.9044522261130565,0.949874686716792,2026-07-19 14:54:22
Rotterdam-Whse,SKU-446,0.815407703851926,0.37092731829573933,2026-08-11 14:54:22
Seattle-Whse,SKU-454,0.18509254627313657,0.45864661654135336,2026-08-08 14:54:22
Sydney-Whse,SKU-442,0.08554277138569284,0.7819548872180451,2026-07-13 14:54:22
London-Whse,SKU-218,0.5397698849424712,0.15538847117794485,2026-08-05 14:54:22
Sydney-Whse,SKU-167,0.7713856928464232,0.3533834586466165,2026-07-14 14:54:22
Osaka-Whse,SKU-402,0.15507753876938468,0.9273182957393483,2026-07-19 14:54:22
Seattle-Whse,SKU-123,0.9539769884942472,0.46365914786967416,2026-07-24 14:54:22
Seattle-Whse,SKU-249,0.824912456228114,0.23809523809523808,2026-08-06 14:54:22
Rotterdam-Whse,SKU-149,0.4637318659329665,0.9649122807017544,2026-07-28 14:54:22
London-Whse,SKU-203,0.4412206103051526,0.45363408521303256,2026-08-01 14:54:22
Rotterdam-Whse,SKU-292,0.17858929464732365,0.18796992481203006,2026-07-14 14:54:22
London-Whse,SKU-223,0.44222111055527763,0.08771929824561403,2026-07-14 14:54:22
London-Whse,SKU-324,0.22461230615307654,0.7493734335839599,2026-07-30 14:54:22
Osaka-Whse,SKU-029,0.08754377188594298,0.5488721804511278,2026-08-04 14:54:22
Sydney-Whse,SKU-352,0.9989994997498749,0.43609022556390975,2026-07-13 14:54:22
Rotterdam-Whse,SKU-394,0.6448224112056028,0.3333333333333333,2026-07-27 14:54:22
London-Whse,SKU-026,0.6503251625812907,0.24812030075187969,2026-07-17 14:54:22
Seattle-Whse,SKU-362,0.5267633816908455,0.3308270676691729,2026-08-02 14:54:22
Rotterdam-Whse,SKU-486,0.607303651825913,0.9774436090225563,2026-07-16 14:54:22
London-Whse,SKU-320,0.9574787393696849,0.5914786967418546,2026-07-26 14:54:22
Seattle-Whse,SKU-444,0.6118059029514757,0.7092731829573935,2026-07-16 14:54:22
Sydney-Whse,SKU-259,0.8184092046023012,0.07769423558897243,2026-07-22 14:54:22
Seattle-Whse,SKU-055,0.7583791895947974,0.042606516290726815,2026-07-22 14:54:22
Seattle-Whse,SKU-110,0.16508254127063532,0.15037593984962405,2026-07-25 14:54:22
London-Whse,SKU-435,0.22461230615307654,0.7418546365914787,2026-07-21 14:54:22
Seattle-Whse,SKU-078,0.35917958979489745,0.9874686716791979,2026-07-14 14:54:22
Sydney-Whse,SKU-184,0.20560280140070036,0.22055137844611528,2026-08-07 14:54:22
Sydney-Whse,SKU-417,0.9084542271135568,0.924812030075188,2026-07-20 14:54:22
London-Whse,SKU-440,0.863431715857929,0.9799498746867168,2026-07-26 14:54:22
Osaka-Whse,SKU-247,0.7323661830915458,0.18546365914786966,2026-07-13 14:54:22
Rotterdam-Whse,SKU-451,0.46773386693346675,0.3007518796992481,2026-07-19 14:54:22
Sydney-Whse,SKU-341,0.753376688344172,0.06766917293233082,2026-07-21 14:54:22
Osaka-Whse,SKU-371,0.9189594797398699,0.6842105263157895,2026-07-20 14:54:22
Osaka-Whse,SKU-099,0.14207103551775888,0.7694235588972431,2026-07-29 14:54:22
Rotterdam-Whse,SKU-106,0.25162581290645325,0.11278195488721804,2026-08-11 14:54:22
Seattle-Whse,SKU-062,0.8829414707353677,0.20300751879699247,2026-07-27 14:54:22
Rotterdam-Whse,SKU-400,0.35417708854427216,0.8671679197994987,2026-07-31 14:54:22
Seattle-Whse,SKU-162,0.615807903951976,0.7719298245614035,2026-07-20 14:54:22
Rotterdam-Whse,SKU-044,0.3996998499249625,0.6967418546365914,2026-07-23 14:54:22
Rotterdam-Whse,SKU-221,0.4837418709354677,0.7117794486215538,2026-07-25 14:54:22
Sydney-Whse,SKU-140,0.2606303151575788,0.2756892230576441,2026-08-07 14:54:22
Seattle-Whse,SKU-096,0.5392696348174087,0.3283208020050125,2026-07-17 14:54:22
London-Whse,SKU-146,0.13156578289144572,0.07769423558897243,2026-07-23 14:54:22
Seattle-Whse,SKU-360,0.4792396198099049,0.46616541353383456,2026-07-20 14:54:22
Rotterdam-Whse,SKU-099,0.3391695847923962,0.7644110275689223,2026-07-22 14:54:22
Osaka-Whse,SKU-407,0.5597798899449725,0.15538847117794485,2026-08-10 14:54:22
Osaka-Whse,SKU-359,0.40670335167583793,0.9974937343358395,2026-07-27 14:54:22
Osaka-Whse,SKU-328,0.647823911955978,0.21052631578947367,2026-08-05 14:54:22
Rotterdam-Whse,SKU-472,0.2736368184092046,0.042606516290726815,2026-07-20 14:54:22
Sydney-Whse,SKU-049,0.76088044022011,0.8972431077694235,2026-07-31 14:54:22
London-Whse,SKU-109,0.064032016008004,0.015037593984962405,2026-07-27 14:54:22
Sydney-Whse,SKU-400,0.407703851925963,0.7669172932330827,2026-08-01 14:54:22
Osaka-Whse,SKU-031,0.6593296648324162,0.6616541353383458,2026-08-03 14:54:22
Osaka-Whse,SKU-458,0.9399699849924963,0.6040100250626567,2026-08-11 14:54:22
Osaka-Whse,SKU-468,0.9919959979989995,0.9699248120300752,2026-08-10 14:54:22
London-Whse,SKU-247,0.9309654827413707,0.8546365914786967,2026-08-08 14:54:22
Osaka-Whse,SKU-261,0.4212106053026513,0.11027568922305764,2026-08-09 14:54:22
Rotterdam-Whse,SKU-244,0.10105052526263132,0.506265664160401,2026-07-22 14:54:22
Rotterdam-Whse,SKU-386,0.9869934967483742,0.2932330827067669,2026-08-04 14:54:22
Osaka-Whse,SKU-360,0.7458729364682342,0.5112781954887218,2026-07-20 14:54:22
Seattle-Whse,SKU-366,0.12606303151575787,0.19298245614035087,2026-08-11 14:54:22
Rotterdam-Whse,SKU-417,0.5292646323161581,0.7794486215538847,2026-07-28 14:54:22
Sydney-Whse,SKU-485,0.1295647823911956,0.9147869674185464,2026-07-23 14:54:22
Rotterdam-Whse,SKU-366,0.8349174587293647,0.9849624060150376,2026-08-05 14:54:22
Osaka-Whse,SKU-110,0.04452226113056528,0.09022556390977443,2026-07-21 14:54:22
Seattle-Whse,SKU-051,0.28564282141070535,0.17794486215538846,2026-07-24 14:54:22
Seattle-Whse,SKU-179,0.2696348174087044,0.5989974937343359,2026-08-08 14:54:22
Seattle-Whse,SKU-420,0.4222111055527764,0.015037593984962405,2026-08-11 14:54:22
Seattle-Whse,SKU-123,0.5297648824412207,0.5939849624060151,2026-07-13 14:54:22
Seattle-Whse,SKU-030,0.3691845922961481,0.7568922305764411,2026-07-16 14:54:22
Sydney-Whse,SKU-005,0.544272136068034,0.5864661654135338,2026-07-24 14:54:22
Sydney-Whse,SKU-319,0.37868934467233617,0.8721804511278195,2026-07-19 14:54:22
Seattle-Whse,SKU-383,0.4092046023011506,0.9223057644110275,2026-08-07 14:54:22
London-Whse,SKU-381,0.6213106553276638,0.3408521303258145,2026-07-21 14:54:22
Rotterdam-Whse,SKU-053,0.4542271135567784,0.8646616541353384,2026-07-22 14:54:22
Rotterdam-Whse,SKU-375,0.23561780890445222,0.9373433583959899,2026-08-11 14:54:22
Seattle-Whse,SKU-122,0.6748374187093547,0.03759398496240601,2026-07-30 14:54:22
London-Whse,SKU-121,0.06903451725862932,0.21553884711779447,2026-08-10 14:54:22
London-Whse,SKU-350,0.3931965982991496,0.899749373433584,2026-07-30 14:54:22
Seattle-Whse,SKU-079,0.25012506253126565,0.7443609022556391,2026-08-11 14:54:22
London-Whse,SKU-425,0.6993496748374187,0.8546365914786967,2026-07-16 14:54:22
Rotterdam-Whse,SKU-275,0.8959479739869936,0.09523809523809523,2026-08-05 14:54:22
Osaka-Whse,SKU-034,0.4932466233116558,0.16791979949874686,2026-08-05 14:54:22
Rotterdam-Whse,SKU-213,0.3366683341670835,0.2807017543859649,2026-08-03 14:54:22
Sydney-Whse,SKU-404,0.46773386693346675,0.9523809523809523,2026-07-31 14:54:22
London-Whse,SKU-176,0.8804402201100551,0.18546365914786966,2026-08-05 14:54:22
Osaka-Whse,SKU-083,0.3266633316658329,0.5213032581453634,2026-07-20 14:54:22
Rotterdam-Whse,SKU-310,0.8954477238619309,0.46867167919799496,2026-07-30 14:54:22
Rotterdam-Whse,SKU-162,0.9404702351175588,0.41604010025062654,2026-07-29 14:54:22
Sydney-Whse,SKU-436,0.8554277138569285,0.047619047619047616,2026-08-11 14:54:22
London-Whse,SKU-095,0.5472736368184092,0.47368421052631576,2026-08-07 14:54:22
Seattle-Whse,SKU-132,0.06903451725862932,0.6867167919799498,2026-08-06 14:54:22
London-Whse,SKU-283,0.5262631315657829,0.042606516290726815,2026-08-07 14:54:22
Sydney-Whse,SKU-244,0.34317158579289647,0.22055137844611528,2026-07-23 14:54:22
London-Whse,SKU-433,0.7113556778389195,0.042606516290726815,2026-08-06 14:54:22
Seattle-Whse,SKU-340,0.5867933966983492,0.5087719298245614,2026-08-03 14:54:22
London-Whse,SKU-111,0.36818409204602304,0.5513784461152882,2026-08-10 14:54:22
Osaka-Whse,SKU-064,0.1265632816408204,0.6215538847117794,2026-07-17 14:54:22
Rotterdam-Whse,SKU-030,0.3931965982991496,0.022556390977443608,2026-07-18 14:54:22
Rotterdam-Whse,SKU-127,0.3486743371685843,0.3082706766917293,2026-08-01 14:54:22
Sydney-Whse,SKU-006,0.02501250625312656,0.9949874686716792,2026-07-17 14:54:22
Osaka-Whse,SKU-018,0.8924462231115557,0.46115288220551376,2026-07-13 14:54:22
London-Whse,SKU-348,0.20910455227613806,0.48370927318295737,2026-07-19 14:54:22
London-Whse,SKU-210,0.6613306653326664,0.8220551378446115,2026-07-15 14:54:22
Sydney-Whse,SKU-264,0.7703851925962981,0.6716791979949874,2026-08-05 14:54:22
Sydney-Whse,SKU-477,0.2741370685342671,0.43107769423558895,2026-07-23 14:54:22
Sydney-Whse,SKU-432,0.5427713856928464,0.5137844611528822,2026-08-07 14:54:22
Rotterdam-Whse,SKU-132,0.44372186093046523,0.8546365914786967,2026-07-19 14:54:22
Rotterdam-Whse,SKU-290,0.27813906953476736,0.3583959899749373,2026-08-03 14:54:22
Sydney-Whse,SKU-384,0.6423211605802901,0.9473684210526315,2026-07-28 14:54:22
Osaka-Whse,SKU-148,0.12306153076538269,0.3233082706766917,2026-08-04 14:54:22
Osaka-Whse,SKU-320,0.7888944472236118,0.506265664160401,2026-07-22 14:54:22
Sydney-Whse,SKU-181,0.6598299149574788,0.3583959899749373,2026-07-27 14:54:22
Sydney-Whse,SKU-061,0.6163081540770385,0.41353383458646614,2026-07-25 14:54:22
Seattle-Whse,SKU-300,0.32716358179089544,0.8771929824561403,2026-07-14 14:54:22
London-Whse,SKU-238,0.7828914457228614,0.6365914786967418,2026-07-26 14:54:22
Osaka-Whse,SKU-139,0.9574787393696849,0.9047619047619048,2026-07-14 14:54:22
London-Whse,SKU-207,0.5582791395697849,0.3333333333333333,2026-07-27 14:54:22
London-Whse,SKU-307,0.935967983991996,0.2731829573934837,2026-08-06 14:54:22
Osaka-Whse,SKU-457,0.7788894447223612,0.5614035087719298,2026-07-17 14:54:22
Rotterdam-Whse,SKU-380,0.01150575287643822,0.7418546365914787,2026-07-24 14:54:22
Osaka-Whse,SKU-485,0.8734367183591796,0.42606516290726815,2026-08-07 14:54:22
Rotterdam-Whse,SKU-153,0.4307153576788394,0.9398496240601504,2026-07-18 14:54:22
Seattle-Whse,SKU-219,0.9719859929964982,0.2581453634085213,2026-08-01 14:54:22
Rotterdam-Whse,SKU-310,0.24262131065532766,0.8370927318295739,2026-08-06 14:54:22
Osaka-Whse,SKU-054,0.3501750875437719,0.5538847117794486,2026-08-01 14:54:22
Sydney-Whse,SKU-463,0.8539269634817409,0.9824561403508771,2026-08-02 14:54:22
Sydney-Whse,SKU-335,0.0400200100050025,0.518796992481203,2026-07-17 14:54:22
Seattle-Whse,SKU-107,0.06903451725862932,0.2531328320802005,2026-07-18 14:54:22
Osaka-Whse,SKU-321,0.8899449724862432,0.7844611528822055,2026-07-17 14:54:22
Seattle-Whse,SKU-293,0.12306153076538269,0.2932330827067669,2026-07-21 14:54:22
Seattle-Whse,SKU-069,0.376688344172086,0.37844611528822053,2026-07-16 14:54:22
Rotterdam-Whse,SKU-271,0.7273636818409205,0.5714285714285714,2026-07-13 14:54:22
Seattle-Whse,SKU-335,0.3296648324162081,0.14035087719298245,2026-07-26 14:54:22
Seattle-Whse,SKU-265,0.6303151575787894,0.6942355889724311,2026-07-30 14:54:22
Sydney-Whse,SKU-124,0.2696348174087044,0.3533834586466165,2026-07-13 14:54:22
Seattle-Whse,SKU-389,0.005502751375687844,0.42105263157894735,2026-08-02 14:54:22
Sydney-Whse,SKU-449,0.7588794397198599,0.2631578947368421,2026-07-13 14:54:22
Rotterdam-Whse,SKU-444,0.4577288644322161,0.24310776942355888,2026-07-20 14:54:22
Osaka-Whse,SKU-447,0.9554777388694348,0.37844611528822053,2026-07-15 14:54:22
Rotterdam-Whse,SKU-456,0.3371685842921461,0.7418546365914787,2026-07-17 14:54:22
Osaka-Whse,SKU-336,0.30865432716358177,0.6541353383458647,2026-07-23 14:54:22
London-Whse,SKU-244,0.4852426213106553,0.9799498746867168,2026-07-23 14:54:22
Seattle-Whse,SKU-262,0.10955477738869435,0.017543859649122806,2026-07-13 14:54:22
Rotterdam-Whse,SKU-130,0.5227613806903452,0.5614035087719298,2026-08-01 14:54:22
Sydney-Whse,SKU-454,0.49974987493746875,0.49624060150375937,2026-08-06 14:54:22
Osaka-Whse,SKU-044,0.7718859429714857,0.6992481203007519,2026-07-16 14:54:22
Sydney-Whse,SKU-051,0.9739869934967483,0.17042606516290726,2026-07-24 14:54:22
Seattle-Whse,SKU-281,0.5337668834417209,0.43609022556390975,2026-07-20 14:54:22
Sydney-Whse,SKU-376,0.1340670335167584,0.45112781954887216,2026-07-22 14:54:22
Sydney-Whse,SKU-191,0.6088044022011005,0.9273182957393483,2026-08-04 14:54:22
Sydney-Whse,SKU-095,0.7068534267133567,0.06015037593984962,2026-08-05 14:54:22
Rotterdam-Whse,SKU-094,0.9299649824912456,0.09523809523809523,2026-07-27 14:54:22
London-Whse,SKU-391,0.17008504252126064,0.8045112781954887,2026-07-20 14:54:22
Osaka-Whse,SKU-411,0.4487243621810905,0.8145363408521303,2026-08-08 14:54:22
Sydney-Whse,SKU-001,0.3386693346673337,0.14786967418546365,2026-07-31 14:54:22
Rotterdam-Whse,SKU-398,0.8714357178589295,0.21804511278195488,2026-07-25 14:54:22
Seattle-Whse,SKU-329,0.47123561780890444,0.5238095238095238,2026-07-19 14:54:22
Sydney-Whse,SKU-128,0.5847923961980991,0.7593984962406015,2026-08-03 14:54:22
Rotterdam-Whse,SKU-492,0.3796898449224612,0.0,2026-08-03 14:54:22
Seattle-Whse,SKU-160,0.1055527763881941,0.8320802005012531,2026-08-04 14:54:22
Rotterdam-Whse,SKU-446,0.9829914957478739,0.7593984962406015,2026-08-01 14:54:22
Rotterdam-Whse,SKU-189,0.8909454727363681,0.7443609022556391,2026-07-17 14:54:22
Rotterdam-Whse,SKU-025,0.40370185092546274,0.06015037593984962,2026-07-23 14:54:22
Osaka-Whse,SKU-241,0.5712856428214107,0.2681704260651629,2026-08-02 14:54:22
London-Whse,SKU-369,0.06503251625812906,0.7368421052631579,2026-07-16 14:54:22
Rotterdam-Whse,SKU-241,0.3791895947973987,0.41854636591478694,2026-07-22 14:54:22
Rotterdam-Whse,SKU-014,0.8894447223611806,0.2706766917293233,2026-07-25 14:54:22
Osaka-Whse,SKU-299,0.6673336668334167,0.5889724310776943,2026-08-04 14:54:22
London-Whse,SKU-193,0.12056028014007003,0.40350877192982454,2026-07-31 14:54:22
Rotterdam-Whse,SKU-279,0.2271135567783892,0.3358395989974937,2026-08-11 14:54:22
Osaka-Whse,SKU-392,0.3001500750375188,0.10275689223057644,2026-07-14 14:54:22
Sydney-Whse,SKU-001,0.6793396698349174,0.9974937343358395,2026-07-15 14:54:22
London-Whse,SKU-106,0.6278139069534767,0.11278195488721804,2026-07-30 14:54:22
Sydney-Whse,SKU-177,0.8514257128564282,0.7343358395989975,2026-08-03 14:54:22
London-Whse,SKU-340,0.7718859429714857,0.6741854636591479,2026-07-13 14:54:22
London-Whse,SKU-163,0.4112056028014007,0.11027568922305764,2026-07-22 14:54:22
Seattle-Whse,SKU-053,0.6283141570785392,0.8546365914786967,2026-08-01 14:54:22
London-Whse,SKU-091,0.8659329664832416,0.007518796992481203,2026-07-18 14:54:22
London-Whse,SKU-247,0.36518259129564784,0.8421052631578947,2026-08-05 14:54:22
London-Whse,SKU-308,0.4622311155577789,0.41854636591478694,2026-08-05 14:54:22
Seattle-Whse,SKU-481,0.11155577788894447,0.2857142857142857,2026-07-16 14:54:22
Rotterdam-Whse,SKU-272,0.6488244122061031,0.5739348370927319,2026-07-18 14:54:22
Osaka-Whse,SKU-388,0.8664332166083042,0.9573934837092731,2026-07-29 14:54:22
Seattle-Whse,SKU-317,0.6188094047023511,0.11278195488721804,2026-07-22 14:54:22
Sydney-Whse,SKU-240,0.6388194097048524,0.568922305764411,2026-07-14 14:54:22
Rotterdam-Whse,SKU-166,0.29214607303651824,0.5614035087719298,2026-07-21 14:54:22
Seattle-Whse,SKU-444,0.3631815907953977,0.40852130325814534,2026-08-06 14:54:22
Sydney-Whse,SKU-411,0.8024012006003002,0.3408521303258145,2026-07-19 14:54:22
Rotterdam-Whse,SKU-097,0.1890945472736368,0.39348370927318294,2026-07-17 14:54:22
London-Whse,SKU-119,0.3536768384192096,0.7192982456140351,2026-07-13 14:54:22
Seattle-Whse,SKU-065,0.08054027013506754,0.21052631578947367,2026-07-16 14:54:22
Osaka-Whse,SKU-150,0.7208604302151076,0.3007518796992481,2026-07-30 14:54:22
Sydney-Whse,SKU-489,0.6678339169584793,0.20802005012531327,2026-07-22 14:54:22
Osaka-Whse,SKU-177,0.5587793896948474,0.974937343358396,2026-08-09 14:54:22
Rotterdam-Whse,SKU-212,0.8309154577288644,0.9223057644110275,2026-08-06 14:54:22
Osaka-Whse,SKU-052,0.4367183591795898,0.5162907268170426,2026-08-04 14:54:22
Rotterdam-Whse,SKU-368,0.7328664332166083,0.005012531328320802,2026-07-28 14:54:22
Sydney-Whse,SKU-095,0.7093546773386693,0.5939849624060151,2026-08-05 14:54:22
Rotterdam-Whse,SKU-207,0.3706853426713357,0.5338345864661654,2026-08-05 14:54:22
London-Whse,SKU-009,0.8834417208604303,0.38095238095238093,2026-07-28 14:54:22
Rotterdam-Whse,SKU-485,0.1520760380190095,0.7092731829573935,2026-07-19 14:54:22
Seattle-Whse,SKU-481,0.0945472736368184,0.03759398496240601,2026-07-20 14:54:22
Rotterdam-Whse,SKU-174,0.3396698349174587,0.8471177944862155,2026-08-10 14:54:22
Osaka-Whse,SKU-229,0.7593796898449224,0.0,2026-08-10 14:54:22
Rotterdam-Whse,SKU-214,0.8949474737368684,0.3609022556390977,2026-07-28 14:54:22
Osaka-Whse,SKU-213,0.17958979489744872,0.7117794486215538,2026-07-22 14:54:22
Sydney-Whse,SKU-206,0.29164582291145574,0.5538847117794486,2026-07-21 14:54:22
Rotterdam-Whse,SKU-141,0.4797398699349675,0.38847117794486213,2026-07-13 14:54:22
Sydney-Whse,SKU-330,0.3711855927963982,0.9824561403508771,2026-07-29 14:54:22
Osaka-Whse,SKU-417,0.29314657328664334,0.09774436090225563,2026-08-06 14:54:22
Seattle-Whse,SKU-420,0.5467733866933466,0.7919799498746867,2026-07-28 14:54:22
Osaka-Whse,SKU-433,0.11655827913956979,0.49122807017543857,2026-07-24 14:54:22
Sydney-Whse,SKU-024,0.9214607303651826,0.3659147869674185,2026-07-13 14:54:22
Rotterdam-Whse,SKU-067,0.014507253626813406,0.2656641604010025,2026-08-06 14:54:22
Rotterdam-Whse,SKU-406,0.5722861430715358,0.02506265664160401,2026-08-04 14:54:22
Rotterdam-Whse,SKU-253,0.3981990995497749,0.2957393483709273,2026-07-20 14:54:22
Sydney-Whse,SKU-080,0.20910455227613806,0.17794486215538846,2026-08-04 14:54:22
Sydney-Whse,SKU-289,0.11655827913956979,0.6516290726817042,2026-07-13 14:54:22
Sydney-Whse,SKU-145,0.5227613806903452,0.19298245614035087,2026-08-06 14:54:22
London-Whse,SKU-148,0.8429214607303652,0.07268170426065163,2026-07-21 14:54:22
Seattle-Whse,SKU-261,0.776888444222111,0.15538847117794485,2026-07-29 14:54:22
Sydney-Whse,SKU-057,0.47123561780890444,0.6616541353383458,2026-07-13 14:54:22
Rotterdam-Whse,SKU-368,0.43621810905452724,0.9473684210526315,2026-08-05 14:54:22
Seattle-Whse,SKU-171,0.6693346673336669,0.012531328320802004,2026-07-29 14:54:22
Sydney-Whse,SKU-320,0.12356178089044523,0.5463659147869674,2026-08-08 14:54:22
Seattle-Whse,SKU-326,0.2526263131565783,0.07518796992481203,2026-08-11 14:54:22
Sydney-Whse,SKU-453,0.6493246623311656,0.49122807017543857,2026-07-21 14:54:22
Sydney-Whse,SKU-177,0.655327663831916,0.5889724310776943,2026-08-05 14:54:22
Rotterdam-Whse,SKU-311,0.25012506253126565,0.5112781954887218,2026-07-31 14:54:22
Rotterdam-Whse,SKU-333,0.30115057528764383,0.41353383458646614,2026-08-11 14:54:22
Sydney-Whse,SKU-205,0.9984992496248124,0.047619047619047616,2026-08-08 14:54:22
Sydney-Whse,SKU-045,0.22811405702851426,0.8421052631578947,2026-08-09 14:54:22
Rotterdam-Whse,SKU-052,0.5847923961980991,0.7017543859649122,2026-07-16 14:54:22
Seattle-Whse,SKU-297,0.30665332666333167,0.6842105263157895,2026-08-11 14:54:22
Osaka-Whse,SKU-415,0.30665332666333167,0.17543859649122806,2026-08-06 14:54:22
Osaka-Whse,SKU-073,0.17208604302151076,0.06516290726817042,2026-08-03 14:54:22
Seattle-Whse,SKU-209,0.817408704352176,0.9197994987468672,2026-07-27 14:54:22
Osaka-Whse,SKU-427,0.783391695847924,0.8395989974937343,2026-07-28 14:54:22
Seattle-Whse,SKU-213,0.3281640820410205,0.24561403508771928,2026-07-21 14:54:22
Rotterdam-Whse,SKU-180,0.3231615807903952,0.9874686716791979,2026-07-13 14:54:22
Osaka-Whse,SKU-057,0.59879939969985,0.518796992481203,2026-08-06 14:54:22
Osaka-Whse,SKU-183,0.11705852926463231,0.2656641604010025,2026-07-17 14:54:22
Osaka-Whse,SKU-132,0.5042521260630315,0.8245614035087719,2026-08-03 14:54:22
Sydney-Whse,SKU-171,0.9169584792396198,0.05764411027568922,2026-08-07 14:54:22
Rotterdam-Whse,SKU-196,0.3051525762881441,0.9398496240601504,2026-07-30 14:54:22
Sydney-Whse,SKU-352,0.9824912456228114,0.2982456140350877,2026-08-11 14:54:22
Seattle-Whse,SKU-203,0.5567783891945973,0.48621553884711777,2026-07-26 14:54:22
Rotterdam-Whse,SKU-333,0.015507753876938469,0.9197994987468672,2026-07-25 14:54:22
Osaka-Whse,SKU-308,0.3951975987993997,0.606516290726817,2026-07-13 14:54:22
Sydney-Whse,SKU-304,0.9759879939969985,0.8145363408521303,2026-08-09 14:54:22
London-Whse,SKU-324,0.20760380190095049,0.14536340852130325,2026-07-21 14:54:22
Rotterdam-Whse,SKU-368,0.45572786393196596,0.9373433583959899,2026-07-24 14:54:22
Seattle-Whse,SKU-436,0.28864432216108055,0.6541353383458647,2026-07-29 14:54:22
Seattle-Whse,SKU-157,0.05252626313156578,0.38345864661654133,2026-07-25 14:54:22
London-Whse,SKU-485,0.15607803901950976,0.2957393483709273,2026-07-22 14:54:22
Seattle-Whse,SKU-431,0.6018009004502252,0.40350877192982454,2026-07-27 14:54:22
Sydney-Whse,SKU-350,0.10705352676338169,0.9573934837092731,2026-07-15 14:54:22
London-Whse,SKU-156,0.864432216108054,0.8195488721804511,2026-07-22 14:54:22
Osaka-Whse,SKU-335,0.04852426213106553,0.3659147869674185,2026-07-31 14:54:22
Osaka-Whse,SKU-172,0.5087543771885943,0.9323308270676691,2026-07-16 14:54:22
London-Whse,SKU-473,0.8044022011005503,0.5789473684210527,2026-08-10 14:54:22
Sydney-Whse,SKU-254,0.33166583291645824,0.7794486215538847,2026-08-05 14:54:22
London-Whse,SKU-307,0.8359179589794897,0.45864661654135336,2026-07-30 14:54:22
Osaka-Whse,SKU-341,0.11305652826413207,0.8120300751879699,2026-07-23 14:54:22
Osaka-Whse,SKU-251,0.7158579289644822,0.42355889724310775,2026-07-21 14:54:22
London-Whse,SKU-315,0.3026513256628314,0.11278195488721804,2026-07-13 14:54:22
Rotterdam-Whse,SKU-234,0.9024512256128064,0.09022556390977443,2026-07-21 14:54:22
Seattle-Whse,SKU-497,0.03701850925462731,0.14285714285714285,2026-07-24 14:54:22
Osaka-Whse,SKU-188,0.9684842421210605,0.3458646616541353,2026-07-28 14:54:22
London-Whse,SKU-221,0.0720360180090045,0.8646616541353384,2026-07-13 14:54:22
Sydney-Whse,SKU-445,0.1935967983991996,0.13784461152882205,2026-07-19 14:54:22
Rotterdam-Whse,SKU-222,0.9479739869934968,0.11779448621553884,2026-07-27 14:54:22
Rotterdam-Whse,SKU-236,0.8919459729864933,0.9122807017543859,2026-08-11 14:54:22
Sydney-Whse,SKU-100,0.010005002501250625,0.2531328320802005,2026-08-07 14:54:22
Sydney-Whse,SKU-149,0.6843421710855427,0.8245614035087719,2026-07-17 14:54:22
Rotterdam-Whse,SKU-160,0.32866433216608304,0.14285714285714285,2026-08-10 14:54:22
Sydney-Whse,SKU-383,0.3461730865432716,0.8796992481203008,2026-08-03 14:54:22
Sydney-Whse,SKU-453,0.3166583291645823,0.42105263157894735,2026-08-03 14:54:22
Osaka-Whse,SKU-391,0.9409704852426213,0.9624060150375939,2026-07-23 14:54:22
Osaka-Whse,SKU-282,0.7003501750875438,0.6691729323308271,2026-08-06 14:54:22
London-Whse,SKU-019,1.0,0.3283208020050125,2026-07-25 14:54:22
Sydney-Whse,SKU-377,0.3196598299149575,0.13283208020050125,2026-07-25 14:54:22
Seattle-Whse,SKU-206,0.6018009004502252,0.6015037593984962,2026-07-25 14:54:22
Sydney-Whse,SKU-138,0.011005502751375688,0.2982456140350877,2026-07-24 14:54:22
Seattle-Whse,SKU-082,0.8659329664832416,0.44862155388471175,2026-07-28 14:54:22
Osaka-Whse,SKU-454,0.04902451225612806,0.581453634085213,2026-08-01 14:54:22
Sydney-Whse,SKU-191,0.4867433716858429,0.16290726817042606,2026-07-21 14:54:22
Rotterdam-Whse,SKU-104,0.607303651825913,0.3508771929824561,2026-07-24 14:54:22
Sydney-Whse,SKU-175,0.2096048024012006,0.40852130325814534,2026-07-25 14:54:22
Rotterdam-Whse,SKU-020,0.45872936468234116,0.7167919799498746,2026-08-03 14:54:22
London-Whse,SKU-196,0.8654327163581791,0.8922305764411027,2026-07-18 14:54:22
Seattle-Whse,SKU-485,0.029014507253626812,0.3283208020050125,2026-07-22 14:54:22
Seattle-Whse,SKU-089,0.9034517258629314,0.656641604010025,2026-07-28 14:54:22
London-Whse,SKU-196,0.17658829414707353,0.9348370927318296,2026-07-30 14:54:22
London-Whse,SKU-362,0.45722861430715356,0.11528822055137844,2026-07-26 14:54:22
Sydney-Whse,SKU-230,0.7173586793396698,0.9724310776942355,2026-07-22 14:54:22
London-Whse,SKU-250,0.5502751375687844,0.15288220551378445,2026-07-16 14:54:22
Sydney-Whse,SKU-056,0.03851925962981491,0.5538847117794486,2026-07-28 14:54:22
Osaka-Whse,SKU-416,0.992496248124062,0.05764411027568922,2026-07-14 14:54:22
Rotterdam-Whse,SKU-135,0.17508754377188596,0.87468671679198,2026-07-18 14:54:22
London-Whse,SKU-292,0.6063031515757878,0.17543859649122806,2026-08-09 14:54:22
London-Whse,SKU-206,0.632816408204102,0.7644110275689223,2026-07-19 14:54:22
Seattle-Whse,SKU-230,0.5322661330665333,0.7017543859649122,2026-08-10 14:54:22
London-Whse,SKU-158,0.4177088544272136,0.05012531328320802,2026-07-16 14:54:22
Osaka-Whse,SKU-087,0.272136068034017,0.9022556390977443,2026-07-24 14:54:22
Rotterdam-Whse,SKU-004,0.5232616308154077,0.49122807017543857,2026-07-22 14:54:22
Seattle-Whse,SKU-498,0.4502251125562781,0.6842105263157895,2026-07-26 14:54:22
Osaka-Whse,SKU-451,0.5652826413206603,0.9223057644110275,2026-07-17 14:54:22
Osaka-Whse,SKU-121,0.8194097048524263,0.37092731829573933,2026-07-23 14:54:22
Sydney-Whse,SKU-166,0.9699849924962481,0.7644110275689223,2026-07-15 14:54:22
London-Whse,SKU-370,0.23711855927963982,0.9097744360902256,2026-08-05 14:54:22
Seattle-Whse,SKU-157,0.6768384192096047,0.6641604010025063,2026-07-31 14:54:22
Rotterdam-Whse,SKU-387,0.9984992496248124,0.2706766917293233,2026-07-16 14:54:22
Rotterdam-Whse,SKU-227,0.6378189094547274,0.9172932330827067,2026-08-03 14:54:22
Sydney-Whse,SKU-262,0.32266133066533265,0.06265664160401002,2026-08-01 14:54:22
Rotterdam-Whse,SKU-016,0.05202601300650325,0.6967418546365914,2026-08-01 14:54:22
Sydney-Whse,SKU-166,0.5412706353176588,0.11779448621553884,2026-07-23 14:54:22
Sydney-Whse,SKU-412,0.6008004002001001,0.7218045112781954,2026-07-25 14:54:22
Osaka-Whse,SKU-438,0.1325662831415708,0.40350877192982454,2026-08-03 14:54:22
London-Whse,SKU-075,0.22861430715357678,0.3358395989974937,2026-07-24 14:54:22
Rotterdam-Whse,SKU-474,0.23961980990495246,0.39598997493734334,2026-07-24 14:54:22
Sydney-Whse,SKU-204,0.39719859929964985,0.6942355889724311,2026-07-28 14:54:22
London-Whse,SKU-116,0.19559779889944973,0.8571428571428571,2026-07-22 14:54:22
Osaka-Whse,SKU-214,0.18409204602301152,0.5363408521303258,2026-07-18 14:54:22
Sydney-Whse,SKU-229,0.9179589794897449,0.8170426065162907,2026-08-07 14:54:22
Osaka-Whse,SKU-380,0.39769884942471234,0.8095238095238095,2026-07-26 14:54:22
Seattle-Whse,SKU-100,0.9089544772386193,0.18546365914786966,2026-07-23 14:54:22
Sydney-Whse,SKU-191,0.695847923961981,0.15538847117794485,2026-07-27 14:54:22
Rotterdam-Whse,SKU-265,0.624312156078039,0.18546365914786966,2026-07-21 14:54:22
Sydney-Whse,SKU-057,0.6363181590795398,0.2832080200501253,2026-07-22 14:54:22
London-Whse,SKU-391,0.9929964982491246,0.8972431077694235,2026-08-03 14:54:22
Osaka-Whse,SKU-153,0.7348674337168585,0.5789473684210527,2026-08-03 14:54:22
Osaka-Whse,SKU-300,0.8329164582291145,0.40100250626566414,2026-07-26 14:54:22
Osaka-Whse,SKU-447,0.9709854927463731,0.6416040100250626,2026-08-07 14:54:22
Seattle-Whse,SKU-182,0.26263131565782893,0.24812030075187969,2026-08-11 14:54:22
Sydney-Whse,SKU-006,0.04452226113056528,0.15789473684210525,2026-07-19 14:54:22
Seattle-Whse,SKU-072,0.7898949474737369,0.631578947368421,2026-08-01 14:54:22
Osaka-Whse,SKU-418,0.9719859929964982,0.002506265664160401,2026-08-04 14:54:22
Sydney-Whse,SKU-409,0.060030015007503754,0.7192982456140351,2026-07-19 14:54:22
Seattle-Whse,SKU-007,0.471735867933967,0.21804511278195488,2026-07-21 14:54:22
Seattle-Whse,SKU-208,0.19259629814907453,0.7268170426065163,2026-08-10 14:54:22
Rotterdam-Whse,SKU-448,0.4132066033016508,0.12781954887218044,2026-07-22 14:54:22
London-Whse,SKU-267,0.8899449724862432,0.45363408521303256,2026-07-24 14:54:22
Osaka-Whse,SKU-198,0.1345672836418209,0.08020050125313283,2026-07-28 14:54:22
Sydney-Whse,SKU-282,0.19859929964982492,0.5914786967418546,2026-07-19 14:54:22
Seattle-Whse,SKU-302,0.31915957978989495,0.23308270676691728,2026-08-02 14:54:22
Osaka-Whse,SKU-476,0.2256128064032016,0.9899749373433584,2026-07-21 14:54:22
Sydney-Whse,SKU-458,0.8959479739869936,0.706766917293233,2026-08-02 14:54:22
London-Whse,SKU-086,0.6738369184592297,0.40852130325814534,2026-07-30 14:54:22
Seattle-Whse,SKU-206,0.9659829914957478,0.3684210526315789,2026-07-30 14:54:22
Osaka-Whse,SKU-021,0.4732366183091546,0.3408521303258145,2026-08-02 14:54:22
Seattle-Whse,SKU-010,0.9219609804902451,0.11027568922305764,2026-07-23 14:54:22
Seattle-Whse,SKU-030,0.7358679339669835,0.5614035087719298,2026-08-10 14:54:22
Seattle-Whse,SKU-096,0.21410705352676337,0.040100250626566414,2026-07-15 14:54:22
Sydney-Whse,SKU-273,0.24912456228114058,0.46616541353383456,2026-07-29 14:54:22
London-Whse,SKU-138,0.49674837418709356,0.8421052631578947,2026-08-07 14:54:22
Osaka-Whse,SKU-291,0.471735867933967,0.14285714285714285,2026-07-24 14:54:22
Osaka-Whse,SKU-180,0.8469234617308654,0.6390977443609023,2026-08-07 14:54:22
Seattle-Whse,SKU-419,0.8449224612306153,0.9022556390977443,2026-07-16 14:54:22
Rotterdam-Whse,SKU-372,0.45972986493246626,0.9448621553884712,2026-07-20 14:54:22
Seattle-Whse,SKU-106,0.9269634817408704,0.9172932330827067,2026-07-25 14:54:22
Sydney-Whse,SKU-307,0.05102551275637819,0.6867167919799498,2026-08-07 14:54:22
Sydney-Whse,SKU-338,0.4452226113056528,0.08020050125313283,2026-07-31 14:54:22
Sydney-Whse,SKU-433,0.5482741370685342,0.8646616541353384,2026-07-22 14:54:22
Seattle-Whse,SKU-268,0.5877938969484743,0.9624060150375939,2026-08-08 14:54:22
London-Whse,SKU-348,0.49824912456228115,0.49122807017543857,2026-08-05 14:54:22
Seattle-Whse,SKU-415,0.30965482741370687,0.19548872180451127,2026-08-09 14:54:22
Seattle-Whse,SKU-366,0.08704352176088044,0.9172932330827067,2026-07-28 14:54:22
Rotterdam-Whse,SKU-107,0.8729364682341171,0.5037593984962406,2026-07-22 14:54:22
Osaka-Whse,SKU-041,0.9559779889944973,0.6466165413533834,2026-08-11 14:54:22
Sydney-Whse,SKU-203,0.16758379189594796,0.24561403508771928,2026-07-22 14:54:22
Seattle-Whse,SKU-203,0.7668834417208604,0.23558897243107768,2026-07-26 14:54:22
Seattle-Whse,SKU-041,0.11155577788894447,0.16541353383458646,2026-07-15 14:54:22
Osaka-Whse,SKU-069,0.9884942471235618,0.42606516290726815,2026-08-07 14:54:22
London-Whse,SKU-206,0.41570785392696347,0.9097744360902256,2026-07-24 14:54:22
Seattle-Whse,SKU-060,0.2271135567783892,0.8395989974937343,2026-07-15 14:54:22
London-Whse,SKU-455,0.0065032516258129065,0.6591478696741855,2026-07-16 14:54:22
Sydney-Whse,SKU-050,0.09304652326163082,0.14035087719298245,2026-08-09 14:54:22
Rotterdam-Whse,SKU-478,0.5287643821910956,0.06265664160401002,2026-07-17 14:54:22
Sydney-Whse,SKU-424,0.18509254627313657,0.21303258145363407,2026-08-03 14:54:22
Osaka-Whse,SKU-367,0.8679339669834918,0.2631578947368421,2026-08-05 14:54:22
Rotterdam-Whse,SKU-289,0.12856428214107055,0.5488721804511278,2026-07-29 14:54:22
Sydney-Whse,SKU-334,0.5412706353176588,0.899749373433584,2026-07-25 14:54:22
Seattle-Whse,SKU-295,0.6498249124562281,0.6416040100250626,2026-08-03 14:54:22
Seattle-Whse,SKU-235,0.02501250625312656,0.41353383458646614,2026-08-05 14:54:22
Sydney-Whse,SKU-271,0.2976488244122061,0.5739348370927319,2026-08-03 14:54:22
Osaka-Whse,SKU-054,0.8274137068534267,0.49373433583959897,2026-08-05 14:54:22
Seattle-Whse,SKU-198,0.06353176588294147,0.22807017543859648,2026-08-03 14:54:22
Rotterdam-Whse,SKU-227,0.2786393196598299,0.3333333333333333,2026-08-08 14:54:22
Sydney-Whse,SKU-425,0.7378689344672336,0.7944862155388471,2026-08-04 14:54:22
Osaka-Whse,SKU-398,0.29464732366183094,0.6040100250626567,2026-07-30 14:54:22
Rotterdam-Whse,SKU-006,0.9074537268634317,0.7944862155388471,2026-07-23 14:54:22
Seattle-Whse,SKU-084,0.8239119559779889,0.49373433583959897,2026-08-04 14:54:22
Sydney-Whse,SKU-028,0.5822911455727864,0.43107769423558895,2026-07-23 14:54:22
Osaka-Whse,SKU-465,0.8264132066033016,0.13283208020050125,2026-08-09 14:54:22
Sydney-Whse,SKU-231,0.6718359179589795,0.7694235588972431,2026-08-07 14:54:22
Rotterdam-Whse,SKU-087,0.39269634817408705,0.568922305764411,2026-07-23 14:54:22
London-Whse,SKU-379,0.8034017008504252,0.568922305764411,2026-08-02 14:54:22
Seattle-Whse,SKU-113,0.6583291645822912,0.7619047619047619,2026-08-09 14:54:22
Seattle-Whse,SKU-451,0.14507253626813407,0.020050125313283207,2026-08-07 14:54:22
London-Whse,SKU-312,0.05252626313156578,0.2756892230576441,2026-07-18 14:54:22
London-Whse,SKU-230,0.9314657328664332,0.17543859649122806,2026-07-20 14:54:22
London-Whse,SKU-445,0.7263631815907954,0.8771929824561403,2026-07-25 14:54:22
Osaka-Whse,SKU-103,0.10055027513756878,0.05513784461152882,2026-07-17 14:54:22
Sydney-Whse,SKU-264,0.48924462231115556,0.7117794486215538,2026-08-01 14:54:22
Sydney-Whse,SKU-390,0.3661830915457729,0.05764411027568922,2026-07-19 14:54:22
Osaka-Whse,SKU-499,0.31765882941470736,0.3533834586466165,2026-07-23 14:54:22
London-Whse,SKU-186,0.9539769884942472,0.5162907268170426,2026-08-07 14:54:22
Osaka-Whse,SKU-039,0.17358679339669836,0.16290726817042606,2026-07-30 14:54:22
Osaka-Whse,SKU-316,0.2526263131565783,0.9548872180451128,2026-08-03 14:54:22
London-Whse,SKU-133,0.8654327163581791,0.8045112781954887,2026-07-29 14:54:22
Osaka-Whse,SKU-232,0.0895447723861931,0.9548872180451128,2026-07-31 14:54:22
Seattle-Whse,SKU-029,0.759879939969985,0.41353383458646614,2026-08-06 14:54:22
Osaka-Whse,SKU-226,0.8359179589794897,0.46616541353383456,2026-07-20 14:54:22
Osaka-Whse,SKU-410,0.927463731865933,0.040100250626566414,2026-07-16 14:54:22
Osaka-Whse,SKU-192,0.7928964482241121,0.531328320802005,2026-08-06 14:54:22
Osaka-Whse,SKU-273,0.9529764882441221,0.11278195488721804,2026-08-02 14:54:22
London-Whse,SKU-306,0.21310655327663833,0.2932330827067669,2026-07-27 14:54:22
London-Whse,SKU-251,0.20110055027513757,0.5739348370927319,2026-07-18 14:54:22
Osaka-Whse,SKU-051,0.45672836418209106,0.9197994987468672,2026-07-17 14:54:22
Seattle-Whse,SKU-145,0.5412706353176588,0.48621553884711777,2026-07-21 14:54:22
London-Whse,SKU-026,0.727863931965983,0.03258145363408521,2026-07-17 14:54:22
Seattle-Whse,SKU-265,0.5152576288144072,0.5463659147869674,2026-07-15 14:54:22
London-Whse,SKU-401,0.7403701850925463,0.2681704260651629,2026-07-31 14:54:22
Rotterdam-Whse,SKU-124,0.8529264632316158,0.6416040100250626,2026-08-03 14:54:22
Sydney-Whse,SKU-162,0.017508754377188594,0.007518796992481203,2026-07-14 14:54:22
Rotterdam-Whse,SKU-400,0.8999499749874937,0.22556390977443608,2026-08-05 14:54:22
Osaka-Whse,SKU-140,0.08554277138569284,0.6491228070175439,2026-07-28 14:54:22
Seattle-Whse,SKU-198,0.2891445722861431,0.2932330827067669,2026-07-19 14:54:22
Sydney-Whse,SKU-006,0.560280140070035,0.17794486215538846,2026-08-11 14:54:22
Rotterdam-Whse,SKU-380,0.8969484742371185,0.09273182957393483,2026-08-04 14:54:22
Sydney-Whse,SKU-115,0.10455227613806903,0.7268170426065163,2026-08-01 14:54:22
Rotterdam-Whse,SKU-323,0.09354677338669334,0.37593984962406013,2026-08-11 14:54:22
Rotterdam-Whse,SKU-042,0.7508754377188595,0.48370927318295737,2026-07-17 14:54:22
Seattle-Whse,SKU-041,0.18459229614807404,0.047619047619047616,2026-08-03 14:54:22
Seattle-Whse,SKU-124,0.6133066533266633,0.19298245614035087,2026-07-25 14:54:22
Osaka-Whse,SKU-236,0.15907953976988495,0.49874686716791977,2026-07-14 14:54:22
Osaka-Whse,SKU-476,0.9959979989994997,0.6290726817042607,2026-07-23 14:54:22
Sydney-Whse,SKU-119,0.2001000500250125,0.9273182957393483,2026-07-17 14:54:22
Seattle-Whse,SKU-388,0.6843421710855427,0.015037593984962405,2026-07-26 14:54:22
Sydney-Whse,SKU-342,0.3196598299149575,0.9348370927318296,2026-07-15 14:54:22
Osaka-Whse,SKU-384,0.0025012506253126563,0.18295739348370926,2026-07-25 14:54:22
Osaka-Whse,SKU-022,0.22011005502751377,0.10025062656641603,2026-07-17 14:54:22
Osaka-Whse,SKU-258,0.7373686843421711,0.11779448621553884,2026-08-02 14:54:22
Rotterdam-Whse,SKU-202,0.8379189594797398,0.3533834586466165,2026-07-13 14:54:22
Seattle-Whse,SKU-316,0.23011505752876438,0.39348370927318294,2026-08-06 14:54:22
Rotterdam-Whse,SKU-321,0.5992996498249125,0.09523809523809523,2026-08-01 14:54:22
Seattle-Whse,SKU-485,0.8044022011005503,0.14285714285714285,2026-07-27 14:54:22
Rotterdam-Whse,SKU-474,0.3001500750375188,0.681704260651629,2026-08-06 14:54:22
Sydney-Whse,SKU-451,0.3031515757878939,0.38847117794486213,2026-08-03 14:54:22
London-Whse,SKU-499,0.7128564282141071,0.39849624060150374,2026-07-24 14:54:22
Sydney-Whse,SKU-172,0.5467733866933466,0.7969924812030075,2026-07-31 14:54:22
Osaka-Whse,SKU-431,0.7028514257128564,0.3609022556390977,2026-08-05 14:54:22
Rotterdam-Whse,SKU-391,0.671335667833917,0.2907268170426065,2026-07-18 14:54:22
Rotterdam-Whse,SKU-162,0.9224612306153076,0.8446115288220551,2026-07-27 14:54:22
London-Whse,SKU-043,0.10005002501250625,0.5764411027568922,2026-08-08 14:54:22
Rotterdam-Whse,SKU-094,0.37168584292146073,0.9072681704260651,2026-07-16 14:54:22
Sydney-Whse,SKU-436,0.5917958979489745,0.2807017543859649,2026-07-15 14:54:22
Osaka-Whse,SKU-094,0.9854927463731866,0.9849624060150376,2026-07-31 14:54:22
Seattle-Whse,SKU-482,0.48874437218609307,0.41604010025062654,2026-07-27 14:54:22
Sydney-Whse,SKU-452,0.5807903951975988,0.8696741854636592,2026-08-03 14:54:22
Osaka-Whse,SKU-256,0.8044022011005503,0.5338345864661654,2026-08-02 14:54:22
Rotterdam-Whse,SKU-461,0.8759379689844923,0.9924812030075187,2026-07-27 14:54:22
Sydney-Whse,SKU-345,0.9179589794897449,0.8721804511278195,2026-07-27 14:54:22
Osaka-Whse,SKU-210,0.21310655327663833,0.07769423558897243,2026-07-26 14:54:22
Osaka-Whse,SKU-226,0.8754377188594297,0.3057644110275689,2026-07-24 14:54:22
London-Whse,SKU-052,0.0895447723861931,0.7243107769423559,2026-07-16 14:54:22
Seattle-Whse,SKU-108,0.5747873936968484,0.6516290726817042,2026-08-10 14:54:22
Seattle-Whse,SKU-034,0.7308654327163582,0.6892230576441103,2026-07-29 14:54:22
Osaka-Whse,SKU-348,0.07253626813406704,0.10776942355889724,2026-08-05 14:54:22
Rotterdam-Whse,SKU-291,0.9994997498749375,0.9172932330827067,2026-08-05 14:54:22
Rotterdam-Whse,SKU-019,0.8754377188594297,0.5263157894736842,2026-07-14 14:54:22
Osaka-Whse,SKU-478,0.6273136568284142,0.8471177944862155,2026-08-07 14:54:22
Sydney-Whse,SKU-162,0.10755377688844422,0.6842105263157895,2026-08-08 14:54:22
London-Whse,SKU-456,0.5972986493246624,0.6290726817042607,2026-08-03 14:54:22
London-Whse,SKU-422,0.4542271135567784,0.3107769423558897,2026-07-21 14:54:22
Sydney-Whse,SKU-137,0.18259129564782392,0.2681704260651629,2026-08-08 14:54:22
Seattle-Whse,SKU-246,0.8504252126063031,0.47869674185463656,2026-08-09 14:54:22
London-Whse,SKU-296,0.583791895947974,0.9874686716791979,2026-07-16 14:54:22
Osaka-Whse,SKU-251,0.815407703851926,0.8847117794486216,2026-08-04 14:54:22
Seattle-Whse,SKU-381,0.5127563781890946,0.6165413533834586,2026-07-16 14:54:22
Sydney-Whse,SKU-427,0.0010005002501250625,0.8395989974937343,2026-08-11 14:54:22
Rotterdam-Whse,SKU-278,0.08754377188594298,0.7042606516290727,2026-07-19 14:54:22
Rotterdam-Whse,SKU-479,0.8269134567283641,0.8521303258145363,2026-07-18 14:54:22
Rotterdam-Whse,SKU-214,0.060030015007503754,0.15538847117794485,2026-08-11 14:54:22
Sydney-Whse,SKU-493,0.1375687843921961,0.07017543859649122,2026-08-01 14:54:22
Seattle-Whse,SKU-173,0.6338169084542271,0.8020050125313283,2026-08-09 14:54:22
London-Whse,SKU-081,0.6583291645822912,0.7343358395989975,2026-07-26 14:54:22
Osaka-Whse,SKU-235,0.9184592296148074,0.5513784461152882,2026-08-02 14:54:22
London-Whse,SKU-096,0.9024512256128064,0.07518796992481203,2026-07-15 14:54:22
London-Whse,SKU-116,0.5427713856928464,0.3634085213032581,2026-08-01 14:54:22
Osaka-Whse,SKU-053,0.20060030015007504,0.12531328320802004,2026-08-03 14:54:22
Sydney-Whse,SKU-481,0.43421710855427714,0.48621553884711777,2026-08-11 14:54:22
Rotterdam-Whse,SKU-379,0.32266133066533265,0.6691729323308271,2026-07-31 14:54:22
Seattle-Whse,SKU-219,0.25662831415707854,0.7719298245614035,2026-07-18 14:54:22
Rotterdam-Whse,SKU-494,0.6298149074537268,0.38847117794486213,2026-07-30 14:54:22
Sydney-Whse,SKU-229,0.8404202101050525,0.8120300751879699,2026-07-19 14:54:22
Seattle-Whse,SKU-314,0.6173086543271635,0.6491228070175439,2026-08-05 14:54:22
Seattle-Whse,SKU-235,0.018509254627313655,0.7518796992481203,2026-07-31 14:54:22
Seattle-Whse,SKU-293,0.8599299649824912,0.38596491228070173,2026-08-02 14:54:22
Rotterdam-Whse,SKU-489,0.8929464732366184,0.14285714285714285,2026-07-30 14:54:22
Rotterdam-Whse,SKU-017,0.7188594297148574,0.6340852130325815,2026-07-25 14:54:22
Sydney-Whse,SKU-240,0.6548274137068534,0.8646616541353384,2026-07-20 14:54:22
Rotterdam-Whse,SKU-438,0.1295647823911956,0.9573934837092731,2026-08-03 14:54:22
London-Whse,SKU-411,0.7698849424712356,0.6265664160401002,2026-07-22 14:54:22
London-Whse,SKU-322,0.37718859429714857,0.7368421052631579,2026-07-15 14:54:22
Osaka-Whse,SKU-417,0.6008004002001001,0.8195488721804511,2026-08-04 14:54:22
London-Whse,SKU-042,0.12056028014007003,0.8546365914786967,2026-07-16 14:54:22
London-Whse,SKU-459,0.33316658329164583,0.2957393483709273,2026-08-11 14:54:22
London-Whse,SKU-347,0.13156578289144572,0.3007518796992481,2026-07-29 14:54:22
Rotterdam-Whse,SKU-168,0.21710855427713857,0.6140350877192983,2026-08-08 14:54:22
Osaka-Whse,SKU-022,0.3566783391695848,0.16791979949874686,2026-08-04 14:54:22
Osaka-Whse,SKU-015,0.6438219109554777,0.42355889724310775,2026-08-05 14:54:22
Rotterdam-Whse,SKU-291,0.08404202101050526,0.11779448621553884,2026-07-29 14:54:22
London-Whse,SKU-353,0.631815907953977,0.7268170426065163,2026-07-16 14:54:22
Seattle-Whse,SKU-070,0.894447223611806,0.16290726817042606,2026-08-05 14:54:22
Sydney-Whse,SKU-477,0.935967983991996,0.7117794486215538,2026-07-21 14:54:22
Sydney-Whse,SKU-202,0.8019009504752376,0.06015037593984962,2026-07-19 14:54:22
Sydney-Whse,SKU-397,0.16808404202101052,0.8571428571428571,2026-08-05 14:54:22
Seattle-Whse,SKU-111,0.27913956978489246,0.44611528822055135,2026-08-08 14:54:22
Rotterdam-Whse,SKU-198,0.2766383191595798,0.8295739348370927,2026-07-17 14:54:22
Seattle-Whse,SKU-068,0.03451725862931466,0.2731829573934837,2026-07-13 14:54:22
Sydney-Whse,SKU-409,0.17508754377188596,0.05263157894736842,2026-07-22 14:54:22
Rotterdam-Whse,SKU-277,0.9674837418709354,0.48621553884711777,2026-08-07 14:54:22
Sydney-Whse,SKU-410,0.05502751375687844,0.5213032581453634,2026-08-06 14:54:22
Osaka-Whse,SKU-419,0.8929464732366184,0.8195488721804511,2026-07-23 14:54:22
Rotterdam-Whse,SKU-252,0.42771385692846425,0.5864661654135338,2026-08-04 14:54:22
Seattle-Whse,SKU-226,0.7778889444722361,0.24812030075187969,2026-08-10 14:54:22
Seattle-Whse,SKU-226,0.8384192096048024,0.3107769423558897,2026-07-21 14:54:22
Sydney-Whse,SKU-052,0.32266133066533265,0.7293233082706767,2026-07-18 14:54:22
Rotterdam-Whse,SKU-186,0.8874437218609305,0.45614035087719296,2026-08-09 14:54:22
London-Whse,SKU-378,0.3536768384192096,0.41353383458646614,2026-08-10 14:54:22
London-Whse,SKU-141,0.05502751375687844,0.6516290726817042,2026-07-15 14:54:22
Rotterdam-Whse,SKU-358,0.6483241620810405,0.46115288220551376,2026-07-15 14:54:22
Seattle-Whse,SKU-194,0.720360180090045,0.899749373433584,2026-07-14 14:54:22
London-Whse,SKU-338,0.6673336668334167,0.8220551378446115,2026-07-28 14:54:22
Sydney-Whse,SKU-350,0.16108054027013508,0.8822055137844611,2026-07-19 14:54:22
Sydney-Whse,SKU-398,0.32266133066533265,0.49122807017543857,2026-07-14 14:54:22
Sydney-Whse,SKU-187,0.2096048024012006,0.531328320802005,2026-07-31 14:54:22
Rotterdam-Whse,SKU-471,0.5507753876938469,0.9348370927318296,2026-08-02 14:54:22
Osaka-Whse,SKU-125,0.6698349174587294,0.7994987468671679,2026-07-16 14:54:22
Seattle-Whse,SKU-314,0.25662831415707854,0.8345864661654135,2026-08-05 14:54:22
Seattle-Whse,SKU-376,0.3616808404202101,0.017543859649122806,2026-07-19 14:54:22
London-Whse,SKU-164,0.9944972486243121,0.6716791979949874,2026-08-05 14:54:22
Seattle-Whse,SKU-262,0.6493246623311656,0.9674185463659147,2026-08-03 14:54:22
Sydney-Whse,SKU-028,0.4607303651825913,0.11528822055137844,2026-08-04 14:54:22
Seattle-Whse,SKU-055,0.5087543771885943,0.19548872180451127,2026-08-11 14:54:22
London-Whse,SKU-438,0.6608304152076038,0.6491228070175439,2026-08-04 14:54:22
London-Whse,SKU-010,0.8259129564782391,0.39348370927318294,2026-08-08 14:54:22
London-Whse,SKU-202,0.060030015007503754,0.3458646616541353,2026-08-10 14:54:22
Rotterdam-Whse,SKU-492,0.6418209104552276,0.10776942355889724,2026-07-27 14:54:22
Rotterdam-Whse,SKU-098,0.7808904452226113,0.8972431077694235,2026-08-06 14:54:22
Seattle-Whse,SKU-239,0.23711855927963982,0.02756892230576441,2026-07-30 14:54:22
Seattle-Whse,SKU-001,0.7063531765882941,0.8170426065162907,2026-07-25 14:54:22
Osaka-Whse,SKU-010,0.4782391195597799,0.09774436090225563,2026-07-31 14:54:22
London-Whse,SKU-278,0.33316658329164583,0.20300751879699247,2026-08-07 14:54:22
Seattle-Whse,SKU-052,0.87943971985993,0.9197994987468672,2026-07-21 14:54:22
Rotterdam-Whse,SKU-294,0.3936968484242121,0.8345864661654135,2026-07-23 14:54:22
Sydney-Whse,SKU-110,0.7828914457228614,0.2656641604010025,2026-07-22 14:54:22
Seattle-Whse,SKU-340,0.4192096048024012,0.7969924812030075,2026-08-07 14:54:22
Sydney-Whse,SKU-207,0.49224612306153076,0.8320802005012531,2026-07-31 14:54:22
Osaka-Whse,SKU-218,0.16908454227113556,0.14035087719298245,2026-07-19 14:54:22
Rotterdam-Whse,SKU-234,0.5202601300650325,0.9197994987468672,2026-08-07 14:54:22
Sydney-Whse,SKU-132,0.12356178089044523,0.37343358395989973,2026-08-02 14:54:22
Sydney-Whse,SKU-217,0.5147573786893447,0.39348370927318294,2026-07-14 14:54:22
Rotterdam-Whse,SKU-395,0.8934467233616809,0.7593984962406015,2026-07-29 14:54:22
Rotterdam-Whse,SKU-403,0.9389694847423712,0.8696741854636592,2026-07-16 14:54:22
London-Whse,SKU-452,0.6263131565782891,0.45363408521303256,2026-07-18 14:54:22
Rotterdam-Whse,SKU-145,0.02451225612806403,0.24812030075187969,2026-07-20 14:54:22
Osaka-Whse,SKU-220,0.8374187093546773,0.9448621553884712,2026-07-29 14:54:22
Sydney-Whse,SKU-344,0.3806903451725863,0.8395989974937343,2026-07-15 14:54:22
London-Whse,SKU-489,0.927463731865933,0.8972431077694235,2026-08-02 14:54:22
Sydney-Whse,SKU-475,0.7763881940970485,0.12280701754385964,2026-07-18 14:54:22
Osaka-Whse,SKU-391,0.7013506753376688,0.5664160401002506,2026-07-28 14:54:22
Sydney-Whse,SKU-017,0.5022511255627814,0.8646616541353384,2026-08-09 14:54:22
Rotterdam-Whse,SKU-340,0.5537768884442221,0.49122807017543857,2026-08-03 14:54:22
Osaka-Whse,SKU-221,0.9334667333666833,0.5864661654135338,2026-07-27 14:54:22
Rotterdam-Whse,SKU-322,0.2671335667833917,0.531328320802005,2026-08-02 14:54:22
Rotterdam-Whse,SKU-324,0.04202101050525263,0.5714285714285714,2026-07-20 14:54:22
Rotterdam-Whse,SKU-268,0.05552776388194097,0.2882205513784461,2026-07-22 14:54:22
London-Whse,SKU-084,0.8234117058529264,0.49874686716791977,2026-07-16 14:54:22
Sydney-Whse,SKU-317,0.21210605302651325,0.05012531328320802,2026-07-27 14:54:22
Rotterdam-Whse,SKU-300,0.4032016008004002,0.3558897243107769,2026-07-28 14:54:22
London-Whse,SKU-373,0.8809404702351176,0.017543859649122806,2026-07-15 14:54:22
Sydney-Whse,SKU-478,0.41720860430215106,0.87468671679198,2026-07-14 14:54:22
Seattle-Whse,SKU-254,0.551775887943972,0.7443609022556391,2026-07-17 14:54:22
Osaka-Whse,SKU-414,0.6613306653326664,0.7042606516290727,2026-07-31 14:54:22
Rotterdam-Whse,SKU-069,0.42021010505252626,0.02506265664160401,2026-07-28 14:54:22
Seattle-Whse,SKU-427,0.4222111055527764,0.5213032581453634,2026-07-20 14:54:22
Rotterdam-Whse,SKU-423,0.03601800900450225,0.5238095238095238,2026-07-20 14:54:22
Osaka-Whse,SKU-094,0.4687343671835918,0.5889724310776943,2026-07-17 14:54:22
Osaka-Whse,SKU-213,0.8319159579789895,0.581453634085213,2026-08-03 14:54:22
Osaka-Whse,SKU-289,0.2771385692846423,0.6741854636591479,2026-07-20 14:54:22
Osaka-Whse,SKU-394,0.013506753376688344,0.6741854636591479,2026-07-24 14:54:22
Osaka-Whse,SKU-074,0.8404202101050525,0.40350877192982454,2026-07-21 14:54:22
Osaka-Whse,SKU-498,0.7208604302151076,0.5263157894736842,2026-07-19 14:54:22
London-Whse,SKU-423,0.060030015007503754,0.43107769423558895,2026-08-10 14:54:22
Seattle-Whse,SKU-262,0.391695847923962,0.2706766917293233,2026-07-20 14:54:22
Osaka-Whse,SKU-014,0.6648324162081041,0.7919799498746867,2026-08-08 14:54:22
Sydney-Whse,SKU-053,0.7588794397198599,0.11779448621553884,2026-07-28 14:54:22
Rotterdam-Whse,SKU-258,0.4272136068034017,0.6992481203007519,2026-07-13 14:54:22
Osaka-Whse,SKU-324,0.9354677338669335,0.02756892230576441,2026-07-16 14:54:22
Rotterdam-Whse,SKU-323,0.07953976988494248,0.08771929824561403,2026-07-22 14:54:22
Osaka-Whse,SKU-378,0.6348174087043522,0.9824561403508771,2026-07-31 14:54:22
London-Whse,SKU-315,0.2036018009004502,0.9573934837092731,2026-07-29 14:54:22
Seattle-Whse,SKU-041,0.29364682341170584,0.5037593984962406,2026-08-01 14:54:22
Osaka-Whse,SKU-095,0.2696348174087044,0.3583959899749373,2026-07-16 14:54:22
Seattle-Whse,SKU-342,0.2541270635317659,0.0,2026-07-21 14:54:22
Osaka-Whse,SKU-204,0.3491745872936468,0.9373433583959899,2026-07-20 14:54:22
London-Whse,SKU-372,0.76088044022011,0.8295739348370927,2026-07-16 14:54:22
Seattle-Whse,SKU-380,0.2531265632816408,0.9072681704260651,2026-08-10 14:54:22
London-Whse,SKU-095,0.28864432216108055,0.44110275689223055,2026-07-18 14:54:22
Rotterdam-Whse,SKU-156,0.9949974987493747,0.045112781954887216,2026-07-23 14:54:22
Osaka-Whse,SKU-273,0.6108054027013506,0.19548872180451127,2026-07-21 14:54:22
Seattle-Whse,SKU-226,0.8984492246123061,0.6115288220551378,2026-07-20 14:54:22
Sydney-Whse,SKU-236,0.06253126563281641,0.6641604010025063,2026-08-08 14:54:22
London-Whse,SKU-367,0.1965982991495748,0.7894736842105263,2026-07-13 14:54:22
Osaka-Whse,SKU-408,0.4182091045522761,0.03007518796992481,2026-08-08 14:54:22
Seattle-Whse,SKU-146,0.5932966483241621,0.556390977443609,2026-07-19 14:54:22
Rotterdam-Whse,SKU-388,0.08404202101050526,0.06265664160401002,2026-07-14 14:54:22
London-Whse,SKU-250,0.4687343671835918,0.022556390977443608,2026-08-03 14:54:22
Osaka-Whse,SKU-457,0.768384192096048,0.45363408521303256,2026-07-27 14:54:22
Osaka-Whse,SKU-302,0.3261630815407704,0.5739348370927319,2026-07-29 14:54:22
Osaka-Whse,SKU-317,0.04552276138069034,0.3057644110275689,2026-07-23 14:54:22
Seattle-Whse,SKU-064,0.42171085542771386,0.5463659147869674,2026-08-01 14:54:22
Sydney-Whse,SKU-247,0.4817408704352176,0.14035087719298245,2026-07-30 14:54:22
Sydney-Whse,SKU-038,0.09054527263631816,0.40852130325814534,2026-07-22 14:54:22
Rotterdam-Whse,SKU-377,0.06253126563281641,0.5162907268170426,2026-08-01 14:54:22
Osaka-Whse,SKU-411,0.8114057028514257,0.3609022556390977,2026-07-17 14:54:22
London-Whse,SKU-471,0.3046523261630815,0.7218045112781954,2026-08-07 14:54:22
Rotterdam-Whse,SKU-500,0.4242121060530265,0.7944862155388471,2026-08-11 14:54:22
Sydney-Whse,SKU-451,0.9409704852426213,0.518796992481203,2026-07-27 14:54:22
London-Whse,SKU-489,0.31615807903951976,0.3533834586466165,2026-07-31 14:54:22
Osaka-Whse,SKU-347,0.28414207103551775,0.7593984962406015,2026-07-26 14:54:22
London-Whse,SKU-132,0.2961480740370185,0.8822055137844611,2026-07-13 14:54:22
Seattle-Whse,SKU-341,0.6163081540770385,0.606516290726817,2026-07-20 14:54:22
Osaka-Whse,SKU-340,0.43271635817908954,0.581453634085213,2026-07-15 14:54:22
Seattle-Whse,SKU-172,0.3506753376688344,0.07518796992481203,2026-07-30 14:54:22
Sydney-Whse,SKU-077,0.0750375187593797,0.3533834586466165,2026-08-05 14:54:22
Osaka-Whse,SKU-396,0.4767383691845923,0.3182957393483709,2026-07-15 14:54:22
Seattle-Whse,SKU-280,0.9144572286143071,0.07017543859649122,2026-07-23 14:54:22
Osaka-Whse,SKU-018,0.06503251625812906,0.6716791979949874,2026-08-02 14:54:22
Sydney-Whse,SKU-450,0.7973986993496749,0.22807017543859648,2026-07-27 14:54:22
London-Whse,SKU-051,0.5782891445722862,0.41604010025062654,2026-08-03 14:54:22
Sydney-Whse,SKU-136,0.36868434217108553,0.45864661654135336,2026-07-18 14:54:22
Rotterdam-Whse,SKU-436,0.40970485242621313,0.9774436090225563,2026-07-14 14:54:22
London-Whse,SKU-480,0.49024512256128067,0.7568922305764411,2026-07-25 14:54:22
Osaka-Whse,SKU-443,0.24462231115557778,0.3308270676691729,2026-07-31 14:54:22
Osaka-Whse,SKU-250,0.542271135567784,0.12280701754385964,2026-07-15 14:54:22
London-Whse,SKU-223,0.7308654327163582,0.42857142857142855,2026-07-19 14:54:22
London-Whse,SKU-225,0.2111055527763882,0.9899749373433584,2026-08-05 14:54:22
Seattle-Whse,SKU-244,0.03901950975487744,0.8571428571428571,2026-07-31 14:54:22
Sydney-Whse,SKU-022,0.2736368184092046,0.8245614035087719,2026-07-15 14:54:22
Rotterdam-Whse,SKU-248,0.4622311155577789,0.6516290726817042,2026-08-08 14:54:22
Rotterdam-Whse,SKU-015,0.7508754377188595,0.46867167919799496,2026-07-17 14:54:22
Sydney-Whse,SKU-103,0.014007003501750876,0.8546365914786967,2026-08-09 14:54:22
Seattle-Whse,SKU-062,0.47723861930965483,0.11779448621553884,2026-07-28 14:54:22
Osaka-Whse,SKU-035,0.7908954477238619,0.08020050125313283,2026-08-05 14:54:22
Osaka-Whse,SKU-266,0.8759379689844923,0.5413533834586466,2026-07-27 14:54:22
London-Whse,SKU-219,0.06253126563281641,0.924812030075188,2026-08-06 14:54:22
Rotterdam-Whse,SKU-319,0.6643321660830416,0.49874686716791977,2026-07-22 14:54:22
Seattle-Whse,SKU-211,0.9449724862431216,0.09523809523809523,2026-08-01 14:54:22
Sydney-Whse,SKU-362,0.18309154577288644,0.45112781954887216,2026-08-05 14:54:22
London-Whse,SKU-070,0.9244622311155578,0.18796992481203006,2026-08-09 14:54:22
London-Whse,SKU-489,0.6288144072036018,0.7944862155388471,2026-07-30 14:54:22
Osaka-Whse,SKU-294,0.6858429214607303,0.24561403508771928,2026-07-31 14:54:22
Seattle-Whse,SKU-425,0.9494747373686844,0.8947368421052632,2026-08-10 14:54:22
Seattle-Whse,SKU-409,0.9214607303651826,0.12280701754385964,2026-07-31 14:54:22
Sydney-Whse,SKU-075,0.9009504752376188,0.47117794486215536,2026-07-20 14:54:22
Rotterdam-Whse,SKU-492,0.2896448224112056,0.42355889724310775,2026-08-10 14:54:22
London-Whse,SKU-284,0.8214107053526764,0.9147869674185464,2026-07-28 14:54:22
Osaka-Whse,SKU-253,0.11755877938969485,0.23057644110275688,2026-08-10 14:54:22
Osaka-Whse,SKU-481,0.7138569284642321,0.7568922305764411,2026-07-13 14:54:22
Osaka-Whse,SKU-282,0.6818409204602301,0.0,2026-08-11 14:54:22
Seattle-Whse,SKU-097,0.8114057028514257,0.8270676691729323,2026-07-15 14:54:22
London-Whse,SKU-364,0.7753876938469234,0.3533834586466165,2026-07-20 14:54:22
Seattle-Whse,SKU-289,0.29064532266133064,0.7794486215538847,2026-07-20 14:54:22
Osaka-Whse,SKU-387,0.15057528764382191,0.6290726817042607,2026-07-16 14:54:22
London-Whse,SKU-409,0.6313156578289144,0.040100250626566414,2026-07-15 14:54:22
Sydney-Whse,SKU-279,0.8844422211105553,1.0,2026-07-17 14:54:22
Seattle-Whse,SKU-186,0.471735867933967,0.20551378446115287,2026-07-20 14:54:22
Seattle-Whse,SKU-062,0.7123561780890445,0.8947368421052632,2026-07-16 14:54:22
Osaka-Whse,SKU-149,0.735367683841921,0.43358395989974935,2026-07-20 14:54:22
Osaka-Whse,SKU-304,0.05102551275637819,0.06766917293233082,2026-07-23 14:54:22
London-Whse,SKU-134,0.029014507253626812,0.22305764411027568,2026-08-06 14:54:22
Seattle-Whse,SKU-438,0.28564282141070535,0.3609022556390977,2026-08-04 14:54:22
Osaka-Whse,SKU-371,0.5737868934467234,0.531328320802005,2026-07-21 14:54:22
London-Whse,SKU-340,0.609304652326163,0.14035087719298245,2026-08-08 14:54:22
Seattle-Whse,SKU-377,0.3411705852926463,0.7493734335839599,2026-07-13 14:54:22
Rotterdam-Whse,SKU-083,0.41420710355177587,0.23308270676691728,2026-08-01 14:54:22
Sydney-Whse,SKU-376,0.592296148074037,0.2531328320802005,2026-07-21 14:54:22
Seattle-Whse,SKU-112,0.28864432216108055,0.2731829573934837,2026-07-19 14:54:22
Osaka-Whse,SKU-433,0.8419209604802401,0.6040100250626567,2026-07-24 14:54:22
Osaka-Whse,SKU-286,0.49224612306153076,0.007518796992481203,2026-08-11 14:54:22
London-Whse,SKU-142,0.9249624812406203,0.6666666666666666,2026-07-16 14:54:22
Seattle-Whse,SKU-302,0.013506753376688344,0.03759398496240601,2026-08-02 14:54:22
London-Whse,SKU-396,0.6138069034517258,0.47368421052631576,2026-08-10 14:54:22
London-Whse,SKU-431,0.9994997498749375,0.6942355889724311,2026-07-27 14:54:22
Rotterdam-Whse,SKU-257,0.026013006503251626,0.47869674185463656,2026-07-31 14:54:22
Rotterdam-Whse,SKU-422,0.35117558779389696,0.9273182957393483,2026-07-26 14:54:22
Seattle-Whse,SKU-405,0.7263631815907954,0.9924812030075187,2026-08-10 14:54:22
Osaka-Whse,SKU-043,0.8629314657328664,0.22055137844611528,2026-07-15 14:54:22
Seattle-Whse,SKU-026,0.5612806403201601,0.15037593984962405,2026-07-14 14:54:22
Osaka-Whse,SKU-375,0.4147073536768384,0.5614035087719298,2026-07-25 14:54:22
Seattle-Whse,SKU-188,0.7083541770885443,0.10776942355889724,2026-07-19 14:54:22
Rotterdam-Whse,SKU-098,0.9444722361180591,0.22556390977443608,2026-07-16 14:54:22
Seattle-Whse,SKU-141,0.7188594297148574,0.7719298245614035,2026-07-15 14:54:22
Rotterdam-Whse,SKU-298,0.9729864932466233,0.46616541353383456,2026-08-07 14:54:22
Rotterdam-Whse,SKU-463,0.42971485742871435,0.005012531328320802,2026-08-03 14:54:22
Sydney-Whse,SKU-257,0.608304152076038,0.2857142857142857,2026-08-06 14:54:22
Rotterdam-Whse,SKU-382,0.92096048024012,0.8395989974937343,2026-08-11 14:54:22
Rotterdam-Whse,SKU-224,0.9329664832416208,0.7969924812030075,2026-07-18 14:54:22
Osaka-Whse,SKU-333,0.9579789894947474,0.3208020050125313,2026-08-09 14:54:22
Sydney-Whse,SKU-496,0.8914457228614308,0.46365914786967416,2026-07-23 14:54:22
Seattle-Whse,SKU-340,0.3796898449224612,0.3308270676691729,2026-08-04 14:54:22
London-Whse,SKU-480,0.864432216108054,0.14035087719298245,2026-07-19 14:54:22
Sydney-Whse,SKU-060,0.8009004502251126,0.556390977443609,2026-07-28 14:54:22
Rotterdam-Whse,SKU-026,0.19609804902451225,0.7669172932330827,2026-07-13 14:54:22
Sydney-Whse,SKU-254,0.9154577288644322,0.8095238095238095,2026-08-04 14:54:22
London-Whse,SKU-405,0.3826913456728364,0.24060150375939848,2026-07-17 14:54:22
Rotterdam-Whse,SKU-085,0.759879939969985,0.5338345864661654,2026-07-26 14:54:22
Seattle-Whse,SKU-443,0.44772386193096547,0.2506265664160401,2026-07-17 14:54:22
Osaka-Whse,SKU-141,0.0415207603801901,0.5162907268170426,2026-08-06 14:54:22
Osaka-Whse,SKU-356,0.47423711855927964,0.7543859649122807,2026-07-18 14:54:22
Sydney-Whse,SKU-217,0.2836418209104552,0.07017543859649122,2026-07-28 14:54:22
London-Whse,SKU-142,0.7378689344672336,0.2531328320802005,2026-08-05 14:54:22
Sydney-Whse,SKU-401,0.3341670835417709,0.20050125313283207,2026-08-08 14:54:22
Rotterdam-Whse,SKU-218,0.44172086043021513,0.5914786967418546,2026-07-14 14:54:22
Seattle-Whse,SKU-002,0.2866433216608304,0.047619047619047616,2026-07-20 14:54:22
Osaka-Whse,SKU-440,0.9409704852426213,0.44862155388471175,2026-07-18 14:54:22
Seattle-Whse,SKU-295,0.8884442221110556,0.6265664160401002,2026-08-02 14:54:22
Rotterdam-Whse,SKU-409,0.3106553276638319,0.06766917293233082,2026-07-17 14:54:22
London-Whse,SKU-061,0.5407703851925963,0.7493734335839599,2026-07-26 14:54:22
Rotterdam-Whse,SKU-252,0.7153576788394197,0.6390977443609023,2026-07-14 14:54:22
Seattle-Whse,SKU-079,0.17008504252126064,0.7343358395989975,2026-07-13 14:54:22
Rotterdam-Whse,SKU-288,0.4942471235617809,0.5338345864661654,2026-07-23 14:54:22
London-Whse,SKU-449,0.10505252626313157,0.42606516290726815,2026-07-17 14:54:22
Osaka-Whse,SKU-164,0.19459729864932465,0.15288220551378445,2026-07-21 14:54:22
Sydney-Whse,SKU-073,0.24512256128064033,0.9598997493734336,2026-07-15 14:54:22
Sydney-Whse,SKU-320,0.344672336168084,0.12781954887218044,2026-07-26 14:54:22
London-Whse,SKU-077,0.05902951475737869,0.5213032581453634,2026-07-21 14:54:22
Osaka-Whse,SKU-138,0.3181590795397699,0.38095238095238093,2026-07-25 14:54:22
Seattle-Whse,SKU-236,0.03901950975487744,0.14536340852130325,2026-07-16 14:54:22
Rotterdam-Whse,SKU-314,0.542271135567784,0.2932330827067669,2026-07-28 14:54:22
Sydney-Whse,SKU-327,0.8534267133566783,0.6090225563909775,2026-07-27 14:54:22
Rotterdam-Whse,SKU-088,0.32216108054027015,0.09523809523809523,2026-07-27 14:54:22
London-Whse,SKU-221,0.9364682341170585,0.6867167919799498,2026-07-15 14:54:22
Osaka-Whse,SKU-463,0.7163581790895448,0.3558897243107769,2026-07-16 14:54:22
London-Whse,SKU-478,0.8424212106053026,0.43609022556390975,2026-08-09 14:54:22
London-Whse,SKU-134,0.8259129564782391,0.8922305764411027,2026-08-01 14:54:22
London-Whse,SKU-295,0.22811405702851426,0.3634085213032581,2026-07-29 14:54:22
London-Whse,SKU-255,0.21160580290145073,0.7293233082706767,2026-07-15 14:54:22
Rotterdam-Whse,SKU-350,0.7328664332166083,0.606516290726817,2026-07-28 14:54:22
London-Whse,SKU-254,0.48574287143571787,0.6441102756892231,2026-08-03 14:54:22
Rotterdam-Whse,SKU-129,0.21460730365182593,0.46867167919799496,2026-07-15 14:54:22
Sydney-Whse,SKU-125,0.6043021510755378,0.09022556390977443,2026-08-05 14:54:22
Osaka-Whse,SKU-142,0.496248124062031,0.3333333333333333,2026-07-14 14:54:22
Sydney-Whse,SKU-394,0.6558279139569785,0.974937343358396,2026-08-10 14:54:22
Seattle-Whse,SKU-283,0.9239619809904952,0.03258145363408521,2026-07-20 14:54:22
Osaka-Whse,SKU-469,0.43621810905452724,0.7017543859649122,2026-07-22 14:54:22
Rotterdam-Whse,SKU-163,0.3471735867933967,0.46365914786967416,2026-08-08 14:54:22
Sydney-Whse,SKU-484,0.48624312156078037,0.020050125313283207,2026-07-15 14:54:22
Rotterdam-Whse,SKU-266,0.8434217108554277,0.37092731829573933,2026-07-17 14:54:22
Sydney-Whse,SKU-126,0.0010005002501250625,0.46616541353383456,2026-08-01 14:54:22
Rotterdam-Whse,SKU-263,0.7173586793396698,0.47368421052631576,2026-08-02 14:54:22
Seattle-Whse,SKU-260,0.3646823411705853,0.3383458646616541,2026-07-23 14:54:22
Seattle-Whse,SKU-005,0.991495747873937,0.9223057644110275,2026-08-03 14:54:22
Sydney-Whse,SKU-484,0.4112056028014007,0.16541353383458646,2026-08-04 14:54:22
Sydney-Whse,SKU-005,0.3921960980490245,0.9172932330827067,2026-07-17 14:54:22
Rotterdam-Whse,SKU-360,0.0560280140070035,0.22807017543859648,2026-08-08 14:54:22
London-Whse,SKU-284,0.3001500750375188,0.44360902255639095,2026-08-08 14:54:22
Osaka-Whse,SKU-067,0.5727863931965983,0.39598997493734334,2026-08-07 14:54:22
London-Whse,SKU-183,0.7543771885942971,0.8922305764411027,2026-08-08 14:54:22
Seattle-Whse,SKU-230,0.9169584792396198,0.5463659147869674,2026-07-21 14:54:22
Seattle-Whse,SKU-304,0.021010505252626314,0.8947368421052632,2026-07-23 14:54:22
Osaka-Whse,SKU-198,0.8564282141070535,0.18796992481203006,2026-07-26 14:54:22
Sydney-Whse,SKU-150,0.29664832416208103,0.022556390977443608,2026-07-19 14:54:22
London-Whse,SKU-140,0.6418209104552276,0.9548872180451128,2026-08-07 14:54:22
Osaka-Whse,SKU-228,0.9894947473736868,0.8395989974937343,2026-08-07 14:54:22
Osaka-Whse,SKU-083,0.5147573786893447,0.37844611528822053,2026-07-22 14:54:22
Osaka-Whse,SKU-167,0.7468734367183592,0.19298245614035087,2026-07-15 14:54:22
Osaka-Whse,SKU-062,0.19009504752376188,0.6942355889724311,2026-07-18 14:54:22
Rotterdam-Whse,SKU-398,0.271135567783892,0.007518796992481203,2026-07-30 14:54:22
Sydney-Whse,SKU-099,0.09554777388694347,0.8320802005012531,2026-07-23 14:54:22
Rotterdam-Whse,SKU-207,0.31315657828914456,0.6290726817042607,2026-07-23 14:54:22
Sydney-Whse,SKU-356,0.9629814907453726,0.631578947368421,2026-07-28 14:54:22
London-Whse,SKU-262,0.16058029014507252,0.9974937343358395,2026-07-31 14:54:22
London-Whse,SKU-169,0.0030015007503751876,0.05263157894736842,2026-08-04 14:54:22
London-Whse,SKU-106,0.06903451725862932,0.9649122807017544,2026-07-13 14:54:22
London-Whse,SKU-437,0.3001500750375188,0.38095238095238093,2026-08-03 14:54:22
Sydney-Whse,SKU-238,0.49374687343671836,0.8045112781954887,2026-07-22 14:54:22
Rotterdam-Whse,SKU-305,0.5157578789394698,0.5162907268170426,2026-07-16 14:54:22
Osaka-Whse,SKU-284,0.32516258129064535,0.11278195488721804,2026-07-13 14:54:22
Sydney-Whse,SKU-170,0.27163581790895447,0.37343358395989973,2026-07-29 14:54:22
Sydney-Whse,SKU-021,0.45872936468234116,0.7243107769423559,2026-08-02 14:54:22
Seattle-Whse,SKU-065,0.04352176088044022,0.8070175438596491,2026-08-01 14:54:22
Rotterdam-Whse,SKU-425,0.5822911455727864,0.9348370927318296,2026-08-08 14:54:22
London-Whse,SKU-279,0.16258129064532267,0.10025062656641603,2026-07-25 14:54:22
London-Whse,SKU-090,0.496248124062031,0.6390977443609023,2026-08-11 14:54:22
Seattle-Whse,SKU-308,0.3281640820410205,0.7669172932330827,2026-08-09 14:54:22
Seattle-Whse,SKU-291,0.12406203101550775,0.8095238095238095,2026-07-16 14:54:22
London-Whse,SKU-059,0.5102551275637819,0.6716791979949874,2026-07-13 14:54:22
London-Whse,SKU-003,0.2661330665332666,0.2581453634085213,2026-08-11 14:54:22
Osaka-Whse,SKU-269,0.4832416208104052,0.8320802005012531,2026-07-26 14:54:22
Sydney-Whse,SKU-096,0.04602301150575288,0.11027568922305764,2026-07-13 14:54:22
Rotterdam-Whse,SKU-270,0.21810905452726362,0.022556390977443608,2026-08-04 14:54:22
Rotterdam-Whse,SKU-375,0.7773886943471736,0.02756892230576441,2026-07-22 14:54:22
Osaka-Whse,SKU-250,0.8899449724862432,0.8446115288220551,2026-07-20 14:54:22
Rotterdam-Whse,SKU-265,0.2531265632816408,0.3333333333333333,2026-08-11 14:54:22
Osaka-Whse,SKU-488,0.4302151075537769,0.44110275689223055,2026-08-09 14:54:22
Rotterdam-Whse,SKU-030,0.6573286643321661,0.15538847117794485,2026-08-05 14:54:22
Rotterdam-Whse,SKU-028,0.5847923961980991,0.7192982456140351,2026-08-07 14:54:22
London-Whse,SKU-162,0.46323161580790395,0.2731829573934837,2026-08-11 14:54:22
London-Whse,SKU-398,0.6473236618309155,0.46867167919799496,2026-07-23 14:54:22
London-Whse,SKU-177,0.817408704352176,0.6165413533834586,2026-08-08 14:54:22
Osaka-Whse,SKU-408,0.7173586793396698,0.7218045112781954,2026-07-14 14:54:22
Seattle-Whse,SKU-069,0.32866433216608304,0.11027568922305764,2026-07-29 14:54:22
London-Whse,SKU-291,0.12306153076538269,0.974937343358396,2026-07-16 14:54:22
London-Whse,SKU-203,0.5162581290645323,0.44862155388471175,2026-07-15 14:54:22
Rotterdam-Whse,SKU-103,0.6348174087043522,0.21052631578947367,2026-08-02 14:54:22
Sydney-Whse,SKU-345,0.8139069534767384,0.7293233082706767,2026-07-26 14:54:22
Osaka-Whse,SKU-348,0.3381690845422711,0.631578947368421,2026-07-26 14:54:22
Seattle-Whse,SKU-481,0.09154577288644322,0.7243107769423559,2026-07-18 14:54:22
Rotterdam-Whse,SKU-179,0.19609804902451225,0.047619047619047616,2026-07-20 14:54:22
Rotterdam-Whse,SKU-485,0.5022511255627814,0.16791979949874686,2026-07-30 14:54:22
London-Whse,SKU-381,0.29214607303651824,0.5162907268170426,2026-07-22 14:54:22
Seattle-Whse,SKU-253,0.06603301650825413,0.49122807017543857,2026-07-18 14:54:22
Sydney-Whse,SKU-245,0.783391695847924,0.7243107769423559,2026-08-03 14:54:22
Rotterdam-Whse,SKU-495,0.5457728864432216,0.5363408521303258,2026-07-17 14:54:22
Sydney-Whse,SKU-027,0.8534267133566783,0.6115288220551378,2026-07-29 14:54:22
Sydney-Whse,SKU-274,0.6558279139569785,0.6215538847117794,2026-08-10 14:54:22
Seattle-Whse,SKU-491,0.5217608804402201,0.7343358395989975,2026-08-11 14:54:22
Sydney-Whse,SKU-438,0.8924462231115557,0.9949874686716792,2026-07-18 14:54:22
Seattle-Whse,SKU-222,0.8734367183591796,0.47117794486215536,2026-07-23 14:54:22
Osaka-Whse,SKU-264,0.6513256628314157,0.18045112781954886,2026-08-07 14:54:22
Osaka-Whse,SKU-245,0.886943471735868,0.042606516290726815,2026-07-30 14:54:22
London-Whse,SKU-143,0.25012506253126565,0.03508771929824561,2026-07-14 14:54:22
Seattle-Whse,SKU-279,0.8754377188594297,0.6215538847117794,2026-07-21 14:54:22
Sydney-Whse,SKU-288,0.23761880940470234,0.924812030075188,2026-08-11 14:54:22
Rotterdam-Whse,SKU-013,0.1855927963981991,0.5488721804511278,2026-08-03 14:54:22
Seattle-Whse,SKU-432,0.46923461730865434,0.8070175438596491,2026-07-26 14:54:22
Osaka-Whse,SKU-288,0.6763381690845423,0.9022556390977443,2026-07-27 14:54:22
London-Whse,SKU-385,0.7323661830915458,0.9223057644110275,2026-08-02 14:54:22
London-Whse,SKU-325,0.6278139069534767,0.531328320802005,2026-08-07 14:54:22
London-Whse,SKU-249,0.6703351675837919,0.6591478696741855,2026-07-18 14:54:22
Sydney-Whse,SKU-170,0.7198599299649825,0.38847117794486213,2026-08-06 14:54:22
Osaka-Whse,SKU-432,0.5387693846923461,0.42355889724310775,2026-08-08 14:54:22
Osaka-Whse,SKU-415,0.992496248124062,0.6466165413533834,2026-07-16 14:54:22
Sydney-Whse,SKU-159,0.27013506753376687,0.14035087719298245,2026-07-31 14:54:22
Seattle-Whse,SKU-437,0.3886943471735868,0.5739348370927319,2026-08-03 14:54:22
Seattle-Whse,SKU-108,0.17808904452226113,0.8796992481203008,2026-08-11 14:54:22
Osaka-Whse,SKU-110,0.8329164582291145,0.3057644110275689,2026-08-07 14:54:22
Osaka-Whse,SKU-116,0.8829414707353677,0.731829573934837,2026-08-10 14:54:22
Seattle-Whse,SKU-317,0.11655827913956979,0.7393483709273183,2026-07-18 14:54:22
Rotterdam-Whse,SKU-166,0.40220110055027514,0.5238095238095238,2026-07-16 14:54:22
London-Whse,SKU-178,0.9769884942471235,0.10776942355889724,2026-08-04 14:54:22
London-Whse,SKU-222,0.4737368684342171,0.7769423558897243,2026-08-08 14:54:22
Seattle-Whse,SKU-233,0.6458229114557279,0.9949874686716792,2026-07-13 14:54:22
Rotterdam-Whse,SKU-006,0.02301150575287644,0.9273182957393483,2026-08-08 14:54:22
Seattle-Whse,SKU-059,0.7083541770885443,0.2957393483709273,2026-07-17 14:54:22
Seattle-Whse,SKU-172,0.7908954477238619,0.3558897243107769,2026-07-21 14:54:22
Sydney-Whse,SKU-176,0.9319659829914958,0.9598997493734336,2026-08-02 14:54:22
Seattle-Whse,SKU-035,0.20710355177588793,0.3283208020050125,2026-07-27 14:54:22
Rotterdam-Whse,SKU-153,0.9189594797398699,0.11779448621553884,2026-08-04 14:54:22
Osaka-Whse,SKU-263,0.815407703851926,0.7894736842105263,2026-08-09 14:54:22
London-Whse,SKU-144,0.9709854927463731,0.40852130325814534,2026-07-24 14:54:22
Osaka-Whse,SKU-068,0.5087543771885943,0.24310776942355888,2026-08-05 14:54:22
Seattle-Whse,SKU-206,0.14907453726863432,0.7192982456140351,2026-07-26 14:54:22
Sydney-Whse,SKU-384,0.3151575787893947,0.6741854636591479,2026-07-26 14:54:22
London-Whse,SKU-188,0.40970485242621313,0.48370927318295737,2026-08-05 14:54:22
London-Whse,SKU-488,0.4947473736868434,0.47619047619047616,2026-08-11 14:54:22
Osaka-Whse,SKU-129,0.304152076038019,0.15789473684210525,2026-08-07 14:54:22
Osaka-Whse,SKU-452,0.5392696348174087,0.3007518796992481,2026-07-18 14:54:22
Rotterdam-Whse,SKU-003,0.5577788894447223,0.40852130325814534,2026-07-18 14:54:22
Sydney-Whse,SKU-061,0.3626813406703352,0.6165413533834586,2026-08-01 14:54:22
Rotterdam-Whse,SKU-357,0.6978489244622311,0.7218045112781954,2026-07-29 14:54:22
London-Whse,SKU-499,0.3061530765382691,0.9298245614035088,2026-07-16 14:54:22
Rotterdam-Whse,SKU-215,0.13056528264132067,0.8295739348370927,2026-07-17 14:54:22
Sydney-Whse,SKU-123,0.38169084542271137,0.7994987468671679,2026-07-29 14:54:22
Seattle-Whse,SKU-158,0.6753376688344173,0.37092731829573933,2026-08-11 14:54:22
Seattle-Whse,SKU-358,0.5137568784392196,0.43358395989974935,2026-08-04 14:54:22
Osaka-Whse,SKU-244,0.5417708854427213,0.11027568922305764,2026-08-04 14:54:22
London-Whse,SKU-376,0.375687843921961,0.15789473684210525,2026-08-07 14:54:22
Rotterdam-Whse,SKU-109,0.7433716858429215,0.16791979949874686,2026-08-09 14:54:22
Rotterdam-Whse,SKU-354,0.2546273136568284,0.08771929824561403,2026-07-18 14:54:22
London-Whse,SKU-305,0.8789394697348675,0.41604010025062654,2026-07-25 14:54:22
London-Whse,SKU-342,0.7088544272136068,0.2807017543859649,2026-07-14 14:54:22
London-Whse,SKU-315,0.23311655827913957,0.8646616541353384,2026-08-05 14:54:22
Sydney-Whse,SKU-131,0.21160580290145073,0.6666666666666666,2026-07-27 14:54:22
London-Whse,SKU-051,0.4912456228114057,0.7192982456140351,2026-08-03 14:54:22
Osaka-Whse,SKU-247,0.9789894947473737,0.48621553884711777,2026-07-23 14:54:22
Seattle-Whse,SKU-488,0.678839419709855,0.8195488721804511,2026-08-01 14:54:22
Osaka-Whse,SKU-250,0.9554777388694348,0.7218045112781954,2026-07-28 14:54:22
Sydney-Whse,SKU-334,0.3151575787893947,0.14035087719298245,2026-07-15 14:54:22
London-Whse,SKU-072,0.3761880940470235,0.8095238095238095,2026-08-08 14:54:22
Osaka-Whse,SKU-155,0.029014507253626812,0.6867167919799498,2026-08-09 14:54:22
Seattle-Whse,SKU-295,0.6728364182091046,0.8220551378446115,2026-07-19 14:54:22
London-Whse,SKU-176,0.3046523261630815,0.8721804511278195,2026-07-27 14:54:22
Rotterdam-Whse,SKU-182,0.1905952976488244,0.6791979949874687,2026-07-31 14:54:22
Rotterdam-Whse,SKU-331,0.43721860930465234,0.21553884711779447,2026-07-13 14:54:22
Sydney-Whse,SKU-116,0.7718859429714857,0.2656641604010025,2026-08-01 14:54:22
Osaka-Whse,SKU-435,0.7728864432216108,0.7092731829573935,2026-08-08 14:54:22
London-Whse,SKU-266,0.7108554277138569,0.2531328320802005,2026-08-07 14:54:22
Sydney-Whse,SKU-312,0.9629814907453726,0.5538847117794486,2026-07-24 14:54:22
London-Whse,SKU-190,0.3196598299149575,0.8345864661654135,2026-08-01 14:54:22
Sydney-Whse,SKU-301,0.17508754377188596,0.9097744360902256,2026-07-17 14:54:22
Rotterdam-Whse,SKU-010,0.4542271135567784,0.9172932330827067,2026-07-23 14:54:22
Sydney-Whse,SKU-292,0.5547773886943472,0.9598997493734336,2026-08-03 14:54:22
Osaka-Whse,SKU-147,0.5057528764382191,0.2932330827067669,2026-07-21 14:54:22
Seattle-Whse,SKU-302,0.1025512756378189,0.581453634085213,2026-07-27 14:54:22
Osaka-Whse,SKU-462,0.0015007503751875938,0.005012531328320802,2026-08-09 14:54:22
Rotterdam-Whse,SKU-325,0.631815907953977,0.23057644110275688,2026-07-15 14:54:22
Rotterdam-Whse,SKU-297,0.7468734367183592,0.7994987468671679,2026-08-01 14:54:22
London-Whse,SKU-347,0.5407703851925963,0.14536340852130325,2026-08-04 14:54:22
Seattle-Whse,SKU-372,0.10305152576288144,0.2756892230576441,2026-07-20 14:54:22
London-Whse,SKU-233,0.9819909954977488,0.6867167919799498,2026-07-31 14:54:22
Rotterdam-Whse,SKU-060,0.9789894947473737,0.5789473684210527,2026-08-01 14:54:22
Rotterdam-Whse,SKU-144,0.4957478739369685,0.5739348370927319,2026-08-03 14:54:22
Seattle-Whse,SKU-294,0.16208104052026012,0.48120300751879697,2026-08-09 14:54:22
Rotterdam-Whse,SKU-460,0.535767883941971,0.2656641604010025,2026-08-04 14:54:22
Sydney-Whse,SKU-027,0.7723861930965483,0.5488721804511278,2026-07-13 14:54:22
Sydney-Whse,SKU-026,0.8749374687343672,0.3558897243107769,2026-07-24 14:54:22
Seattle-Whse,SKU-218,0.2961480740370185,0.5012531328320802,2026-08-09 14:54:22
Seattle-Whse,SKU-144,0.5822911455727864,0.8646616541353384,2026-07-26 14:54:22
Seattle-Whse,SKU-292,0.7338669334667334,0.6115288220551378,2026-07-21 14:54:22
London-Whse,SKU-201,0.13856928464232116,0.9022556390977443,2026-07-25 14:54:22
London-Whse,SKU-259,0.8499249624812406,0.24060150375939848,2026-07-25 14:54:22
London-Whse,SKU-266,0.8179089544772387,0.05012531328320802,2026-07-18 14:54:22
Seattle-Whse,SKU-104,0.18509254627313657,0.9824561403508771,2026-07-27 14:54:22
Rotterdam-Whse,SKU-120,0.38019009504752377,0.8370927318295739,2026-07-23 14:54:22
London-Whse,SKU-364,0.1870935467733867,0.3583959899749373,2026-07-15 14:54:22
Rotterdam-Whse,SKU-006,0.6703351675837919,0.6541353383458647,2026-08-06 14:54:22
Osaka-Whse,SKU-495,0.8649324662331166,0.2606516290726817,2026-08-04 14:54:22
Rotterdam-Whse,SKU-062,0.39769884942471234,0.19799498746867167,2026-07-28 14:54:22
Seattle-Whse,SKU-180,0.6473236618309155,0.40350877192982454,2026-07-23 14:54:22
London-Whse,SKU-186,0.29314657328664334,0.23308270676691728,2026-08-09 14:54:22
Osaka-Whse,SKU-178,0.3266633316658329,0.10776942355889724,2026-07-29 14:54:22
London-Whse,SKU-093,0.7553776888444222,0.10776942355889724,2026-07-16 14:54:22
Rotterdam-Whse,SKU-039,0.704352176088044,0.7218045112781954,2026-07-19 14:54:22
Osaka-Whse,SKU-359,0.7308654327163582,0.706766917293233,2026-07-26 14:54:22
London-Whse,SKU-463,0.9389694847423712,0.6215538847117794,2026-07-24 14:54:22
London-Whse,SKU-151,0.2876438219109555,0.6015037593984962,2026-08-05 14:54:22
Seattle-Whse,SKU-187,0.0735367683841921,0.47117794486215536,2026-07-28 14:54:22
Seattle-Whse,SKU-279,0.3741870935467734,0.9774436090225563,2026-07-15 14:54:22
Rotterdam-Whse,SKU-317,0.8054027013506754,0.568922305764411,2026-07-17 14:54:22
London-Whse,SKU-466,0.4107053526763382,0.7167919799498746,2026-07-26 14:54:22
Rotterdam-Whse,SKU-169,0.6538269134567284,0.8646616541353384,2026-08-06 14:54:22
Osaka-Whse,SKU-348,0.18159079539769885,0.020050125313283207,2026-07-14 14:54:22
Osaka-Whse,SKU-012,0.391695847923962,0.17543859649122806,2026-08-11 14:54:22
Sydney-Whse,SKU-135,0.12906453226613307,0.010025062656641603,2026-08-09 14:54:22
Rotterdam-Whse,SKU-440,0.0750375187593797,0.6441102756892231,2026-08-08 14:54:22
Sydney-Whse,SKU-462,0.07053526763381691,0.6265664160401002,2026-07-13 14:54:22
Osaka-Whse,SKU-395,0.3216608304152076,0.11528822055137844,2026-07-23 14:54:22
Seattle-Whse,SKU-356,0.2656328164082041,0.44862155388471175,2026-07-27 14:54:22
Osaka-Whse,SKU-429,0.32366183091545775,0.5914786967418546,2026-07-13 14:54:22
London-Whse,SKU-405,0.03151575787893947,0.899749373433584,2026-07-13 14:54:22
London-Whse,SKU-389,0.7463731865932967,0.09273182957393483,2026-07-20 14:54:22
Rotterdam-Whse,SKU-254,0.8049024512256128,0.3508771929824561,2026-08-03 14:54:22
Seattle-Whse,SKU-095,0.3726863431715858,0.7518796992481203,2026-07-19 14:54:22
Osaka-Whse,SKU-051,0.6343171585792896,0.2807017543859649,2026-07-17 14:54:22
Sydney-Whse,SKU-008,0.7863931965982992,0.11528822055137844,2026-08-08 14:54:22
Seattle-Whse,SKU-173,0.3761880940470235,0.9724310776942355,2026-08-11 14:54:22
Osaka-Whse,SKU-281,0.6293146573286643,0.3132832080200501,2026-07-25 14:54:22
Sydney-Whse,SKU-173,0.1855927963981991,0.2982456140350877,2026-07-13 14:54:22
Rotterdam-Whse,SKU-094,0.2831415707853927,0.5889724310776943,2026-07-20 14:54:22
Osaka-Whse,SKU-348,0.2926463231615808,0.7794486215538847,2026-07-17 14:54:22
Osaka-Whse,SKU-057,0.9044522261130565,0.3458646616541353,2026-08-05 14:54:22
Seattle-Whse,SKU-476,0.9044522261130565,0.9022556390977443,2026-08-02 14:54:22
Osaka-Whse,SKU-134,0.9364682341170585,0.03759398496240601,2026-08-05 14:54:22
Rotterdam-Whse,SKU-090,0.7698849424712356,0.15288220551378445,2026-07-23 14:54:22
Seattle-Whse,SKU-056,0.22911455727863933,0.7218045112781954,2026-08-05 14:54:22
Sydney-Whse,SKU-421,0.768384192096048,0.49373433583959897,2026-07-30 14:54:22
London-Whse,SKU-222,0.9109554777388694,0.20050125313283207,2026-07-15 14:54:22
London-Whse,SKU-429,0.24512256128064033,0.9699248120300752,2026-07-14 14:54:22
Rotterdam-Whse,SKU-408,0.1630815407703852,0.43859649122807015,2026-07-22 14:54:22
Seattle-Whse,SKU-278,0.19109554777388693,0.6441102756892231,2026-07-16 14:54:22
Sydney-Whse,SKU-396,0.8579289644822411,0.38345864661654133,2026-07-28 14:54:22
Rotterdam-Whse,SKU-329,0.8614307153576788,0.8696741854636592,2026-08-05 14:54:22
London-Whse,SKU-281,0.5322661330665333,0.06766917293233082,2026-07-28 14:54:22
Sydney-Whse,SKU-221,0.8764382191095548,0.5538847117794486,2026-07-14 14:54:22
Seattle-Whse,SKU-395,0.5852926463231616,0.18546365914786966,2026-07-18 14:54:22
Seattle-Whse,SKU-416,0.7463731865932967,0.9122807017543859,2026-07-30 14:54:22
Osaka-Whse,SKU-017,0.7668834417208604,0.606516290726817,2026-07-20 14:54:22
Rotterdam-Whse,SKU-330,0.9809904952476238,0.14536340852130325,2026-08-03 14:54:22
Rotterdam-Whse,SKU-203,0.9149574787393697,0.07518796992481203,2026-08-10 14:54:22
Osaka-Whse,SKU-367,0.4822411205602801,0.7644110275689223,2026-07-13 14:54:22
Rotterdam-Whse,SKU-315,0.060030015007503754,0.5989974937343359,2026-07-26 14:54:22
Osaka-Whse,SKU-208,0.8424212106053026,0.87468671679198,2026-07-23 14:54:22
Seattle-Whse,SKU-142,0.391695847923962,0.7769423558897243,2026-08-03 14:54:22
Seattle-Whse,SKU-392,0.8684342171085543,0.40350877192982454,2026-07-30 14:54:22
Seattle-Whse,SKU-470,0.1745872936468234,0.656641604010025,2026-07-25 14:54:22
Sydney-Whse,SKU-256,0.7063531765882941,0.49624060150375937,2026-07-31 14:54:22
Rotterdam-Whse,SKU-337,0.6048024012006002,0.8596491228070176,2026-08-07 14:54:22
London-Whse,SKU-083,0.9184592296148074,0.19799498746867167,2026-07-14 14:54:22
Seattle-Whse,SKU-283,0.7933966983491746,0.9373433583959899,2026-08-02 14:54:22
London-Whse,SKU-455,0.11855927963981991,0.7894736842105263,2026-08-04 14:54:22
Osaka-Whse,SKU-080,0.4197098549274637,0.23809523809523808,2026-07-13 14:54:22
Seattle-Whse,SKU-484,0.07453726863431716,0.8796992481203008,2026-07-17 14:54:22
Rotterdam-Whse,SKU-365,0.0025012506253126563,0.05263157894736842,2026-07-29 14:54:22
London-Whse,SKU-359,0.005502751375687844,0.706766917293233,2026-08-11 14:54:22
Osaka-Whse,SKU-225,0.16758379189594796,0.41604010025062654,2026-07-15 14:54:22
London-Whse,SKU-326,0.9869934967483742,0.3684210526315789,2026-08-08 14:54:22
Seattle-Whse,SKU-245,0.4947473736868434,0.7694235588972431,2026-08-10 14:54:22
Sydney-Whse,SKU-393,0.6953476738369184,0.8596491228070176,2026-07-27 14:54:22
Seattle-Whse,SKU-167,0.2766383191595798,0.6340852130325815,2026-07-13 14:54:22
Sydney-Whse,SKU-386,0.48574287143571787,0.5112781954887218,2026-08-09 14:54:22
Rotterdam-Whse,SKU-250,0.8199099549774888,0.9072681704260651,2026-07-25 14:54:22
London-Whse,SKU-134,0.12556278139069535,0.42355889724310775,2026-07-23 14:54:22
Rotterdam-Whse,SKU-207,0.2496248124062031,0.3558897243107769,2026-07-24 14:54:22
Rotterdam-Whse,SKU-175,0.9244622311155578,0.047619047619047616,2026-07-23 14:54:22
Osaka-Whse,SKU-448,0.6248124062031015,0.5764411027568922,2026-08-07 14:54:22
Rotterdam-Whse,SKU-294,0.7868934467233617,0.16040100250626566,2026-07-24 14:54:22
London-Whse,SKU-389,0.8639319659829915,0.3057644110275689,2026-07-14 14:54:22
Rotterdam-Whse,SKU-103,0.6498249124562281,0.14786967418546365,2026-08-04 14:54:22
Rotterdam-Whse,SKU-486,0.7433716858429215,0.012531328320802004,2026-08-03 14:54:22
London-Whse,SKU-368,0.2351175587793897,0.5037593984962406,2026-08-11 14:54:22
Rotterdam-Whse,SKU-177,0.18459229614807404,0.849624060150376,2026-07-15 14:54:22
London-Whse,SKU-303,0.30665332666333167,0.19799498746867167,2026-08-10 14:54:22
Seattle-Whse,SKU-091,0.03301650825412707,0.5363408521303258,2026-07-26 14:54:22
London-Whse,SKU-286,0.2851425712856428,0.06766917293233082,2026-07-28 14:54:22
Sydney-Whse,SKU-117,0.0750375187593797,0.20551378446115287,2026-07-18 14:54:22
Seattle-Whse,SKU-472,0.704352176088044,0.5488721804511278,2026-07-14 14:54:22
London-Whse,SKU-242,0.21660830415207605,0.7994987468671679,2026-08-09 14:54:22
Osaka-Whse,SKU-465,0.10105052526263132,0.09022556390977443,2026-07-21 14:54:22
Sydney-Whse,SKU-128,0.5792896448224112,0.8646616541353384,2026-07-20 14:54:22
Osaka-Whse,SKU-029,0.24312156078039018,0.924812030075188,2026-08-10 14:54:22
London-Whse,SKU-486,0.7948974487243622,0.8195488721804511,2026-07-22 14:54:22
Sydney-Whse,SKU-058,0.7283641820910455,0.08771929824561403,2026-07-26 14:54:22
Osaka-Whse,SKU-080,0.47423711855927964,0.03508771929824561,2026-07-28 14:54:22
Seattle-Whse,SKU-307,0.352176088044022,0.9924812030075187,2026-08-06 14:54:22
Osaka-Whse,SKU-353,0.9729864932466233,0.5087719298245614,2026-07-24 14:54:22
Sydney-Whse,SKU-389,0.12856428214107055,0.2857142857142857,2026-07-29 14:54:22
Sydney-Whse,SKU-233,0.7663831915957979,0.19047619047619047,2026-07-26 14:54:22
London-Whse,SKU-096,0.04852426213106553,0.13784461152882205,2026-07-21 14:54:22
London-Whse,SKU-119,0.5307653826913457,0.46115288220551376,2026-08-06 14:54:22
Osaka-Whse,SKU-051,0.7243621810905453,0.3157894736842105,2026-08-05 14:54:22
Sydney-Whse,SKU-229,0.3611805902951476,0.9624060150375939,2026-07-22 14:54:22
Osaka-Whse,SKU-027,0.42971485742871435,0.17794486215538846,2026-07-31 14:54:22
Osaka-Whse,SKU-006,0.5567783891945973,0.19799498746867167,2026-07-13 14:54:22
Rotterdam-Whse,SKU-082,0.07553776888444222,0.11027568922305764,2026-07-23 14:54:22
Osaka-Whse,SKU-057,0.21260630315157578,0.2756892230576441,2026-07-29 14:54:22
London-Whse,SKU-349,0.5192596298149075,0.017543859649122806,2026-08-05 14:54:22
Osaka-Whse,SKU-053,0.06803401700850426,0.43358395989974935,2026-07-15 14:54:22
Rotterdam-Whse,SKU-263,0.12706353176588295,0.7493734335839599,2026-07-29 14:54:22
Rotterdam-Whse,SKU-224,0.4412206103051526,0.22807017543859648,2026-08-06 14:54:22
Rotterdam-Whse,SKU-198,0.3501750875437719,0.18045112781954886,2026-08-10 14:54:22
Rotterdam-Whse,SKU-031,0.9589794897448725,0.2957393483709273,2026-07-16 14:54:22
London-Whse,SKU-366,0.847423711855928,0.6365914786967418,2026-07-22 14:54:22
Osaka-Whse,SKU-198,0.7253626813406704,0.2982456140350877,2026-07-25 14:54:22
London-Whse,SKU-270,0.8614307153576788,0.6892230576441103,2026-07-21 14:54:22
London-Whse,SKU-459,0.25012506253126565,0.8922305764411027,2026-08-04 14:54:22
London-Whse,SKU-300,0.32266133066533265,0.8571428571428571,2026-07-19 14:54:22
Seattle-Whse,SKU-186,0.29164582291145574,0.39348370927318294,2026-08-08 14:54:22
London-Whse,SKU-234,0.5172586293146574,0.43609022556390975,2026-08-07 14:54:22
Rotterdam-Whse,SKU-399,0.9609804902451226,0.002506265664160401,2026-07-18 14:54:22
Seattle-Whse,SKU-197,0.6548274137068534,0.10776942355889724,2026-08-02 14:54:22
Seattle-Whse,SKU-216,0.8734367183591796,0.7142857142857143,2026-07-18 14:54:22
Rotterdam-Whse,SKU-049,0.5932966483241621,0.48120300751879697,2026-07-26 14:54:22
Sydney-Whse,SKU-180,0.26863431715857927,0.24812030075187969,2026-08-07 14:54:22
Rotterdam-Whse,SKU-015,0.06353176588294147,0.3483709273182957,2026-07-25 14:54:22
Osaka-Whse,SKU-448,0.29164582291145574,0.23558897243107768,2026-07-17 14:54:22
Sydney-Whse,SKU-132,0.984992496248124,0.7017543859649122,2026-08-04 14:54:22
London-Whse,SKU-459,0.5302651325662832,0.3132832080200501,2026-08-02 14:54:22
Sydney-Whse,SKU-100,0.632816408204102,0.6115288220551378,2026-07-16 14:54:22
Seattle-Whse,SKU-391,0.22811405702851426,0.24561403508771928,2026-07-21 14:54:22
Seattle-Whse,SKU-187,0.017508754377188594,0.2932330827067669,2026-07-13 14:54:22
Rotterdam-Whse,SKU-169,0.027013506753376687,0.20802005012531327,2026-08-06 14:54:22
Rotterdam-Whse,SKU-363,0.9399699849924963,0.6390977443609023,2026-07-21 14:54:22
London-Whse,SKU-152,0.4147073536768384,0.42355889724310775,2026-07-19 14:54:22
Seattle-Whse,SKU-150,0.10455227613806903,1.0,2026-08-08 14:54:22
London-Whse,SKU-141,0.3156578289144572,0.731829573934837,2026-07-23 14:54:22
Sydney-Whse,SKU-467,0.376688344172086,0.5288220551378446,2026-07-16 14:54:22
Seattle-Whse,SKU-016,0.192096048024012,0.8521303258145363,2026-07-14 14:54:22
Rotterdam-Whse,SKU-257,0.9109554777388694,0.6992481203007519,2026-07-29 14:54:22
Osaka-Whse,SKU-143,0.6543271635817909,0.8872180451127819,2026-07-13 14:54:22
Sydney-Whse,SKU-467,0.928464232116058,0.11027568922305764,2026-07-28 14:54:22
Rotterdam-Whse,SKU-003,0.3076538269134567,0.23558897243107768,2026-08-07 14:54:22
Osaka-Whse,SKU-348,0.9034517258629314,0.5012531328320802,2026-07-13 14:54:22
Sydney-Whse,SKU-469,0.24462231115557778,0.8145363408521303,2026-07-15 14:54:22
Rotterdam-Whse,SKU-100,0.2016008004002001,0.5889724310776943,2026-07-23 14:54:22
Rotterdam-Whse,SKU-454,0.784392196098049,0.3007518796992481,2026-07-13 14:54:22
Osaka-Whse,SKU-034,0.8344172086043021,0.518796992481203,2026-07-31 14:54:22
London-Whse,SKU-075,0.9219609804902451,0.7669172932330827,2026-07-22 14:54:22
Osaka-Whse,SKU-098,0.062031015507753876,0.8721804511278195,2026-08-06 14:54:22
London-Whse,SKU-226,0.9844922461230615,0.49874686716791977,2026-08-07 14:54:22
Osaka-Whse,SKU-208,0.35267633816908456,0.13784461152882205,2026-07-24 14:54:22
Osaka-Whse,SKU-301,0.5552776388194097,0.23558897243107768,2026-08-08 14:54:22
Osaka-Whse,SKU-241,0.8424212106053026,0.3483709273182957,2026-07-30 14:54:22
London-Whse,SKU-488,0.0400200100050025,0.5238095238095238,2026-07-22 14:54:22
Osaka-Whse,SKU-378,0.8779389694847424,0.9924812030075187,2026-08-10 14:54:22
Rotterdam-Whse,SKU-128,0.40820410205102553,0.6541353383458647,2026-07-31 14:54:22
Sydney-Whse,SKU-333,0.4457228614307154,0.7042606516290727,2026-08-08 14:54:22
Sydney-Whse,SKU-403,0.5992996498249125,0.543859649122807,2026-08-06 14:54:22
London-Whse,SKU-253,0.7388694347173587,0.47117794486215536,2026-08-07 14:54:22
Rotterdam-Whse,SKU-386,0.5057528764382191,0.3233082706766917,2026-08-07 14:54:22
Rotterdam-Whse,SKU-454,0.6873436718359179,0.10526315789473684,2026-08-07 14:54:22
Osaka-Whse,SKU-494,0.1325662831415708,0.05764411027568922,2026-07-21 14:54:22
Seattle-Whse,SKU-003,0.967983991995998,0.39348370927318294,2026-07-27 14:54:22
Rotterdam-Whse,SKU-004,0.8214107053526764,0.7393483709273183,2026-07-27 14:54:22
Seattle-Whse,SKU-238,0.03551775887943972,0.21804511278195488,2026-07-27 14:54:22
Rotterdam-Whse,SKU-450,0.2191095547773887,0.047619047619047616,2026-07-24 14:54:22
London-Whse,SKU-084,0.6813406703351675,0.3132832080200501,2026-07-24 14:54:22
Osaka-Whse,SKU-461,0.4242121060530265,0.8822055137844611,2026-07-22 14:54:22
London-Whse,SKU-028,0.9944972486243121,0.8621553884711779,2026-07-23 14:54:22
Sydney-Whse,SKU-141,0.5147573786893447,0.39097744360902253,2026-08-02 14:54:22
Seattle-Whse,SKU-029,0.8509254627313657,0.16040100250626566,2026-07-19 14:54:22
Osaka-Whse,SKU-096,0.9564782391195598,0.5363408521303258,2026-08-05 14:54:22
Osaka-Whse,SKU-394,0.7578789394697348,0.45864661654135336,2026-07-17 14:54:22
Seattle-Whse,SKU-163,0.5562781390695347,0.6766917293233082,2026-08-11 14:54:22
Rotterdam-Whse,SKU-088,0.2586293146573287,0.38847117794486213,2026-07-14 14:54:22
Osaka-Whse,SKU-405,0.35767883941970985,0.6942355889724311,2026-07-16 14:54:22
Sydney-Whse,SKU-335,0.22011005502751377,0.5238095238095238,2026-08-02 14:54:22
London-Whse,SKU-340,0.16908454227113556,0.38847117794486213,2026-08-07 14:54:22
Osaka-Whse,SKU-179,0.6353176588294147,0.9624060150375939,2026-08-10 14:54:22
Rotterdam-Whse,SKU-218,0.15807903951975988,0.7142857142857143,2026-07-31 14:54:22
London-Whse,SKU-204,0.8759379689844923,0.556390977443609,2026-08-11 14:54:22
Sydney-Whse,SKU-192,0.448224112056028,0.9974937343358395,2026-07-30 14:54:22
Sydney-Whse,SKU-439,0.1500750375187594,0.6491228070175439,2026-07-28 14:54:22
London-Whse,SKU-104,0.21560780390195097,0.5087719298245614,2026-07-19 14:54:22
Seattle-Whse,SKU-091,0.09854927463731866,0.9974937343358395,2026-08-05 14:54:22
Sydney-Whse,SKU-471,0.03901950975487744,0.5413533834586466,2026-07-15 14:54:22
London-Whse,SKU-043,0.0655327663831916,0.19047619047619047,2026-07-25 14:54:22
London-Whse,SKU-464,0.7213606803401701,0.7744360902255639,2026-07-17 14:54:22
Sydney-Whse,SKU-269,0.21810905452726362,0.2857142857142857,2026-07-25 14:54:22
Sydney-Whse,SKU-039,0.1695847923961981,0.6040100250626567,2026-07-14 14:54:22
Osaka-Whse,SKU-406,0.8499249624812406,0.9022556390977443,2026-07-22 14:54:22
London-Whse,SKU-328,0.38519259629814906,0.47368421052631576,2026-07-14 14:54:22
Seattle-Whse,SKU-264,0.6228114057028514,0.8295739348370927,2026-07-29 14:54:22
London-Whse,SKU-440,0.5647823911955978,0.6115288220551378,2026-07-26 14:54:22
Rotterdam-Whse,SKU-394,0.4542271135567784,0.6441102756892231,2026-08-11 14:54:22
Seattle-Whse,SKU-464,0.4687343671835918,0.6641604010025063,2026-08-05 14:54:22
Sydney-Whse,SKU-001,0.3326663331665833,0.6516290726817042,2026-08-09 14:54:22
Sydney-Whse,SKU-397,0.013006503251625813,0.9899749373433584,2026-07-13 14:54:22
Osaka-Whse,SKU-224,0.3491745872936468,0.39598997493734334,2026-08-07 14:54:22
Sydney-Whse,SKU-258,0.05052526263131566,0.48120300751879697,2026-08-09 14:54:22
London-Whse,SKU-386,0.4047023511755878,0.7468671679197995,2026-07-22 14:54:22
Sydney-Whse,SKU-480,0.24762381190595298,0.6892230576441103,2026-08-01 14:54:22
Osaka-Whse,SKU-223,0.14907453726863432,0.05764411027568922,2026-07-25 14:54:22
London-Whse,SKU-060,0.14357178589294647,0.3032581453634085,2026-08-07 14:54:22
Osaka-Whse,SKU-154,0.14007003501750875,0.8546365914786967,2026-08-05 14:54:22
Rotterdam-Whse,SKU-267,0.09504752376188094,0.6290726817042607,2026-07-30 14:54:22
London-Whse,SKU-353,0.5847923961980991,0.9097744360902256,2026-07-17 14:54:22
London-Whse,SKU-042,0.9259629814907454,0.37343358395989973,2026-08-04 14:54:22
Rotterdam-Whse,SKU-327,0.4792396198099049,0.9423558897243107,2026-07-23 14:54:22
Rotterdam-Whse,SKU-199,0.4192096048024012,0.5513784461152882,2026-07-15 14:54:22
Osaka-Whse,SKU-425,0.32116058029014505,0.42606516290726815,2026-07-26 14:54:22
London-Whse,SKU-354,0.6023011505752877,0.40100250626566414,2026-07-27 14:54:22
London-Whse,SKU-215,0.2896448224112056,0.9022556390977443,2026-08-04 14:54:22
Seattle-Whse,SKU-392,0.35417708854427216,0.40100250626566414,2026-07-18 14:54:22
Seattle-Whse,SKU-455,0.5672836418209104,0.9774436090225563,2026-07-16 14:54:22
Seattle-Whse,SKU-041,0.848424212106053,0.07017543859649122,2026-07-31 14:54:22
Seattle-Whse,SKU-361,0.6238119059529765,0.8922305764411027,2026-07-31 14:54:22
Sydney-Whse,SKU-320,0.8109054527263632,0.16290726817042606,2026-07-25 14:54:22
Osaka-Whse,SKU-265,0.6543271635817909,0.24060150375939848,2026-08-02 14:54:22
London-Whse,SKU-156,0.054527263631815905,0.13032581453634084,2026-07-29 14:54:22
London-Whse,SKU-314,0.3626813406703352,0.45363408521303256,2026-08-06 14:54:22
Sydney-Whse,SKU-424,0.8434217108554277,0.2907268170426065,2026-07-17 14:54:22
Osaka-Whse,SKU-170,0.3386693346673337,1.0,2026-08-02 14:54:22
Sydney-Whse,SKU-500,0.03651825912956478,0.37092731829573933,2026-07-18 14:54:22
London-Whse,SKU-061,0.9449724862431216,0.13283208020050125,2026-07-16 14:54:22
Seattle-Whse,SKU-316,0.08454227113556778,0.47117794486215536,2026-07-22 14:54:22
London-Whse,SKU-139,0.6988494247123562,0.11528822055137844,2026-07-17 14:54:22
London-Whse,SKU-036,0.5077538769384692,0.5614035087719298,2026-08-02 14:54:22
London-Whse,SKU-269,0.4547273636818409,0.46365914786967416,2026-07-24 14:54:22
Sydney-Whse,SKU-235,0.5727863931965983,0.8020050125313283,2026-08-07 14:54:22
Sydney-Whse,SKU-466,0.7263631815907954,0.8922305764411027,2026-07-19 14:54:22
Osaka-Whse,SKU-039,0.45372686343171587,0.40350877192982454,2026-07-30 14:54:22
Osaka-Whse,SKU-445,0.22111055527763882,0.8270676691729323,2026-08-11 14:54:22
Osaka-Whse,SKU-202,0.41720860430215106,0.3458646616541353,2026-08-01 14:54:22
Seattle-Whse,SKU-257,0.061530765382691345,0.09273182957393483,2026-07-25 14:54:22
Seattle-Whse,SKU-237,0.5607803901950975,0.14786967418546365,2026-07-24 14:54:22
London-Whse,SKU-226,0.9894947473736868,0.24812030075187969,2026-08-08 14:54:22
Osaka-Whse,SKU-017,0.8919459729864933,0.19799498746867167,2026-07-22 14:54:22
London-Whse,SKU-456,0.27013506753376687,0.3333333333333333,2026-07-13 14:54:22
Osaka-Whse,SKU-119,0.7008504252126063,0.9172932330827067,2026-07-18 14:54:22
Rotterdam-Whse,SKU-405,0.647823911955978,0.3283208020050125,2026-08-01 14:54:22
Sydney-Whse,SKU-384,0.4102051025512756,0.9373433583959899,2026-07-16 14:54:22
Rotterdam-Whse,SKU-249,0.8939469734867433,0.15538847117794485,2026-07-19 14:54:22
Rotterdam-Whse,SKU-161,0.6408204102051025,0.03759398496240601,2026-08-06 14:54:22
Rotterdam-Whse,SKU-009,0.5052526263131566,0.49122807017543857,2026-07-22 14:54:22
Osaka-Whse,SKU-350,0.2591295647823912,0.8721804511278195,2026-08-10 14:54:22
London-Whse,SKU-123,0.28714357178589295,0.007518796992481203,2026-07-15 14:54:22
Osaka-Whse,SKU-419,0.06453226613306653,0.18546365914786966,2026-08-08 14:54:22
Seattle-Whse,SKU-358,0.192096048024012,0.6340852130325815,2026-07-16 14:54:22
Rotterdam-Whse,SKU-167,0.8684342171085543,0.41854636591478694,2026-07-15 14:54:22
Sydney-Whse,SKU-348,0.24612306153076538,0.8446115288220551,2026-07-24 14:54:22
Seattle-Whse,SKU-282,0.29964982491245623,0.12781954887218044,2026-07-14 14:54:22
Rotterdam-Whse,SKU-373,0.9019509754877438,0.15538847117794485,2026-08-08 14:54:22
Seattle-Whse,SKU-330,0.673336668334167,0.6015037593984962,2026-07-14 14:54:22
Osaka-Whse,SKU-264,0.6613306653326664,0.5112781954887218,2026-08-09 14:54:22
Rotterdam-Whse,SKU-366,0.9069534767383692,0.5162907268170426,2026-08-10 14:54:22
Sydney-Whse,SKU-094,0.3551775887943972,0.8771929824561403,2026-08-03 14:54:22
Seattle-Whse,SKU-433,0.8814407203601801,0.007518796992481203,2026-08-10 14:54:22
Seattle-Whse,SKU-266,0.1745872936468234,0.5588972431077694,2026-08-09 14:54:22
Osaka-Whse,SKU-329,0.2001000500250125,0.5964912280701754,2026-08-09 14:54:22
Rotterdam-Whse,SKU-309,0.7213606803401701,0.007518796992481203,2026-08-08 14:54:22
Seattle-Whse,SKU-352,0.8189094547273637,0.9874686716791979,2026-07-31 14:54:22
London-Whse,SKU-231,0.5022511255627814,0.47368421052631576,2026-08-09 14:54:22
Sydney-Whse,SKU-110,0.7198599299649825,0.7543859649122807,2026-07-20 14:54:22
Osaka-Whse,SKU-165,0.3186593296648324,0.8646616541353384,2026-08-10 14:54:22
Rotterdam-Whse,SKU-370,0.7328664332166083,0.2982456140350877,2026-07-22 14:54:22
Rotterdam-Whse,SKU-344,0.5832916458229115,0.48621553884711777,2026-08-10 14:54:22
Sydney-Whse,SKU-437,0.9824912456228114,0.2581453634085213,2026-07-14 14:54:22
Seattle-Whse,SKU-447,0.23961980990495246,0.5538847117794486,2026-08-04 14:54:22
Osaka-Whse,SKU-258,0.2606303151575788,0.42606516290726815,2026-07-20 14:54:22
Rotterdam-Whse,SKU-101,0.3106553276638319,0.6165413533834586,2026-08-09 14:54:22
London-Whse,SKU-023,0.6888444222111055,0.5614035087719298,2026-08-11 14:54:22
London-Whse,SKU-465,0.8989494747373686,0.6716791979949874,2026-07-22 14:54:22
Osaka-Whse,SKU-120,0.49024512256128067,0.2982456140350877,2026-08-06 14:54:22
Sydney-Whse,SKU-354,0.5407703851925963,0.21303258145363407,2026-08-11 14:54:22
Sydney-Whse,SKU-449,0.7728864432216108,0.17042606516290726,2026-07-20 14:54:22
London-Whse,SKU-062,0.7743871935967984,0.46365914786967416,2026-08-07 14:54:22
Osaka-Whse,SKU-259,0.08054027013506754,0.7243107769423559,2026-07-13 14:54:22
Sydney-Whse,SKU-196,0.016508254127063533,0.39849624060150374,2026-07-22 14:54:22
Osaka-Whse,SKU-361,0.2036018009004502,0.6616541353383458,2026-08-03 14:54:22
Seattle-Whse,SKU-036,0.6438219109554777,0.9548872180451128,2026-07-25 14:54:22
Seattle-Whse,SKU-093,0.8124062031015508,0.40601503759398494,2026-08-06 14:54:22
London-Whse,SKU-119,0.8734367183591796,0.39849624060150374,2026-08-07 14:54:22
Seattle-Whse,SKU-179,0.14157078539269635,0.8872180451127819,2026-08-04 14:54:22
Seattle-Whse,SKU-374,0.7793896948474237,0.6967418546365914,2026-08-02 14:54:22
Seattle-Whse,SKU-419,0.17708854427213608,0.7969924812030075,2026-08-09 14:54:22
London-Whse,SKU-093,0.2161080540270135,0.11278195488721804,2026-07-16 14:54:22
Osaka-Whse,SKU-332,0.05002501250625312,0.46616541353383456,2026-07-21 14:54:22
Seattle-Whse,SKU-194,0.0785392696348174,0.020050125313283207,2026-07-23 14:54:22
Seattle-Whse,SKU-312,0.3391695847923962,0.8571428571428571,2026-07-25 14:54:22
Osaka-Whse,SKU-480,0.05502751375687844,0.8220551378446115,2026-08-01 14:54:22
Seattle-Whse,SKU-203,0.592296148074037,0.3308270676691729,2026-07-25 14:54:22
Seattle-Whse,SKU-266,0.28564282141070535,0.5112781954887218,2026-07-16 14:54:22
London-Whse,SKU-173,0.1535767883941971,0.15288220551378445,2026-07-22 14:54:22
London-Whse,SKU-475,0.7023511755877939,0.5112781954887218,2026-07-15 14:54:22
Seattle-Whse,SKU-179,0.3691845922961481,0.015037593984962405,2026-07-31 14:54:22
Osaka-Whse,SKU-378,0.9794897448724362,0.5989974937343359,2026-08-03 14:54:22
Seattle-Whse,SKU-268,0.3186593296648324,0.08270676691729323,2026-07-16 14:54:22
Osaka-Whse,SKU-430,0.21360680340170085,0.731829573934837,2026-08-05 14:54:22
London-Whse,SKU-237,0.551775887943972,0.21303258145363407,2026-07-15 14:54:22
Rotterdam-Whse,SKU-356,0.0415207603801901,0.23558897243107768,2026-07-23 14:54:22
London-Whse,SKU-481,0.9344672336168084,0.44862155388471175,2026-07-23 14:54:22
Seattle-Whse,SKU-426,0.7548774387193596,0.37343358395989973,2026-08-05 14:54:22
Seattle-Whse,SKU-376,0.976488244122061,0.3157894736842105,2026-08-03 14:54:22
London-Whse,SKU-185,0.03551775887943972,0.14035087719298245,2026-07-28 14:54:22
Seattle-Whse,SKU-452,0.6333166583291646,0.8195488721804511,2026-08-10 14:54:22
London-Whse,SKU-470,0.07603801900950476,0.6365914786967418,2026-07-18 14:54:22
Seattle-Whse,SKU-080,0.759879939969985,0.43859649122807015,2026-07-16 14:54:22
Seattle-Whse,SKU-249,0.5292646323161581,0.7218045112781954,2026-08-04 14:54:22
Osaka-Whse,SKU-414,0.3631815907953977,0.41102756892230574,2026-07-28 14:54:22
Osaka-Whse,SKU-464,0.33366683341670833,0.5363408521303258,2026-08-10 14:54:22
Osaka-Whse,SKU-431,0.6513256628314157,0.3684210526315789,2026-07-29 14:54:22
Osaka-Whse,SKU-413,0.08854427213606804,0.8220551378446115,2026-07-16 14:54:22
Seattle-Whse,SKU-176,0.5977988994497249,0.9899749373433584,2026-07-24 14:54:22
Osaka-Whse,SKU-468,0.36718359179589793,0.08521303258145363,2026-08-03 14:54:22
Sydney-Whse,SKU-439,0.7593796898449224,0.2731829573934837,2026-08-01 14:54:22
Sydney-Whse,SKU-039,0.6213106553276638,0.5413533834586466,2026-08-10 14:54:22
Rotterdam-Whse,SKU-116,0.9319659829914958,0.40100250626566414,2026-07-18 14:54:22
Sydney-Whse,SKU-420,0.3261630815407704,0.7794486215538847,2026-07-29 14:54:22
Seattle-Whse,SKU-355,0.40670335167583793,0.8897243107769424,2026-07-26 14:54:22
London-Whse,SKU-174,0.5052526263131566,0.18295739348370926,2026-08-07 14:54:22
Sydney-Whse,SKU-024,0.015507753876938469,0.6340852130325815,2026-07-26 14:54:22
Seattle-Whse,SKU-195,0.263631815907954,0.5288220551378446,2026-07-31 14:54:22
Osaka-Whse,SKU-384,0.1535767883941971,0.7593984962406015,2026-07-20 14:54:22
Sydney-Whse,SKU-439,0.018509254627313655,0.9649122807017544,2026-08-03 14:54:22
Sydney-Whse,SKU-082,0.5707853926963482,0.7719298245614035,2026-07-25 14:54:22
Sydney-Whse,SKU-074,0.5007503751875938,0.45614035087719296,2026-08-02 14:54:22
Sydney-Whse,SKU-306,0.903951975987994,0.21553884711779447,2026-07-13 14:54:22
London-Whse,SKU-252,0.1775887943971986,0.3583959899749373,2026-07-15 14:54:22
Seattle-Whse,SKU-154,0.42671335667833915,0.2932330827067669,2026-08-01 14:54:22
Seattle-Whse,SKU-325,0.12706353176588295,0.6015037593984962,2026-08-01 14:54:22
Seattle-Whse,SKU-490,0.2736368184092046,0.16290726817042606,2026-07-18 14:54:22
Rotterdam-Whse,SKU-381,0.2046023011505753,0.5664160401002506,2026-07-30 14:54:22
London-Whse,SKU-146,0.5307653826913457,0.6541353383458647,2026-07-13 14:54:22
London-Whse,SKU-284,0.17208604302151076,0.6516290726817042,2026-07-16 14:54:22
London-Whse,SKU-457,0.7903951975987994,0.9197994987468672,2026-07-22 14:54:22
Osaka-Whse,SKU-433,0.35617808904452225,0.22305764411027568,2026-07-20 14:54:22
Rotterdam-Whse,SKU-319,0.3016508254127064,0.8145363408521303,2026-07-17 14:54:22
London-Whse,SKU-158,0.5402701350675337,0.11528822055137844,2026-07-25 14:54:22
Rotterdam-Whse,SKU-108,0.43121560780390195,0.7493734335839599,2026-07-23 14:54:22
Seattle-Whse,SKU-487,0.2066033016508254,0.44862155388471175,2026-08-07 14:54:22
London-Whse,SKU-273,0.9129564782391195,0.9699248120300752,2026-08-10 14:54:22
Sydney-Whse,SKU-497,0.7328664332166083,0.7619047619047619,2026-07-21 14:54:22
Osaka-Whse,SKU-067,0.13806903451725863,0.518796992481203,2026-07-24 14:54:22
Osaka-Whse,SKU-006,0.6488244122061031,0.581453634085213,2026-07-25 14:54:22
Seattle-Whse,SKU-313,0.8569284642321161,0.06015037593984962,2026-07-27 14:54:22
Sydney-Whse,SKU-299,0.03551775887943972,0.5012531328320802,2026-08-06 14:54:22
Seattle-Whse,SKU-097,0.7903951975987994,0.656641604010025,2026-08-02 14:54:22
Osaka-Whse,SKU-070,0.9184592296148074,0.731829573934837,2026-07-22 14:54:22
Osaka-Whse,SKU-207,0.08554277138569284,0.6140350877192983,2026-07-13 14:54:22
Rotterdam-Whse,SKU-256,0.6438219109554777,0.9724310776942355,2026-08-04 14:54:22
Sydney-Whse,SKU-010,0.13506753376688344,0.5739348370927319,2026-07-19 14:54:22
Osaka-Whse,SKU-055,0.961480740370185,0.10025062656641603,2026-08-02 14:54:22
Rotterdam-Whse,SKU-063,0.17158579289644824,0.08270676691729323,2026-07-17 14:54:22
London-Whse,SKU-456,0.7233616808404202,0.49122807017543857,2026-08-08 14:54:22
Rotterdam-Whse,SKU-410,0.8939469734867433,0.15288220551378445,2026-08-02 14:54:22
Seattle-Whse,SKU-356,0.28264132066033015,0.39598997493734334,2026-08-06 14:54:22
Osaka-Whse,SKU-025,0.11805902951475739,0.8020050125313283,2026-08-08 14:54:22
London-Whse,SKU-178,0.2036018009004502,0.38596491228070173,2026-07-25 14:54:22
Osaka-Whse,SKU-239,0.7288644322161081,0.3558897243107769,2026-07-26 14:54:22
Sydney-Whse,SKU-005,0.26113056528264134,0.518796992481203,2026-07-23 14:54:22
Osaka-Whse,SKU-081,0.272136068034017,0.7619047619047619,2026-07-18 14:54:22
Osaka-Whse,SKU-115,0.6203101550775387,0.6516290726817042,2026-07-13 14:54:22
Sydney-Whse,SKU-120,0.6193096548274137,0.3182957393483709,2026-07-13 14:54:22
Sydney-Whse,SKU-210,0.6878439219609805,0.23308270676691728,2026-07-14 14:54:22
London-Whse,SKU-137,0.7793896948474237,0.3258145363408521,2026-07-21 14:54:22
Sydney-Whse,SKU-184,0.41270635317658827,0.39598997493734334,2026-07-21 14:54:22
Rotterdam-Whse,SKU-042,0.6293146573286643,0.3258145363408521,2026-07-18 14:54:22
Rotterdam-Whse,SKU-380,0.5417708854427213,0.7293233082706767,2026-07-17 14:54:22
Seattle-Whse,SKU-386,0.5467733866933466,0.9548872180451128,2026-07-30 14:54:22
London-Whse,SKU-225,0.7658829414707353,0.38095238095238093,2026-08-04 14:54:22
Osaka-Whse,SKU-366,0.8169084542271136,0.6190476190476191,2026-07-31 14:54:22
Rotterdam-Whse,SKU-024,0.36818409204602304,0.6115288220551378,2026-07-28 14:54:22
Rotterdam-Whse,SKU-032,0.824912456228114,0.5213032581453634,2026-08-09 14:54:22
Sydney-Whse,SKU-035,0.10205102551275638,0.9448621553884712,2026-08-03 14:54:22
Osaka-Whse,SKU-065,0.7333666833416709,0.24310776942355888,2026-07-18 14:54:22
Sydney-Whse,SKU-473,0.7468734367183592,0.6641604010025063,2026-07-17 14:54:22
Rotterdam-Whse,SKU-232,0.5662831415707854,0.44360902255639095,2026-07-18 14:54:22
London-Whse,SKU-360,0.5142571285642822,0.39097744360902253,2026-08-06 14:54:22
London-Whse,SKU-261,0.4137068534267134,0.8020050125313283,2026-07-15 14:54:22
Rotterdam-Whse,SKU-228,0.32016008004002,0.07017543859649122,2026-07-24 14:54:22
London-Whse,SKU-160,0.9279639819909955,0.9949874686716792,2026-07-29 14:54:22
Seattle-Whse,SKU-467,0.7093546773386693,0.9699248120300752,2026-08-03 14:54:22
Seattle-Whse,SKU-145,0.5992996498249125,0.017543859649122806,2026-07-17 14:54:22
Sydney-Whse,SKU-129,0.25662831415707854,0.022556390977443608,2026-07-16 14:54:22
Sydney-Whse,SKU-411,0.7103551775887944,0.7969924812030075,2026-08-01 14:54:22
London-Whse,SKU-093,0.5627813906953477,0.24310776942355888,2026-07-17 14:54:22
Sydney-Whse,SKU-467,0.4032016008004002,0.8696741854636592,2026-07-15 14:54:22
Seattle-Whse,SKU-421,0.6938469234617308,0.5263157894736842,2026-07-16 14:54:22
Osaka-Whse,SKU-076,0.673336668334167,0.9448621553884712,2026-08-08 14:54:22
Rotterdam-Whse,SKU-418,0.008504252126063032,0.7268170426065163,2026-07-25 14:54:22
Osaka-Whse,SKU-417,0.19159579789894948,0.49874686716791977,2026-08-02 14:54:22
London-Whse,SKU-498,0.4897448724362181,0.10526315789473684,2026-07-25 14:54:22
Rotterdam-Whse,SKU-304,0.8024012006003002,0.49624060150375937,2026-07-21 14:54:22
Osaka-Whse,SKU-427,0.7423711855927964,0.9298245614035088,2026-07-19 14:54:22
London-Whse,SKU-016,0.8309154577288644,0.03258145363408521,2026-08-05 14:54:22
London-Whse,SKU-268,0.688344172086043,0.7769423558897243,2026-08-06 14:54:22
Rotterdam-Whse,SKU-269,0.29014507253626814,0.37844611528822053,2026-08-02 14:54:22
Rotterdam-Whse,SKU-430,0.9439719859929965,0.6015037593984962,2026-08-09 14:54:22
London-Whse,SKU-204,0.3891945972986493,0.2932330827067669,2026-07-14 14:54:22
London-Whse,SKU-456,0.7088544272136068,0.5538847117794486,2026-08-11 14:54:22
London-Whse,SKU-005,0.678839419709855,0.7293233082706767,2026-07-15 14:54:22
Seattle-Whse,SKU-442,0.3306653326663332,0.39598997493734334,2026-07-17 14:54:22
Sydney-Whse,SKU-447,0.4812406203101551,0.7969924812030075,2026-08-01 14:54:22
Sydney-Whse,SKU-192,0.8189094547273637,0.07769423558897243,2026-08-02 14:54:22
Osaka-Whse,SKU-108,0.5387693846923461,0.8446115288220551,2026-07-13 14:54:22
Osaka-Whse,SKU-291,0.673336668334167,0.8020050125313283,2026-07-26 14:54:22
Osaka-Whse,SKU-443,0.6108054027013506,0.9423558897243107,2026-07-18 14:54:22
Rotterdam-Whse,SKU-334,0.14157078539269635,0.7368421052631579,2026-07-21 14:54:22
London-Whse,SKU-011,0.9534767383691846,0.581453634085213,2026-07-17 14:54:22
Sydney-Whse,SKU-424,0.7618809404702351,0.9699248120300752,2026-07-27 14:54:22
Rotterdam-Whse,SKU-415,0.5127563781890946,0.7468671679197995,2026-07-18 14:54:22
Osaka-Whse,SKU-297,0.5417708854427213,0.9197994987468672,2026-08-01 14:54:22
Rotterdam-Whse,SKU-045,0.6608304152076038,0.2957393483709273,2026-07-31 14:54:22
Sydney-Whse,SKU-131,0.22461230615307654,0.9874686716791979,2026-07-19 14:54:22
Osaka-Whse,SKU-088,0.2661330665332666,0.9699248120300752,2026-08-04 14:54:22
Sydney-Whse,SKU-043,0.21510755377688845,0.05513784461152882,2026-07-15 14:54:22
Sydney-Whse,SKU-194,0.8754377188594297,0.44611528822055135,2026-07-28 14:54:22
Sydney-Whse,SKU-314,0.7808904452226113,0.543859649122807,2026-07-15 14:54:22
Rotterdam-Whse,SKU-346,0.27813906953476736,0.5588972431077694,2026-07-13 14:54:22
London-Whse,SKU-250,0.03801900950475238,0.706766917293233,2026-07-20 14:54:22
Osaka-Whse,SKU-208,0.591295647823912,0.02756892230576441,2026-08-11 14:54:22
Sydney-Whse,SKU-384,0.7838919459729865,0.13283208020050125,2026-07-19 14:54:22
Osaka-Whse,SKU-242,0.18409204602301152,0.2857142857142857,2026-07-20 14:54:22
Seattle-Whse,SKU-127,0.01950975487743872,0.17794486215538846,2026-08-01 14:54:22
Osaka-Whse,SKU-433,0.12306153076538269,0.7343358395989975,2026-07-20 14:54:22
Osaka-Whse,SKU-129,0.004502251125562781,0.41854636591478694,2026-07-27 14:54:22
Osaka-Whse,SKU-423,0.5207603801900951,0.849624060150376,2026-08-03 14:54:22
London-Whse,SKU-152,0.5567783891945973,0.7117794486215538,2026-07-27 14:54:22
Rotterdam-Whse,SKU-297,0.2161080540270135,0.6140350877192983,2026-08-01 14:54:22
London-Whse,SKU-067,0.29814907453726863,0.6240601503759399,2026-08-01 14:54:22
Rotterdam-Whse,SKU-202,0.0025012506253126563,0.8421052631578947,2026-08-06 14:54:22
Sydney-Whse,SKU-006,0.9934967483741871,0.3007518796992481,2026-07-30 14:54:22
Osaka-Whse,SKU-026,0.0015007503751875938,0.731829573934837,2026-07-22 14:54:22
Rotterdam-Whse,SKU-284,0.36068034017008505,0.7192982456140351,2026-08-05 14:54:22
Sydney-Whse,SKU-253,0.976488244122061,0.7042606516290727,2026-07-26 14:54:22
London-Whse,SKU-349,0.4897448724362181,0.07268170426065163,2026-07-18 14:54:22
Osaka-Whse,SKU-005,0.18659329664832416,0.6541353383458647,2026-08-02 14:54:22
London-Whse,SKU-446,0.5052526263131566,0.9849624060150376,2026-08-06 14:54:22
Osaka-Whse,SKU-106,0.36218109054527264,0.7493734335839599,2026-07-19 14:54:22
London-Whse,SKU-269,0.060530265132566284,0.5037593984962406,2026-07-27 14:54:22
Rotterdam-Whse,SKU-454,0.8129064532266133,0.47368421052631576,2026-08-03 14:54:22
Osaka-Whse,SKU-040,0.2891445722861431,0.2807017543859649,2026-07-24 14:54:22
Rotterdam-Whse,SKU-174,0.5097548774387194,0.3333333333333333,2026-07-14 14:54:22
Rotterdam-Whse,SKU-114,0.5657828914457229,0.3558897243107769,2026-07-18 14:54:22
Sydney-Whse,SKU-492,0.7933966983491746,0.6892230576441103,2026-08-02 14:54:22
Osaka-Whse,SKU-258,0.8864432216108054,0.07769423558897243,2026-07-28 14:54:22
London-Whse,SKU-248,0.5777888944472236,0.656641604010025,2026-08-09 14:54:22
Seattle-Whse,SKU-368,0.3806903451725863,0.6616541353383458,2026-07-20 14:54:22
Seattle-Whse,SKU-282,0.9279639819909955,0.042606516290726815,2026-07-19 14:54:22
Rotterdam-Whse,SKU-493,0.0005002501250625312,0.0,2026-07-27 14:54:22
Rotterdam-Whse,SKU-216,0.0815407703851926,0.47619047619047616,2026-08-01 14:54:22
Osaka-Whse,SKU-262,0.9089544772386193,0.5513784461152882,2026-08-01 14:54:22
Osaka-Whse,SKU-129,0.9004502251125562,0.706766917293233,2026-08-05 14:54:22
Sydney-Whse,SKU-374,0.12906453226613307,0.5012531328320802,2026-08-10 14:54:22
London-Whse,SKU-330,0.8084042021010506,0.6340852130325815,2026-08-11 14:54:22
Osaka-Whse,SKU-146,0.8349174587293647,0.2531328320802005,2026-08-03 14:54:22
Osaka-Whse,SKU-367,0.0975487743871936,0.899749373433584,2026-08-08 14:54:22
Rotterdam-Whse,SKU-388,0.032016008004002,0.7418546365914787,2026-08-01 14:54:22
Sydney-Whse,SKU-183,0.45722861430715356,0.37092731829573933,2026-07-14 14:54:22
Osaka-Whse,SKU-414,0.5697848924462231,0.9774436090225563,2026-08-07 14:54:22
Osaka-Whse,SKU-371,0.5077538769384692,0.9598997493734336,2026-07-28 14:54:22
Sydney-Whse,SKU-119,0.8049024512256128,0.020050125313283207,2026-07-20 14:54:22
London-Whse,SKU-045,0.624312156078039,0.03759398496240601,2026-07-23 14:54:22
Seattle-Whse,SKU-102,0.7528764382191095,0.23558897243107768,2026-07-30 14:54:22
Seattle-Whse,SKU-136,0.01200600300150075,0.7944862155388471,2026-07-30 14:54:22
Osaka-Whse,SKU-050,0.3401700850425213,0.7243107769423559,2026-08-08 14:54:22
Osaka-Whse,SKU-081,0.5177588794397199,0.518796992481203,2026-07-30 14:54:22
Rotterdam-Whse,SKU-462,0.34067033516758377,0.7769423558897243,2026-07-15 14:54:22
Rotterdam-Whse,SKU-179,0.04352176088044022,0.6616541353383458,2026-07-29 14:54:22
Sydney-Whse,SKU-003,0.5707853926963482,0.3383458646616541,2026-07-25 14:54:22
Rotterdam-Whse,SKU-030,0.2891445722861431,0.7769423558897243,2026-08-10 14:54:22
Rotterdam-Whse,SKU-299,0.20560280140070036,0.5413533834586466,2026-07-13 14:54:22
Sydney-Whse,SKU-371,0.38469234617308656,0.22305764411027568,2026-08-03 14:54:22
Seattle-Whse,SKU-441,0.6608304152076038,0.12030075187969924,2026-07-18 14:54:22
Osaka-Whse,SKU-198,0.7653826913456728,0.5789473684210527,2026-07-16 14:54:22
London-Whse,SKU-118,0.5387693846923461,0.37844611528822053,2026-08-11 14:54:22
Osaka-Whse,SKU-150,0.6198099049524762,0.7969924812030075,2026-08-08 14:54:22
London-Whse,SKU-340,0.9264632316158079,0.8446115288220551,2026-08-02 14:54:22
Seattle-Whse,SKU-074,0.9644822411205602,0.9373433583959899,2026-07-18 14:54:22
Sydney-Whse,SKU-303,0.632816408204102,0.9448621553884712,2026-07-30 14:54:22
Sydney-Whse,SKU-287,0.591295647823912,0.8847117794486216,2026-07-17 14:54:22
Seattle-Whse,SKU-115,0.9829914957478739,0.6015037593984962,2026-07-23 14:54:22
London-Whse,SKU-363,0.2986493246623312,0.3308270676691729,2026-07-31 14:54:22
Sydney-Whse,SKU-277,0.6443221610805403,0.23057644110275688,2026-07-16 14:54:22
Seattle-Whse,SKU-360,0.8439219609804902,0.38596491228070173,2026-08-04 14:54:22
Sydney-Whse,SKU-428,0.4147073536768384,0.07017543859649122,2026-07-24 14:54:22
Osaka-Whse,SKU-408,0.5287643821910956,0.7894736842105263,2026-08-04 14:54:22
Rotterdam-Whse,SKU-388,0.8844422211105553,0.5914786967418546,2026-08-03 14:54:22
Osaka-Whse,SKU-333,0.18809404702351176,0.5989974937343359,2026-07-17 14:54:22
Seattle-Whse,SKU-232,0.6063031515757878,0.8220551378446115,2026-07-19 14:54:22
Sydney-Whse,SKU-497,0.4137068534267134,0.21303258145363407,2026-07-18 14:54:22
Seattle-Whse,SKU-359,0.17108554277138568,0.5288220551378446,2026-07-20 14:54:22
Osaka-Whse,SKU-469,0.5892946473236619,0.46365914786967416,2026-08-07 14:54:22
Seattle-Whse,SKU-482,0.35617808904452225,0.6641604010025063,2026-07-16 14:54:22
London-Whse,SKU-194,0.18309154577288644,0.06015037593984962,2026-08-09 14:54:22
Osaka-Whse,SKU-071,0.5257628814407204,0.9824561403508771,2026-08-01 14:54:22
Sydney-Whse,SKU-118,0.7018509254627313,0.518796992481203,2026-08-05 14:54:22
Sydney-Whse,SKU-141,0.17708854427213608,0.02506265664160401,2026-08-09 14:54:22
Sydney-Whse,SKU-070,0.8604302151075538,0.9273182957393483,2026-07-15 14:54:22
Rotterdam-Whse,SKU-222,0.7733866933466733,0.41353383458646614,2026-07-16 14:54:22
Sydney-Whse,SKU-462,0.1520760380190095,0.7268170426065163,2026-07-14 14:54:22
London-Whse,SKU-425,0.18209104552276137,0.3333333333333333,2026-08-02 14:54:22
London-Whse,SKU-212,0.6208104052026013,0.8521303258145363,2026-07-30 14:54:22
London-Whse,SKU-055,0.5822911455727864,0.18295739348370926,2026-08-05 14:54:22
Sydney-Whse,SKU-396,0.41420710355177587,0.3233082706766917,2026-08-04 14:54:22
Osaka-Whse,SKU-488,0.21710855427713857,0.17042606516290726,2026-07-13 14:54:22
Osaka-Whse,SKU-493,0.9964982491245623,0.41604010025062654,2026-07-23 14:54:22
London-Whse,SKU-371,0.32516258129064535,0.5789473684210527,2026-07-21 14:54:22
Osaka-Whse,SKU-102,0.9169584792396198,0.022556390977443608,2026-07-18 14:54:22
Rotterdam-Whse,SKU-275,0.0015007503751875938,0.6466165413533834,2026-07-26 14:54:22
Osaka-Whse,SKU-262,0.14307153576788395,0.07518796992481203,2026-07-27 14:54:22
Seattle-Whse,SKU-204,0.8219109554777388,0.3082706766917293,2026-07-29 14:54:22
Osaka-Whse,SKU-130,0.3726863431715858,0.007518796992481203,2026-07-15 14:54:22
London-Whse,SKU-317,0.03801900950475238,0.45614035087719296,2026-07-29 14:54:22
London-Whse,SKU-458,0.8689344672336168,0.9724310776942355,2026-07-14 14:54:22
London-Whse,SKU-396,0.8289144572286143,0.7869674185463659,2026-07-29 14:54:22
Osaka-Whse,SKU-270,0.06853426713356678,0.43859649122807015,2026-08-09 14:54:22
Rotterdam-Whse,SKU-328,0.5072536268134067,0.46867167919799496,2026-07-26 14:54:22
London-Whse,SKU-277,0.1745872936468234,0.3659147869674185,2026-07-28 14:54:22
London-Whse,SKU-314,0.7888944472236118,0.87468671679198,2026-08-02 14:54:22
London-Whse,SKU-009,0.8074037018509255,0.8446115288220551,2026-07-23 14:54:22
Seattle-Whse,SKU-259,0.5797898949474737,0.09523809523809523,2026-07-28 14:54:22
Rotterdam-Whse,SKU-150,0.6878439219609805,0.010025062656641603,2026-07-31 14:54:22
London-Whse,SKU-314,0.4842421210605303,0.2606516290726817,2026-07-28 14:54:22
Sydney-Whse,SKU-052,0.053526763381690844,0.8922305764411027,2026-08-11 14:54:22
Rotterdam-Whse,SKU-011,0.8314157078539269,0.12280701754385964,2026-08-06 14:54:22
Seattle-Whse,SKU-430,0.5337668834417209,0.46115288220551376,2026-08-07 14:54:22
Rotterdam-Whse,SKU-442,0.24762381190595298,0.3408521303258145,2026-07-14 14:54:22
London-Whse,SKU-031,0.4257128564282141,0.05513784461152882,2026-07-19 14:54:22
Rotterdam-Whse,SKU-174,0.7668834417208604,0.14285714285714285,2026-08-08 14:54:22
London-Whse,SKU-088,0.7338669334667334,0.3533834586466165,2026-07-18 14:54:22
London-Whse,SKU-302,0.19809904952476237,0.7944862155388471,2026-07-24 14:54:22
London-Whse,SKU-368,0.4287143571785893,0.11779448621553884,2026-08-11 14:54:22
Sydney-Whse,SKU-390,0.1890945472736368,0.5413533834586466,2026-07-22 14:54:22
Seattle-Whse,SKU-427,0.6373186593296648,0.8897243107769424,2026-07-25 14:54:22
London-Whse,SKU-430,0.8914457228614308,0.18045112781954886,2026-07-15 14:54:22
Rotterdam-Whse,SKU-195,0.6453226613306653,0.21553884711779447,2026-07-21 14:54:22
Sydney-Whse,SKU-036,0.11755877938969485,0.6190476190476191,2026-07-31 14:54:22
London-Whse,SKU-227,0.05902951475737869,0.8847117794486216,2026-08-08 14:54:22
London-Whse,SKU-314,0.7818909454727364,0.09523809523809523,2026-08-10 14:54:22
Rotterdam-Whse,SKU-005,0.3261630815407704,0.568922305764411,2026-08-03 14:54:22
Seattle-Whse,SKU-283,0.7343671835917959,0.8972431077694235,2026-07-25 14:54:22
London-Whse,SKU-082,0.46473236618309155,0.21052631578947367,2026-08-11 14:54:22
Sydney-Whse,SKU-343,0.40070035017508754,0.8897243107769424,2026-08-03 14:54:22
Osaka-Whse,SKU-498,0.8149074537268635,0.11779448621553884,2026-08-08 14:54:22
London-Whse,SKU-338,0.6088044022011005,0.2907268170426065,2026-08-01 14:54:22
London-Whse,SKU-164,0.23911955977988994,0.7167919799498746,2026-07-19 14:54:22
Sydney-Whse,SKU-096,0.7603801900950475,0.6340852130325815,2026-07-13 14:54:22
Seattle-Whse,SKU-072,0.9444722361180591,0.9273182957393483,2026-07-24 14:54:22
Sydney-Whse,SKU-039,0.9604802401200601,0.8822055137844611,2026-08-02 14:54:22
Sydney-Whse,SKU-470,0.2546273136568284,0.010025062656641603,2026-07-31 14:54:22
London-Whse,SKU-157,0.897448724362181,0.7919799498746867,2026-07-24 14:54:22
London-Whse,SKU-367,0.3741870935467734,0.18546365914786966,2026-07-17 14:54:22
Osaka-Whse,SKU-029,0.5322661330665333,0.07017543859649122,2026-07-31 14:54:22
London-Whse,SKU-320,0.2846423211605803,0.5263157894736842,2026-08-02 14:54:22
Rotterdam-Whse,SKU-391,0.9344672336168084,0.9097744360902256,2026-07-14 14:54:22
Osaka-Whse,SKU-094,0.9389694847423712,0.45112781954887216,2026-08-11 14:54:22
Rotterdam-Whse,SKU-391,0.6723361680840421,0.14285714285714285,2026-07-18 14:54:22
London-Whse,SKU-478,0.9639819909954978,0.531328320802005,2026-07-24 14:54:22
London-Whse,SKU-188,0.3856928464232116,0.3383458646616541,2026-08-02 14:54:22
Osaka-Whse,SKU-221,0.775887943971986,0.3659147869674185,2026-08-11 14:54:22
Sydney-Whse,SKU-418,0.4942471235617809,0.5463659147869674,2026-07-27 14:54:22
Sydney-Whse,SKU-063,0.1745872936468234,0.974937343358396,2026-08-08 14:54:22
Seattle-Whse,SKU-359,0.03251625812906453,0.2957393483709273,2026-08-02 14:54:22
Rotterdam-Whse,SKU-227,0.013006503251625813,0.7243107769423559,2026-07-15 14:54:22
Seattle-Whse,SKU-467,0.8849424712356178,0.2681704260651629,2026-07-16 14:54:22
Rotterdam-Whse,SKU-265,0.4947473736868434,0.7819548872180451,2026-07-30 14:54:22
Rotterdam-Whse,SKU-325,0.3031515757878939,0.3233082706766917,2026-08-05 14:54:22
Seattle-Whse,SKU-486,0.054527263631815905,0.7293233082706767,2026-08-09 14:54:22
Rotterdam-Whse,SKU-093,0.400200100050025,0.5137844611528822,2026-08-06 14:54:22
Sydney-Whse,SKU-407,0.8614307153576788,0.8421052631578947,2026-07-16 14:54:22
Seattle-Whse,SKU-439,0.9334667333666833,0.38847117794486213,2026-07-21 14:54:22
Sydney-Whse,SKU-360,0.5477738869434717,0.5513784461152882,2026-07-18 14:54:22
Seattle-Whse,SKU-214,0.7403701850925463,0.18546365914786966,2026-08-10 14:54:22
Rotterdam-Whse,SKU-242,0.7668834417208604,0.37343358395989973,2026-08-09 14:54:22
Osaka-Whse,SKU-176,0.05152576288144072,0.2957393483709273,2026-08-04 14:54:22
Seattle-Whse,SKU-409,0.28864432216108055,1.0,2026-07-17 14:54:22
Sydney-Whse,SKU-425,0.4092046023011506,0.05012531328320802,2026-07-28 14:54:22
Osaka-Whse,SKU-047,0.4427213606803402,0.42606516290726815,2026-07-23 14:54:22
London-Whse,SKU-287,0.6473236618309155,0.43859649122807015,2026-07-13 14:54:22
London-Whse,SKU-070,0.19309654827413708,0.41353383458646614,2026-07-20 14:54:22
Osaka-Whse,SKU-451,0.12206103051525763,0.11027568922305764,2026-07-31 14:54:22
Osaka-Whse,SKU-327,0.8624312156078039,0.681704260651629,2026-08-05 14:54:22
Seattle-Whse,SKU-036,0.6313156578289144,0.16791979949874686,2026-07-31 14:54:22
Sydney-Whse,SKU-210,0.15057528764382191,0.8696741854636592,2026-08-01 14:54:22
London-Whse,SKU-016,0.8874437218609305,0.974937343358396,2026-07-13 14:54:22
Sydney-Whse,SKU-442,0.46173086543271635,0.3609022556390977,2026-08-08 14:54:22
London-Whse,SKU-050,0.9254627313656828,0.899749373433584,2026-07-31 14:54:22
London-Whse,SKU-190,0.14757378689344672,0.23057644110275688,2026-08-10 14:54:22
Sydney-Whse,SKU-478,0.2416208104052026,0.9097744360902256,2026-07-18 14:54:22
Sydney-Whse,SKU-214,0.1645822911455728,0.9573934837092731,2026-07-28 14:54:22
London-Whse,SKU-201,0.8204102051025512,0.5764411027568922,2026-07-16 14:54:22
Osaka-Whse,SKU-103,0.7883941970985493,0.37593984962406013,2026-07-31 14:54:22
Rotterdam-Whse,SKU-278,0.7958979489744873,0.03759398496240601,2026-07-17 14:54:22
Rotterdam-Whse,SKU-134,0.12856428214107055,0.15288220551378445,2026-08-10 14:54:22
Sydney-Whse,SKU-488,0.3171585792896448,0.10275689223057644,2026-07-22 14:54:22
Sydney-Whse,SKU-299,0.5377688844422212,0.9473684210526315,2026-07-17 14:54:22
London-Whse,SKU-312,0.2891445722861431,0.14536340852130325,2026-07-27 14:54:22
Rotterdam-Whse,SKU-136,0.5052526263131566,0.18796992481203006,2026-07-25 14:54:22
Sydney-Whse,SKU-491,0.9119559779889945,0.5513784461152882,2026-07-30 14:54:22
Sydney-Whse,SKU-123,0.35317658829414705,0.2531328320802005,2026-07-16 14:54:22
Rotterdam-Whse,SKU-313,0.7648824412206103,0.6165413533834586,2026-07-23 14:54:22
Seattle-Whse,SKU-169,0.768384192096048,0.8245614035087719,2026-07-30 14:54:22
London-Whse,SKU-388,0.6753376688344173,0.022556390977443608,2026-07-21 14:54:22
Seattle-Whse,SKU-157,0.11505752876438219,0.03508771929824561,2026-07-24 14:54:22
Osaka-Whse,SKU-366,0.9864932466233116,0.11278195488721804,2026-07-25 14:54:22
Osaka-Whse,SKU-003,0.16258129064532267,0.631578947368421,2026-07-21 14:54:22
Seattle-Whse,SKU-110,0.18609304652326164,0.556390977443609,2026-07-22 14:54:22
Seattle-Whse,SKU-387,0.9744872436218109,0.6140350877192983,2026-08-06 14:54:22
Seattle-Whse,SKU-018,0.24462231115557778,0.46365914786967416,2026-07-22 14:54:22
Seattle-Whse,SKU-278,0.3031515757878939,0.9799498746867168,2026-07-14 14:54:22
London-Whse,SKU-115,0.2466233116558279,0.15288220551378445,2026-07-24 14:54:22
Rotterdam-Whse,SKU-497,0.31765882941470736,0.19799498746867167,2026-07-24 14:54:22
Sydney-Whse,SKU-022,0.2971485742871436,0.8095238095238095,2026-08-07 14:54:22
Sydney-Whse,SKU-409,0.9079539769884942,0.3208020050125313,2026-07-25 14:54:22
London-Whse,SKU-047,0.9384692346173087,0.46867167919799496,2026-07-24 14:54:22
Rotterdam-Whse,SKU-326,0.9529764882441221,0.017543859649122806,2026-08-07 14:54:22
Sydney-Whse,SKU-486,0.6448224112056028,0.16541353383458646,2026-07-30 14:54:22
London-Whse,SKU-045,0.32266133066533265,0.03759398496240601,2026-07-21 14:54:22
Rotterdam-Whse,SKU-277,0.11005502751375688,0.48120300751879697,2026-07-13 14:54:22
Sydney-Whse,SKU-222,0.01250625312656328,0.24310776942355888,2026-07-23 14:54:22
Sydney-Whse,SKU-380,0.6333166583291646,0.974937343358396,2026-08-01 14:54:22
Seattle-Whse,SKU-009,0.44772386193096547,0.8922305764411027,2026-08-07 14:54:22
London-Whse,SKU-032,0.4257128564282141,0.23057644110275688,2026-07-30 14:54:22
Seattle-Whse,SKU-041,0.7483741870935467,0.7518796992481203,2026-07-27 14:54:22
London-Whse,SKU-042,0.9009504752376188,0.12781954887218044,2026-07-15 14:54:22
London-Whse,SKU-289,0.7573786893446723,0.3157894736842105,2026-07-30 14:54:22
Seattle-Whse,SKU-306,0.9464732366183092,0.24812030075187969,2026-07-19 14:54:22
Osaka-Whse,SKU-068,0.4227113556778389,0.9699248120300752,2026-07-15 14:54:22
Sydney-Whse,SKU-338,0.3166583291645823,0.5288220551378446,2026-07-27 14:54:22
Seattle-Whse,SKU-480,0.03551775887943972,0.2731829573934837,2026-07-26 14:54:22
Sydney-Whse,SKU-232,0.021010505252626314,0.6616541353383458,2026-08-04 14:54:22
Osaka-Whse,SKU-225,0.9879939969984992,0.3483709273182957,2026-08-07 14:54:22
Seattle-Whse,SKU-238,0.3001500750375188,0.6140350877192983,2026-07-27 14:54:22
Rotterdam-Whse,SKU-380,0.48774387193596797,0.5764411027568922,2026-08-09 14:54:22
Sydney-Whse,SKU-256,0.21810905452726362,0.48621553884711777,2026-07-15 14:54:22
Rotterdam-Whse,SKU-470,0.1345672836418209,0.6942355889724311,2026-08-10 14:54:22
London-Whse,SKU-128,0.271135567783892,0.8521303258145363,2026-07-16 14:54:22
Osaka-Whse,SKU-325,0.3291645822911456,0.2631578947368421,2026-07-22 14:54:22
Sydney-Whse,SKU-002,0.7303651825912957,0.7568922305764411,2026-07-24 14:54:22
Sydney-Whse,SKU-441,0.6228114057028514,0.06015037593984962,2026-08-09 14:54:22
Sydney-Whse,SKU-460,0.17108554277138568,0.9147869674185464,2026-07-26 14:54:22
Seattle-Whse,SKU-440,0.22811405702851426,0.9674185463659147,2026-07-21 14:54:22
Rotterdam-Whse,SKU-294,0.17108554277138568,0.6917293233082706,2026-07-24 14:54:22
Sydney-Whse,SKU-197,0.624312156078039,0.11528822055137844,2026-07-18 14:54:22
Rotterdam-Whse,SKU-162,0.8334167083541771,0.7368421052631579,2026-07-15 14:54:22
Rotterdam-Whse,SKU-444,0.8369184592296148,0.41854636591478694,2026-08-10 14:54:22
Sydney-Whse,SKU-487,0.9734867433716858,0.7719298245614035,2026-08-03 14:54:22
Seattle-Whse,SKU-161,0.7868934467233617,0.14035087719298245,2026-08-11 14:54:22
Rotterdam-Whse,SKU-288,0.48624312156078037,0.8095238095238095,2026-07-26 14:54:22
Osaka-Whse,SKU-068,0.6818409204602301,0.6691729323308271,2026-07-17 14:54:22
Sydney-Whse,SKU-164,0.935967983991996,0.44611528822055135,2026-08-05 14:54:22
Seattle-Whse,SKU-048,0.6088044022011005,0.7218045112781954,2026-07-29 14:54:22
London-Whse,SKU-101,0.8454227113556778,0.11528822055137844,2026-08-02 14:54:22
Sydney-Whse,SKU-450,0.6613306653326664,0.8395989974937343,2026-07-24 14:54:22
London-Whse,SKU-394,0.5067533766883442,0.05263157894736842,2026-07-31 14:54:22
Osaka-Whse,SKU-386,0.18159079539769885,0.8847117794486216,2026-07-25 14:54:22
Rotterdam-Whse,SKU-495,0.8764382191095548,0.974937343358396,2026-07-16 14:54:22
London-Whse,SKU-214,0.22961480740370185,0.9849624060150376,2026-07-22 14:54:22
Rotterdam-Whse,SKU-351,0.0815407703851926,0.3157894736842105,2026-08-02 14:54:22
Osaka-Whse,SKU-147,0.4912456228114057,0.6390977443609023,2026-07-29 14:54:22
Osaka-Whse,SKU-049,0.6028014007003502,0.15037593984962405,2026-07-16 14:54:22
Rotterdam-Whse,SKU-235,0.376688344172086,0.3233082706766917,2026-08-01 14:54:22
Rotterdam-Whse,SKU-208,0.9939969984992496,0.3533834586466165,2026-07-21 14:54:22
Seattle-Whse,SKU-363,0.41520760380190097,0.3032581453634085,2026-07-17 14:54:22
Rotterdam-Whse,SKU-420,0.18609304652326164,0.7518796992481203,2026-07-26 14:54:22
London-Whse,SKU-149,0.2016008004002001,0.42355889724310775,2026-07-17 14:54:22
London-Whse,SKU-264,0.8814407203601801,0.23057644110275688,2026-07-22 14:54:22
Osaka-Whse,SKU-447,0.15557778889444723,0.9774436090225563,2026-07-13 14:54:22
Seattle-Whse,SKU-317,0.06853426713356678,0.5764411027568922,2026-07-25 14:54:22
London-Whse,SKU-284,0.8389194597298649,0.8295739348370927,2026-08-04 14:54:22
Seattle-Whse,SKU-391,0.5142571285642822,0.6416040100250626,2026-07-28 14:54:22
Seattle-Whse,SKU-492,0.37868934467233617,0.5864661654135338,2026-08-02 14:54:22
Osaka-Whse,SKU-242,0.7328664332166083,0.8020050125313283,2026-07-15 14:54:22
London-Whse,SKU-314,0.21310655327663833,0.002506265664160401,2026-07-17 14:54:22
Rotterdam-Whse,SKU-217,0.24062031015507754,0.7869674185463659,2026-08-03 14:54:22
Seattle-Whse,SKU-254,0.2511255627813907,0.7167919799498746,2026-08-06 14:54:22
Osaka-Whse,SKU-431,0.384192096048024,0.6240601503759399,2026-07-19 14:54:22
Osaka-Whse,SKU-420,0.6383191595797899,0.40852130325814534,2026-07-28 14:54:22
Osaka-Whse,SKU-265,0.9979989994997499,0.2731829573934837,2026-07-23 14:54:22
London-Whse,SKU-207,0.671335667833917,0.3283208020050125,2026-08-07 14:54:22
Osaka-Whse,SKU-108,0.3416708354177089,0.09774436090225563,2026-08-08 14:54:22
Rotterdam-Whse,SKU-059,0.864432216108054,0.5238095238095238,2026-07-23 14:54:22
Seattle-Whse,SKU-031,0.59879939969985,0.7619047619047619,2026-08-06 14:54:22
Osaka-Whse,SKU-275,0.5597798899449725,0.42355889724310775,2026-07-18 14:54:22
Osaka-Whse,SKU-387,0.080040020010005,0.7644110275689223,2026-07-28 14:54:22
London-Whse,SKU-196,0.3036518259129565,0.8446115288220551,2026-08-02 14:54:22
Rotterdam-Whse,SKU-337,0.6288144072036018,0.6215538847117794,2026-08-08 14:54:22
Seattle-Whse,SKU-293,0.7393696848424212,0.15538847117794485,2026-07-24 14:54:22
Seattle-Whse,SKU-248,0.6438219109554777,0.8421052631578947,2026-08-03 14:54:22
London-Whse,SKU-439,0.439719859929965,0.9824561403508771,2026-07-24 14:54:22
Sydney-Whse,SKU-315,0.9184592296148074,0.41102756892230574,2026-07-16 14:54:22
Osaka-Whse,SKU-192,0.1455727863931966,0.18796992481203006,2026-07-25 14:54:22
Rotterdam-Whse,SKU-095,0.09004502251125562,0.38345864661654133,2026-07-21 14:54:22
London-Whse,SKU-324,0.31165582791395696,0.42606516290726815,2026-07-14 14:54:22
Osaka-Whse,SKU-442,0.8704352176088044,0.6115288220551378,2026-08-01 14:54:22
Rotterdam-Whse,SKU-046,0.2256128064032016,0.7393483709273183,2026-07-31 14:54:22
Sydney-Whse,SKU-121,0.9484742371185593,0.020050125313283207,2026-08-10 14:54:22
Rotterdam-Whse,SKU-309,0.7418709354677339,0.20050125313283207,2026-08-08 14:54:22
Rotterdam-Whse,SKU-382,0.19859929964982492,0.2606516290726817,2026-08-04 14:54:22
Seattle-Whse,SKU-190,0.4702351175587794,0.8696741854636592,2026-08-09 14:54:22
Rotterdam-Whse,SKU-251,0.5467733866933466,0.7293233082706767,2026-07-23 14:54:22
Seattle-Whse,SKU-188,0.7408704352176088,0.3508771929824561,2026-07-31 14:54:22
