supplier_id,supplier_name,category_supplied,city,region_based,contact_email,lead_time_days,min_order_qty,reliability_score
SUP-CAT1-0001,UrbanStitch Trading #1,Clothing,Seattle,East,contact1@northwindapparel.com,0.8518518518518519,0.43128205128205127,0.2631578947368418
SUP-CAT1-0002,Wovenwear Partners #2,Clothing,Seattle,North,contact2@wovenwear.com,0.8148148148148148,0.40564102564102567,0.6315789473684212
SUP-CAT1-0003,Wovenwear LLC #3,Clothing,Osaka,East,contact3@urbanstitch.com,0.037037037037037035,0.7143589743589743,0.5263157894736843
SUP-CAT1-0004,Threadline Ltd. #4,Clothing,Rotterdam,East,contact4@wovenwear.com,1.0,0.2733333333333333,0.10526315789473638
SUP-CAT1-0005,Northwind Apparel Supply Chain #5,Clothing,Denver,East,contact5@wovenwear.com,0.7777777777777778,0.6051282051282051,0.15789473684210487
SUP-CAT1-0006,Threadline LLC #6,Clothing,Newark,West,contact6@northwindapparel.com,0.8148148148148148,0.7892307692307692,0.5263157894736843
SUP-CAT1-0007,UrbanStitch Partners #7,Clothing,Rotterdam,North,contact7@fabricraft.com,1.0,0.3158974358974359,0.6315789473684212
SUP-CAT1-0008,Threadline Supply Chain #8,Clothing,Shenzhen,South,contact8@urbanstitch.com,0.5925925925925926,0.938974358974359,0.15789473684210487
SUP-CAT1-0009,Wovenwear Partners #9,Clothing,Mumbai,Central,contact9@urbanstitch.com,0.7777777777777778,0.08923076923076922,0.10526315789473638
SUP-CAT1-0010,Wovenwear Ltd. #10,Clothing,Denver,East,contact10@wovenwear.com,0.9629629629629629,0.33282051282051284,0.6315789473684212
SUP-CAT1-0011,Threadline Distributors #11,Clothing,Mumbai,Central,contact11@fabricraft.com,0.3333333333333333,0.0841025641025641,0.47368421052631576
SUP-CAT1-0012,Fabricraft Inc. #12,Clothing,Hanoi,Central,contact12@fabricraft.com,0.1111111111111111,0.0917948717948718,0.21052631578947334
SUP-CAT1-0013,Fabricraft Partners #13,Clothing,Atlanta,North,contact13@northwindapparel.com,0.5925925925925926,0.10358974358974359,0.894736842105263
SUP-CAT1-0014,Wovenwear Distributors #14,Clothing,Denver,East,contact14@northwindapparel.com,0.1111111111111111,0.028717948717948718,0.7894736842105261
SUP-CAT1-0015,Threadline Trading #15,Clothing,Osaka,North,contact15@threadline.com,0.6296296296296297,0.4625641025641026,0.3157894736842103
SUP-CAT1-0016,Fabricraft Group #16,Clothing,Portland,East,contact16@wovenwear.com,0.4074074074074074,0.05641025641025641,0.7368421052631576
SUP-CAT1-0017,Northwind Apparel Trading #17,Clothing,Dallas,East,contact17@threadline.com,0.9259259259259259,0.1,0.05263157894736848
SUP-CAT1-0018,Fabricraft Partners #18,Clothing,Phoenix,Central,contact18@threadline.com,0.9259259259259259,0.6056410256410256,0.05263157894736848
SUP-CAT1-0019,Threadline Ltd. #19,Clothing,Portland,North,contact19@threadline.com,0.14814814814814814,0.06717948717948719,0.6315789473684212
SUP-CAT1-0020,Fabricraft Group #20,Clothing,Newark,Central,contact20@wovenwear.com,0.4444444444444444,0.8758974358974358,0.894736842105263
SUP-CAT1-0021,Fabricraft Trading #21,Clothing,Portland,Central,contact21@urbanstitch.com,0.5555555555555556,0.0010256410256410256,0.4210526315789473
SUP-CAT1-0022,Fabricraft Inc. #22,Clothing,Dallas,South,contact22@northwindapparel.com,0.0,0.9635897435897436,0.6842105263157897
SUP-CAT1-0023,UrbanStitch Trading #23,Clothing,Chicago,Central,contact23@threadline.com,0.8518518518518519,0.8682051282051282,0.05263157894736848
SUP-CAT1-0024,Fabricraft Wholesale #24,Clothing,Phoenix,North,contact24@wovenwear.com,0.9629629629629629,0.12102564102564102,0.5263157894736843
SUP-CAT1-0025,Wovenwear Inc. #25,Clothing,Columbus,Central,contact25@northwindapparel.com,0.8518518518518519,0.7005128205128205,0.6315789473684212
SUP-CAT1-0026,Northwind Apparel Partners #26,Clothing,Rotterdam,South,contact26@fabricraft.com,0.37037037037037035,0.498974358974359,0.4210526315789473
SUP-CAT1-0027,Fabricraft Group #27,Clothing,Hanoi,East,contact27@northwindapparel.com,0.18518518518518517,0.6594871794871795,0.4210526315789473
SUP-CAT1-0028,Threadline Partners #28,Clothing,Rotterdam,North,contact28@fabricraft.com,0.6666666666666666,0.9102564102564102,0.6842105263157897
SUP-CAT1-0029,Northwind Apparel LLC #29,Clothing,Atlanta,Central,contact29@northwindapparel.com,0.8888888888888888,0.3892307692307692,0.6842105263157897
SUP-CAT1-0030,Threadline Ltd. #30,Clothing,Atlanta,West,contact30@wovenwear.com,0.4074074074074074,0.8507692307692307,0.47368421052631576
SUP-CAT1-0031,UrbanStitch Trading #31,Clothing,Seattle,West,contact31@fabricraft.com,0.037037037037037035,0.4128205128205128,0.05263157894736848
SUP-CAT1-0032,Fabricraft Partners #32,Clothing,Miami,East,contact32@wovenwear.com,0.25925925925925924,0.14871794871794872,0.10526315789473638
SUP-CAT1-0033,Northwind Apparel Ltd. #33,Clothing,Shenzhen,East,contact33@threadline.com,1.0,0.07743589743589743,0.6842105263157897
SUP-CAT1-0034,Wovenwear Trading #34,Clothing,Seattle,South,contact34@wovenwear.com,0.9629629629629629,0.020512820512820513,0.47368421052631576
SUP-CAT1-0035,Threadline Distributors #35,Clothing,Osaka,Central,contact35@northwindapparel.com,0.3333333333333333,0.0020512820512820513,0.3684210526315788
SUP-CAT1-0036,Wovenwear Group #36,Clothing,Rotterdam,East,contact36@threadline.com,0.9629629629629629,0.3235897435897436,0.5263157894736843
SUP-CAT1-0037,Northwind Apparel Wholesale #37,Clothing,Atlanta,South,contact37@urbanstitch.com,0.1111111111111111,0.3005128205128205,0.5263157894736843
SUP-CAT1-0038,Northwind Apparel Co. #38,Clothing,Rotterdam,South,contact38@northwindapparel.com,0.5925925925925926,0.2723076923076923,0.5789473684210528
SUP-CAT1-0039,UrbanStitch Inc. #39,Clothing,Miami,East,contact39@fabricraft.com,0.8888888888888888,0.3830769230769231,0.8421052631578946
SUP-CAT1-0040,Threadline Partners #40,Clothing,Osaka,West,contact40@wovenwear.com,0.9629629629629629,0.382051282051282,0.7368421052631576
SUP-CAT1-0041,Threadline Group #41,Clothing,Denver,West,contact41@northwindapparel.com,0.6666666666666666,0.7015384615384616,0.2631578947368418
SUP-CAT1-0042,UrbanStitch Wholesale #42,Clothing,Seattle,South,contact42@wovenwear.com,0.1111111111111111,0.8,0.3157894736842103
SUP-CAT1-0043,Fabricraft Partners #43,Clothing,Newark,North,contact43@wovenwear.com,0.2962962962962963,0.9276923076923077,0.5789473684210528
SUP-CAT1-0044,Threadline Supply Chain #44,Clothing,Mumbai,East,contact44@northwindapparel.com,0.1111111111111111,0.4348717948717949,0.21052631578947334
SUP-CAT1-0045,Fabricraft LLC #45,Clothing,Miami,North,contact45@threadline.com,0.2962962962962963,0.4523076923076923,0.10526315789473638
SUP-CAT1-0046,Fabricraft Group #46,Clothing,Seattle,West,contact46@northwindapparel.com,0.8148148148148148,0.6035897435897436,0.5789473684210528
SUP-CAT1-0047,UrbanStitch Wholesale #47,Clothing,Dallas,Central,contact47@threadline.com,0.37037037037037035,0.37333333333333335,0.6842105263157897
SUP-CAT1-0048,Wovenwear Trading #48,Clothing,Shenzhen,North,contact48@urbanstitch.com,0.5925925925925926,0.04974358974358974,0.9473684210526315
SUP-CAT1-0049,Fabricraft Wholesale #49,Clothing,Seattle,Central,contact49@northwindapparel.com,0.9629629629629629,0.29794871794871797,0.2631578947368418
SUP-CAT1-0050,Northwind Apparel Supply Chain #50,Clothing,Columbus,North,contact50@wovenwear.com,0.5925925925925926,0.14974358974358976,0.5789473684210528
SUP-CAT1-0051,UrbanStitch Co. #51,Clothing,Newark,South,contact51@wovenwear.com,0.2962962962962963,0.517948717948718,0.894736842105263
SUP-CAT1-0052,Northwind Apparel Supply Chain #52,Clothing,Mumbai,North,contact52@wovenwear.com,0.7777777777777778,0.17743589743589744,0.6315789473684212
SUP-CAT1-0053,Wovenwear Distributors #53,Clothing,Atlanta,Central,contact53@fabricraft.com,0.18518518518518517,0.3292307692307692,0.4210526315789473
SUP-CAT1-0054,Fabricraft Supply Chain #54,Clothing,Rotterdam,North,contact54@fabricraft.com,0.18518518518518517,0.5051282051282051,0.2631578947368418
SUP-CAT1-0055,Fabricraft Ltd. #55,Clothing,Portland,Central,contact55@northwindapparel.com,0.4444444444444444,0.536923076923077,0.894736842105263
SUP-CAT1-0056,Fabricraft Partners #56,Clothing,Miami,North,contact56@wovenwear.com,0.9259259259259259,0.16564102564102565,0.7894736842105261
SUP-CAT1-0057,Northwind Apparel Inc. #57,Clothing,Mumbai,West,contact57@fabricraft.com,0.4444444444444444,0.9005128205128206,0.3684210526315788
SUP-CAT1-0058,Wovenwear Group #58,Clothing,Hanoi,West,contact58@fabricraft.com,1.0,0.08,0.6315789473684212
SUP-CAT1-0059,Fabricraft Co. #59,Clothing,Shenzhen,West,contact59@fabricraft.com,0.7777777777777778,0.9338461538461539,0.15789473684210487
SUP-CAT1-0060,Fabricraft Trading #60,Clothing,Hanoi,Central,contact60@wovenwear.com,0.4444444444444444,0.9379487179487179,0.7894736842105261
SUP-CAT1-0061,Fabricraft Co. #61,Clothing,Osaka,Central,contact61@wovenwear.com,0.4074074074074074,0.8225641025641026,0.2631578947368418
SUP-CAT1-0062,Threadline Partners #62,Clothing,Shenzhen,East,contact62@wovenwear.com,0.6666666666666666,0.3671794871794872,0.21052631578947334
SUP-CAT1-0063,UrbanStitch Supply Chain #63,Clothing,Atlanta,North,contact63@fabricraft.com,0.14814814814814814,0.18615384615384614,0.47368421052631576
SUP-CAT1-0064,Threadline Inc. #64,Clothing,Chicago,West,contact64@wovenwear.com,0.2222222222222222,0.9928205128205129,0.8421052631578946
SUP-CAT1-0065,UrbanStitch Group #65,Clothing,Seattle,West,contact65@threadline.com,0.9259259259259259,0.9461538461538461,0.9473684210526315
SUP-CAT1-0066,Wovenwear Group #66,Clothing,Shenzhen,South,contact66@fabricraft.com,0.5185185185185185,0.27897435897435896,0.21052631578947334
SUP-CAT1-0067,Fabricraft LLC #67,Clothing,Dallas,South,contact67@threadline.com,0.5925925925925926,0.14,0.05263157894736848
SUP-CAT1-0068,UrbanStitch Trading #68,Clothing,Seattle,West,contact68@wovenwear.com,0.5185185185185185,0.4461538461538462,0.3157894736842103
SUP-CAT1-0069,Northwind Apparel Wholesale #69,Clothing,Seattle,South,contact69@threadline.com,0.7777777777777778,0.1441025641025641,0.894736842105263
SUP-CAT1-0070,UrbanStitch LLC #70,Clothing,Atlanta,North,contact70@northwindapparel.com,0.37037037037037035,0.6943589743589743,0.5789473684210528
SUP-CAT1-0071,Threadline LLC #71,Clothing,Rotterdam,Central,contact71@northwindapparel.com,0.9259259259259259,0.34923076923076923,0.7368421052631576
SUP-CAT1-0072,Northwind Apparel Supply Chain #72,Clothing,Shenzhen,East,contact72@urbanstitch.com,0.6666666666666666,0.24256410256410257,0.4210526315789473
SUP-CAT1-0073,Threadline Supply Chain #73,Clothing,Miami,North,contact73@wovenwear.com,0.6296296296296297,0.681025641025641,0.21052631578947334
SUP-CAT1-0074,Fabricraft Co. #74,Clothing,Miami,East,contact74@fabricraft.com,0.2222222222222222,0.8282051282051283,0.0
SUP-CAT1-0075,Threadline LLC #75,Clothing,Seattle,West,contact75@urbanstitch.com,0.2962962962962963,0.9517948717948718,0.894736842105263
SUP-CAT1-0076,Threadline Trading #76,Clothing,Rotterdam,East,contact76@fabricraft.com,0.07407407407407407,0.662051282051282,0.47368421052631576
SUP-CAT1-0077,UrbanStitch Partners #77,Clothing,Atlanta,West,contact77@urbanstitch.com,0.4074074074074074,0.7841025641025641,0.10526315789473638
SUP-CAT1-0078,Northwind Apparel Supply Chain #78,Clothing,Hanoi,South,contact78@threadline.com,0.7037037037037037,0.8333333333333334,0.8421052631578946
SUP-CAT1-0079,Wovenwear Partners #79,Clothing,Dallas,North,contact79@wovenwear.com,1.0,0.8107692307692308,0.9473684210526315
SUP-CAT1-0080,Threadline Ltd. #80,Clothing,Chicago,Central,contact80@urbanstitch.com,0.4444444444444444,0.8815384615384615,0.8421052631578946
SUP-CAT1-0081,UrbanStitch Wholesale #81,Clothing,Shenzhen,Central,contact81@fabricraft.com,0.2222222222222222,0.036923076923076927,0.21052631578947334
SUP-CAT1-0082,Threadline Ltd. #82,Clothing,Hanoi,West,contact82@threadline.com,0.7777777777777778,0.78,0.05263157894736848
SUP-CAT1-0083,Wovenwear Ltd. #83,Clothing,Miami,North,contact83@wovenwear.com,0.8888888888888888,0.6723076923076923,0.05263157894736848
SUP-CAT1-0084,Threadline Partners #84,Clothing,Chicago,North,contact84@urbanstitch.com,0.48148148148148145,0.1794871794871795,0.6842105263157897
SUP-CAT1-0085,Northwind Apparel Inc. #85,Clothing,Osaka,Central,contact85@wovenwear.com,0.3333333333333333,0.4066666666666667,0.3157894736842103
SUP-CAT1-0086,UrbanStitch Inc. #86,Clothing,Chicago,North,contact86@northwindapparel.com,0.2962962962962963,0.8005128205128205,0.3684210526315788
SUP-CAT1-0087,Wovenwear Partners #87,Clothing,Hanoi,North,contact87@wovenwear.com,0.4444444444444444,0.20102564102564102,0.7368421052631576
SUP-CAT1-0088,Threadline Partners #88,Clothing,Rotterdam,South,contact88@fabricraft.com,0.37037037037037035,0.2948717948717949,0.21052631578947334
SUP-CAT1-0089,Fabricraft Wholesale #89,Clothing,Miami,West,contact89@northwindapparel.com,0.25925925925925924,0.5712820512820512,0.10526315789473638
SUP-CAT1-0090,Fabricraft Distributors #90,Clothing,Dallas,East,contact90@urbanstitch.com,0.2222222222222222,0.7979487179487179,0.47368421052631576
SUP-CAT1-0091,UrbanStitch Partners #91,Clothing,Columbus,East,contact91@fabricraft.com,0.5925925925925926,0.9543589743589743,0.47368421052631576
SUP-CAT1-0092,Wovenwear Group #92,Clothing,Columbus,West,contact92@wovenwear.com,0.5555555555555556,0.9892307692307692,0.6315789473684212
SUP-CAT1-0093,Threadline Supply Chain #93,Clothing,Chicago,North,contact93@threadline.com,0.4444444444444444,0.12666666666666668,0.4210526315789473
SUP-CAT1-0094,Fabricraft Ltd. #94,Clothing,Denver,East,contact94@wovenwear.com,0.5185185185185185,0.23384615384615384,0.6842105263157897
SUP-CAT1-0095,Northwind Apparel Ltd. #95,Clothing,Dallas,East,contact95@urbanstitch.com,1.0,0.2569230769230769,0.10526315789473638
SUP-CAT1-0096,Fabricraft Partners #96,Clothing,Mumbai,North,contact96@wovenwear.com,0.9629629629629629,0.04205128205128205,0.6315789473684212
SUP-CAT1-0097,Fabricraft Ltd. #97,Clothing,Hanoi,West,contact97@northwindapparel.com,0.6296296296296297,0.2923076923076923,0.9473684210526315
SUP-CAT1-0098,Wovenwear Partners #98,Clothing,Shenzhen,North,contact98@urbanstitch.com,0.48148148148148145,0.4317948717948718,0.3157894736842103
SUP-CAT1-0099,UrbanStitch LLC #99,Clothing,Dallas,South,contact99@wovenwear.com,0.8888888888888888,0.9743589743589743,0.0
SUP-CAT1-0100,Threadline Wholesale #100,Clothing,Portland,East,contact100@urbanstitch.com,0.0,0.024615384615384615,1.0
SUP-CAT1-0101,Wovenwear Group #101,Clothing,Seattle,East,contact101@northwindapparel.com,0.7407407407407407,0.8384615384615385,0.47368421052631576
SUP-CAT1-0102,Threadline Co. #102,Clothing,Rotterdam,South,contact102@northwindapparel.com,0.18518518518518517,0.7184615384615385,0.0
SUP-CAT1-0103,Northwind Apparel Partners #103,Clothing,Denver,West,contact103@threadline.com,0.4074074074074074,0.4230769230769231,0.5789473684210528
SUP-CAT1-0104,Threadline Inc. #104,Clothing,Osaka,West,contact104@northwindapparel.com,0.0,0.3861538461538462,0.47368421052631576
SUP-CAT1-0105,Northwind Apparel Group #105,Clothing,Denver,South,contact105@threadline.com,0.48148148148148145,0.6246153846153846,0.5789473684210528
SUP-CAT1-0106,Fabricraft Co. #106,Clothing,Phoenix,North,contact106@wovenwear.com,0.1111111111111111,0.8364102564102565,0.5263157894736843
SUP-CAT1-0107,Threadline Trading #107,Clothing,Newark,East,contact107@northwindapparel.com,0.3333333333333333,0.5856410256410256,0.8421052631578946
SUP-CAT1-0108,Threadline Wholesale #108,Clothing,Portland,East,contact108@wovenwear.com,0.8888888888888888,0.35333333333333333,0.6842105263157897
SUP-CAT1-0109,Fabricraft Distributors #109,Clothing,Newark,West,contact109@urbanstitch.com,0.4444444444444444,0.7307692307692307,0.0
SUP-CAT1-0110,Northwind Apparel Distributors #110,Clothing,Dallas,North,contact110@northwindapparel.com,0.37037037037037035,0.4246153846153846,0.3684210526315788
SUP-CAT1-0111,Fabricraft Wholesale #111,Clothing,Phoenix,Central,contact111@northwindapparel.com,0.4074074074074074,0.39897435897435896,0.6315789473684212
SUP-CAT1-0112,Fabricraft Wholesale #112,Clothing,Columbus,East,contact112@northwindapparel.com,0.5555555555555556,0.7897435897435897,0.3684210526315788
SUP-CAT1-0113,Threadline Distributors #113,Clothing,Newark,West,contact113@threadline.com,0.9629629629629629,0.009230769230769232,0.47368421052631576
SUP-CAT1-0114,Fabricraft Trading #114,Clothing,Osaka,North,contact114@wovenwear.com,0.14814814814814814,0.7302564102564103,0.8421052631578946
SUP-CAT1-0115,UrbanStitch Ltd. #115,Clothing,Dallas,East,contact115@wovenwear.com,0.2962962962962963,0.5666666666666667,0.6315789473684212
SUP-CAT1-0116,Threadline Inc. #116,Clothing,Phoenix,North,contact116@wovenwear.com,0.8148148148148148,0.8153846153846154,0.05263157894736848
SUP-CAT1-0117,Wovenwear Trading #117,Clothing,Seattle,West,contact117@threadline.com,0.8518518518518519,0.14923076923076922,0.4210526315789473
SUP-CAT1-0118,Fabricraft Ltd. #118,Clothing,Shenzhen,West,contact118@wovenwear.com,0.8518518518518519,0.29333333333333333,0.6842105263157897
SUP-CAT1-0119,Wovenwear Group #119,Clothing,Hanoi,East,contact119@wovenwear.com,0.48148148148148145,0.44461538461538463,0.894736842105263
SUP-CAT1-0120,Fabricraft Co. #120,Clothing,Hanoi,West,contact120@northwindapparel.com,0.4074074074074074,0.06307692307692307,0.10526315789473638
SUP-CAT1-0121,Fabricraft Inc. #121,Clothing,Atlanta,South,contact121@northwindapparel.com,0.18518518518518517,0.6579487179487179,0.3684210526315788
SUP-CAT1-0122,Fabricraft Partners #122,Clothing,Mumbai,West,contact122@threadline.com,0.18518518518518517,0.12512820512820513,0.6842105263157897
SUP-CAT1-0123,UrbanStitch Distributors #123,Clothing,Miami,North,contact123@urbanstitch.com,0.8888888888888888,0.13230769230769232,0.5263157894736843
SUP-CAT1-0124,Fabricraft Group #124,Clothing,Columbus,North,contact124@northwindapparel.com,0.0,0.14461538461538462,0.15789473684210487
SUP-CAT1-0125,Northwind Apparel LLC #125,Clothing,Hanoi,Central,contact125@wovenwear.com,0.8888888888888888,0.28205128205128205,0.4210526315789473
SUP-CAT1-0126,Fabricraft Group #126,Clothing,Portland,Central,contact126@northwindapparel.com,0.25925925925925924,0.13487179487179488,0.47368421052631576
SUP-CAT1-0127,Threadline Inc. #127,Clothing,Phoenix,East,contact127@urbanstitch.com,0.5185185185185185,0.6092307692307692,0.7894736842105261
SUP-CAT1-0128,Northwind Apparel Supply Chain #128,Clothing,Newark,South,contact128@threadline.com,0.07407407407407407,0.6564102564102564,0.894736842105263
SUP-CAT1-0129,Fabricraft Inc. #129,Clothing,Portland,North,contact129@fabricraft.com,0.6296296296296297,0.36153846153846153,0.21052631578947334
SUP-CAT1-0130,Wovenwear LLC #130,Clothing,Columbus,North,contact130@northwindapparel.com,0.9629629629629629,0.008717948717948718,0.9473684210526315
SUP-CAT1-0131,Threadline Partners #131,Clothing,Dallas,West,contact131@urbanstitch.com,0.037037037037037035,0.7682051282051282,0.7368421052631576
SUP-CAT1-0132,UrbanStitch Group #132,Clothing,Newark,North,contact132@wovenwear.com,0.6666666666666666,0.9974358974358974,0.2631578947368418
SUP-CAT1-0133,Threadline Ltd. #133,Clothing,Seattle,South,contact133@fabricraft.com,0.6666666666666666,0.5625641025641026,0.9473684210526315
SUP-CAT1-0134,Wovenwear LLC #134,Clothing,Hanoi,East,contact134@urbanstitch.com,0.037037037037037035,0.21076923076923076,0.3157894736842103
SUP-CAT1-0135,UrbanStitch Co. #135,Clothing,Mumbai,East,contact135@fabricraft.com,0.07407407407407407,0.28307692307692306,0.6315789473684212
SUP-CAT1-0136,UrbanStitch Trading #136,Clothing,Shenzhen,South,contact136@urbanstitch.com,0.18518518518518517,0.6656410256410257,0.3157894736842103
SUP-CAT1-0137,Northwind Apparel LLC #137,Clothing,Dallas,West,contact137@fabricraft.com,0.1111111111111111,0.2676923076923077,0.10526315789473638
SUP-CAT1-0138,Fabricraft Distributors #138,Clothing,Mumbai,West,contact138@threadline.com,0.5555555555555556,0.23487179487179488,0.6842105263157897
SUP-CAT1-0139,UrbanStitch Inc. #139,Clothing,Dallas,Central,contact139@fabricraft.com,0.9629629629629629,0.5912820512820512,0.6842105263157897
SUP-CAT1-0140,Northwind Apparel Group #140,Clothing,Miami,Central,contact140@fabricraft.com,0.7777777777777778,0.3343589743589744,0.9473684210526315
SUP-CAT1-0141,UrbanStitch Ltd. #141,Clothing,Rotterdam,Central,contact141@urbanstitch.com,0.48148148148148145,0.6605128205128206,0.5263157894736843
SUP-CAT1-0142,Threadline Co. #142,Clothing,Shenzhen,North,contact142@northwindapparel.com,0.7407407407407407,0.2323076923076923,0.10526315789473638
SUP-CAT1-0143,Wovenwear Supply Chain #143,Clothing,Denver,North,contact143@threadline.com,1.0,0.18564102564102564,0.3684210526315788
SUP-CAT1-0144,Threadline Ltd. #144,Clothing,Osaka,Central,contact144@wovenwear.com,0.9259259259259259,0.21897435897435896,0.05263157894736848
SUP-CAT1-0145,Wovenwear Partners #145,Clothing,Columbus,South,contact145@fabricraft.com,0.8518518518518519,0.5738461538461539,0.3157894736842103
SUP-CAT1-0146,Fabricraft Trading #146,Clothing,Phoenix,North,contact146@northwindapparel.com,1.0,0.17487179487179488,0.15789473684210487
SUP-CAT1-0147,UrbanStitch Partners #147,Clothing,Columbus,South,contact147@threadline.com,0.8148148148148148,0.5317948717948718,0.47368421052631576
SUP-CAT1-0148,Wovenwear Trading #148,Clothing,Atlanta,Central,contact148@northwindapparel.com,0.9259259259259259,0.9620512820512821,0.10526315789473638
SUP-CAT1-0149,UrbanStitch Partners #149,Clothing,Denver,North,contact149@urbanstitch.com,0.9259259259259259,0.15128205128205127,0.6842105263157897
SUP-CAT1-0150,Threadline Supply Chain #150,Clothing,Miami,North,contact150@fabricraft.com,0.7777777777777778,0.11794871794871795,0.8421052631578946
SUP-CAT1-0151,Wovenwear Distributors #151,Clothing,Miami,East,contact151@urbanstitch.com,0.1111111111111111,0.7646153846153846,0.6842105263157897
SUP-CAT1-0152,Wovenwear Partners #152,Clothing,Phoenix,South,contact152@northwindapparel.com,0.037037037037037035,0.46974358974358976,1.0
SUP-CAT1-0153,Fabricraft Partners #153,Clothing,Dallas,North,contact153@northwindapparel.com,0.7407407407407407,0.3912820512820513,0.2631578947368418
SUP-CAT1-0154,Wovenwear Partners #154,Clothing,Hanoi,West,contact154@wovenwear.com,0.5555555555555556,0.41794871794871796,0.10526315789473638
SUP-CAT1-0155,Wovenwear Group #155,Clothing,Mumbai,Central,contact155@wovenwear.com,0.48148148148148145,0.05846153846153846,0.4210526315789473
SUP-CAT1-0156,Fabricraft LLC #156,Clothing,Hanoi,North,contact156@urbanstitch.com,0.5555555555555556,0.11487179487179487,0.3157894736842103
SUP-CAT1-0157,Wovenwear Co. #157,Clothing,Shenzhen,West,contact157@northwindapparel.com,0.5185185185185185,0.48,0.0
SUP-CAT1-0158,Northwind Apparel Wholesale #158,Clothing,Newark,East,contact158@threadline.com,0.8518518518518519,0.5758974358974359,0.3684210526315788
SUP-CAT1-0159,Threadline Supply Chain #159,Clothing,Chicago,South,contact159@urbanstitch.com,0.14814814814814814,0.17846153846153845,0.6315789473684212
SUP-CAT1-0160,Fabricraft Wholesale #160,Clothing,Seattle,West,contact160@wovenwear.com,0.8148148148148148,0.5605128205128205,0.15789473684210487
SUP-CAT1-0161,Wovenwear Supply Chain #161,Clothing,Columbus,North,contact161@northwindapparel.com,0.1111111111111111,0.26871794871794874,0.15789473684210487
SUP-CAT1-0162,Northwind Apparel Co. #162,Clothing,Atlanta,Central,contact162@wovenwear.com,0.25925925925925924,0.04923076923076923,0.47368421052631576
SUP-CAT1-0163,Wovenwear Wholesale #163,Clothing,Columbus,North,contact163@fabricraft.com,0.3333333333333333,0.15794871794871795,0.47368421052631576
SUP-CAT1-0164,Threadline Partners #164,Clothing,Mumbai,West,contact164@threadline.com,0.48148148148148145,0.5225641025641026,0.2631578947368418
SUP-CAT1-0165,UrbanStitch Ltd. #165,Clothing,Chicago,West,contact165@urbanstitch.com,0.5185185185185185,0.2671794871794872,0.5789473684210528
SUP-CAT1-0166,Threadline Partners #166,Clothing,Rotterdam,South,contact166@urbanstitch.com,0.6666666666666666,0.49025641025641026,0.21052631578947334
SUP-CAT1-0167,UrbanStitch Inc. #167,Clothing,Hanoi,East,contact167@fabricraft.com,0.7777777777777778,0.7497435897435898,0.7368421052631576
SUP-CAT1-0168,UrbanStitch Wholesale #168,Clothing,Dallas,North,contact168@northwindapparel.com,0.9259259259259259,0.5646153846153846,0.7894736842105261
SUP-CAT1-0169,Northwind Apparel Co. #169,Clothing,Osaka,Central,contact169@wovenwear.com,0.48148148148148145,0.4256410256410256,0.5789473684210528
SUP-CAT1-0170,Northwind Apparel Supply Chain #170,Clothing,Rotterdam,South,contact170@wovenwear.com,0.7407407407407407,0.9748717948717949,0.4210526315789473
SUP-CAT1-0171,Threadline Trading #171,Clothing,Miami,South,contact171@fabricraft.com,0.8888888888888888,0.9876923076923076,0.3684210526315788
SUP-CAT1-0172,Threadline Ltd. #172,Clothing,Chicago,Central,contact172@fabricraft.com,0.25925925925925924,0.6687179487179488,0.21052631578947334
SUP-CAT1-0173,Wovenwear Supply Chain #173,Clothing,Rotterdam,South,contact173@threadline.com,0.14814814814814814,0.8605128205128205,0.15789473684210487
SUP-CAT1-0174,Fabricraft Trading #174,Clothing,Portland,Central,contact174@urbanstitch.com,0.9259259259259259,0.33384615384615385,0.10526315789473638
SUP-CAT1-0175,UrbanStitch Group #175,Clothing,Atlanta,North,contact175@fabricraft.com,0.6296296296296297,0.5328205128205128,0.05263157894736848
SUP-CAT1-0176,Wovenwear Supply Chain #176,Clothing,Phoenix,Central,contact176@threadline.com,0.5185185185185185,0.04153846153846154,1.0
SUP-CAT1-0177,UrbanStitch Inc. #177,Clothing,Rotterdam,North,contact177@urbanstitch.com,0.037037037037037035,0.7835897435897435,0.6842105263157897
SUP-CAT1-0178,Fabricraft Partners #178,Clothing,Columbus,North,contact178@threadline.com,0.25925925925925924,0.24358974358974358,0.8421052631578946
SUP-CAT1-0179,Fabricraft Co. #179,Clothing,Phoenix,East,contact179@urbanstitch.com,0.6666666666666666,0.583076923076923,0.15789473684210487
SUP-CAT1-0180,Northwind Apparel Partners #180,Clothing,Phoenix,East,contact180@fabricraft.com,0.0,0.1882051282051282,0.9473684210526315
SUP-CAT1-0181,Northwind Apparel Ltd. #181,Clothing,Denver,South,contact181@wovenwear.com,0.14814814814814814,0.019487179487179488,0.9473684210526315
SUP-CAT1-0182,Fabricraft Group #182,Clothing,Newark,West,contact182@threadline.com,0.14814814814814814,0.6241025641025642,0.894736842105263
SUP-CAT1-0183,Northwind Apparel LLC #183,Clothing,Shenzhen,South,contact183@threadline.com,0.6666666666666666,0.0071794871794871795,0.6842105263157897
SUP-CAT1-0184,Northwind Apparel Group #184,Clothing,Denver,South,contact184@northwindapparel.com,0.5555555555555556,0.7702564102564102,1.0
SUP-CAT1-0185,Wovenwear Wholesale #185,Clothing,Portland,West,contact185@threadline.com,0.9629629629629629,0.438974358974359,0.894736842105263
SUP-CAT1-0186,Fabricraft LLC #186,Clothing,Columbus,North,contact186@threadline.com,0.8888888888888888,0.07282051282051281,0.2631578947368418
SUP-CAT1-0187,Wovenwear Group #187,Clothing,Dallas,East,contact187@wovenwear.com,0.2222222222222222,0.12102564102564102,0.894736842105263
SUP-CAT1-0188,Wovenwear Partners #188,Clothing,Atlanta,Central,contact188@northwindapparel.com,0.6666666666666666,0.050256410256410255,0.21052631578947334
SUP-CAT1-0189,UrbanStitch Partners #189,Clothing,Osaka,South,contact189@threadline.com,0.5925925925925926,0.10923076923076923,0.9473684210526315
SUP-CAT1-0190,Threadline Wholesale #190,Clothing,Phoenix,North,contact190@fabricraft.com,0.6296296296296297,0.5164102564102564,0.3684210526315788
SUP-CAT1-0191,Northwind Apparel Inc. #191,Clothing,Portland,Central,contact191@threadline.com,0.3333333333333333,0.5779487179487179,0.8421052631578946
SUP-CAT1-0192,Northwind Apparel Ltd. #192,Clothing,Hanoi,West,contact192@fabricraft.com,0.7777777777777778,0.7923076923076923,0.47368421052631576
SUP-CAT1-0193,Threadline Wholesale #193,Clothing,Seattle,East,contact193@threadline.com,0.1111111111111111,0.10358974358974359,0.0
SUP-CAT1-0194,Wovenwear Ltd. #194,Clothing,Chicago,West,contact194@threadline.com,0.25925925925925924,0.19794871794871796,0.8421052631578946
SUP-CAT1-0195,Fabricraft Trading #195,Clothing,Seattle,South,contact195@wovenwear.com,0.07407407407407407,0.15025641025641026,0.3684210526315788
SUP-CAT1-0196,Threadline Co. #196,Clothing,Rotterdam,North,contact196@fabricraft.com,0.18518518518518517,0.6205128205128205,0.9473684210526315
SUP-CAT1-0197,UrbanStitch LLC #197,Clothing,Newark,North,contact197@urbanstitch.com,0.4444444444444444,0.6697435897435897,0.7368421052631576
SUP-CAT1-0198,Threadline Distributors #198,Clothing,Hanoi,South,contact198@wovenwear.com,0.6666666666666666,0.5876923076923077,0.7894736842105261
SUP-CAT1-0199,Wovenwear Trading #199,Clothing,Phoenix,North,contact199@urbanstitch.com,1.0,0.13538461538461538,0.0
SUP-CAT1-0200,Fabricraft Ltd. #200,Clothing,Seattle,West,contact200@urbanstitch.com,0.1111111111111111,0.37948717948717947,0.5789473684210528
SUP-CAT1-0201,Fabricraft Partners #201,Clothing,Rotterdam,South,contact201@urbanstitch.com,0.18518518518518517,0.07846153846153846,0.10526315789473638
SUP-CAT1-0202,UrbanStitch Trading #202,Clothing,Osaka,North,contact202@wovenwear.com,0.0,0.3425641025641026,0.5263157894736843
SUP-CAT1-0203,Northwind Apparel Partners #203,Clothing,Dallas,Central,contact203@northwindapparel.com,1.0,0.025128205128205128,0.4210526315789473
SUP-CAT1-0204,Threadline Wholesale #204,Clothing,Chicago,East,contact204@wovenwear.com,0.037037037037037035,0.2676923076923077,0.21052631578947334
SUP-CAT1-0205,UrbanStitch Trading #205,Clothing,Newark,West,contact205@northwindapparel.com,0.48148148148148145,0.34564102564102567,0.9473684210526315
SUP-CAT1-0206,UrbanStitch Group #206,Clothing,Columbus,East,contact206@northwindapparel.com,1.0,0.9994871794871795,0.9473684210526315
SUP-CAT1-0207,Threadline LLC #207,Clothing,Dallas,North,contact207@urbanstitch.com,0.2962962962962963,0.8897435897435897,0.5789473684210528
SUP-CAT1-0208,Northwind Apparel Group #208,Clothing,Osaka,South,contact208@threadline.com,1.0,0.11076923076923077,0.15789473684210487
SUP-CAT1-0209,Fabricraft Partners #209,Clothing,Miami,South,contact209@threadline.com,0.7777777777777778,0.4112820512820513,0.3684210526315788
SUP-CAT1-0210,Threadline Distributors #210,Clothing,Phoenix,South,contact210@wovenwear.com,0.9629629629629629,0.963076923076923,0.15789473684210487
SUP-CAT1-0211,Fabricraft Partners #211,Clothing,Osaka,West,contact211@wovenwear.com,0.2222222222222222,0.5358974358974359,0.21052631578947334
SUP-CAT1-0212,Northwind Apparel Partners #212,Clothing,Rotterdam,South,contact212@urbanstitch.com,0.2222222222222222,0.0015384615384615385,0.4210526315789473
SUP-CAT1-0213,Northwind Apparel Partners #213,Clothing,Miami,South,contact213@urbanstitch.com,0.4444444444444444,0.4764102564102564,0.5263157894736843
SUP-CAT1-0214,Fabricraft Supply Chain #214,Clothing,Dallas,North,contact214@urbanstitch.com,1.0,0.10512820512820513,0.5263157894736843
SUP-CAT1-0215,Northwind Apparel Inc. #215,Clothing,Seattle,West,contact215@wovenwear.com,0.037037037037037035,0.26974358974358975,0.7894736842105261
SUP-CAT1-0216,Fabricraft Partners #216,Clothing,Dallas,South,contact216@fabricraft.com,0.0,0.62,0.5789473684210528
SUP-CAT1-0217,Northwind Apparel Ltd. #217,Clothing,Shenzhen,East,contact217@threadline.com,0.9259259259259259,0.42153846153846153,0.3684210526315788
SUP-CAT1-0218,Northwind Apparel Trading #218,Clothing,Chicago,Central,contact218@urbanstitch.com,0.14814814814814814,0.0882051282051282,0.3684210526315788
SUP-CAT1-0219,Northwind Apparel Inc. #219,Clothing,Hanoi,West,contact219@threadline.com,0.18518518518518517,0.4882051282051282,0.6842105263157897
SUP-CAT1-0220,Fabricraft Inc. #220,Clothing,Dallas,West,contact220@threadline.com,0.8148148148148148,0.16153846153846155,0.15789473684210487
SUP-CAT1-0221,Fabricraft LLC #221,Clothing,Dallas,North,contact221@fabricraft.com,0.25925925925925924,0.6523076923076923,0.7368421052631576
SUP-CAT1-0222,Fabricraft Partners #222,Clothing,Atlanta,West,contact222@northwindapparel.com,0.2222222222222222,0.26974358974358975,0.5789473684210528
SUP-CAT1-0223,Threadline LLC #223,Clothing,Newark,East,contact223@urbanstitch.com,0.0,0.4379487179487179,0.5263157894736843
SUP-CAT1-0224,Fabricraft Ltd. #224,Clothing,Hanoi,North,contact224@wovenwear.com,0.0,0.1358974358974359,0.7894736842105261
SUP-CAT1-0225,Wovenwear Partners #225,Clothing,Chicago,West,contact225@northwindapparel.com,0.5555555555555556,0.47384615384615386,0.3157894736842103
SUP-CAT1-0226,UrbanStitch Co. #226,Clothing,Dallas,South,contact226@fabricraft.com,0.9629629629629629,0.024102564102564103,0.7894736842105261
SUP-CAT1-0227,UrbanStitch Co. #227,Clothing,Atlanta,Central,contact227@wovenwear.com,0.5555555555555556,0.25384615384615383,0.5263157894736843
SUP-CAT1-0228,UrbanStitch Ltd. #228,Clothing,Osaka,Central,contact228@urbanstitch.com,0.7407407407407407,0.12923076923076923,0.6842105263157897
SUP-CAT1-0229,Wovenwear Trading #229,Clothing,Osaka,West,contact229@northwindapparel.com,0.8518518518518519,0.8041025641025641,0.47368421052631576
SUP-CAT1-0230,UrbanStitch Co. #230,Clothing,Dallas,Central,contact230@fabricraft.com,0.037037037037037035,0.7184615384615385,0.3157894736842103
SUP-CAT1-0231,Threadline Partners #231,Clothing,Rotterdam,Central,contact231@northwindapparel.com,1.0,0.8471794871794872,1.0
SUP-CAT1-0232,Wovenwear Group #232,Clothing,Denver,South,contact232@northwindapparel.com,0.8518518518518519,0.8374358974358974,0.3157894736842103
SUP-CAT1-0233,Threadline Trading #233,Clothing,Denver,West,contact233@fabricraft.com,1.0,0.25794871794871793,0.2631578947368418
SUP-CAT1-0234,Fabricraft Inc. #234,Clothing,Mumbai,Central,contact234@northwindapparel.com,0.2962962962962963,0.681025641025641,0.5263157894736843
SUP-CAT1-0235,Wovenwear Supply Chain #235,Clothing,Phoenix,North,contact235@urbanstitch.com,0.7407407407407407,0.19692307692307692,0.6842105263157897
SUP-CAT1-0236,Northwind Apparel Inc. #236,Clothing,Hanoi,West,contact236@fabricraft.com,0.037037037037037035,0.8656410256410256,0.21052631578947334
SUP-CAT1-0237,Northwind Apparel Group #237,Clothing,Hanoi,Central,contact237@urbanstitch.com,0.8888888888888888,0.9989743589743589,0.7894736842105261
SUP-CAT1-0238,Wovenwear Ltd. #238,Clothing,Chicago,South,contact238@wovenwear.com,0.7777777777777778,0.8635897435897436,0.894736842105263
SUP-CAT1-0239,Fabricraft Group #239,Clothing,Atlanta,North,contact239@urbanstitch.com,0.8148148148148148,0.43641025641025644,0.4210526315789473
SUP-CAT1-0240,Fabricraft Supply Chain #240,Clothing,Osaka,North,contact240@northwindapparel.com,0.5925925925925926,0.27897435897435896,0.3157894736842103
SUP-CAT1-0241,Northwind Apparel Trading #241,Clothing,Dallas,Central,contact241@urbanstitch.com,0.14814814814814814,0.6276923076923077,0.7894736842105261
SUP-CAT1-0242,Fabricraft Supply Chain #242,Clothing,Denver,North,contact242@threadline.com,1.0,0.4553846153846154,0.8421052631578946
SUP-CAT1-0243,Threadline Co. #243,Clothing,Portland,East,contact243@fabricraft.com,0.5925925925925926,0.14974358974358976,0.05263157894736848
SUP-CAT1-0244,Northwind Apparel LLC #244,Clothing,Denver,West,contact244@northwindapparel.com,0.6296296296296297,0.38461538461538464,0.5789473684210528
SUP-CAT1-0245,UrbanStitch Supply Chain #245,Clothing,Seattle,West,contact245@urbanstitch.com,0.5925925925925926,0.28512820512820514,0.8421052631578946
SUP-CAT1-0246,UrbanStitch Wholesale #246,Clothing,Chicago,Central,contact246@northwindapparel.com,0.1111111111111111,0.028717948717948718,0.5789473684210528
SUP-CAT1-0247,UrbanStitch Inc. #247,Clothing,Osaka,East,contact247@wovenwear.com,0.25925925925925924,0.18564102564102564,0.4210526315789473
SUP-CAT1-0248,Threadline Co. #248,Clothing,Portland,North,contact248@northwindapparel.com,0.18518518518518517,0.5010256410256411,0.3157894736842103
SUP-CAT1-0249,Threadline Distributors #249,Clothing,Dallas,South,contact249@fabricraft.com,0.0,0.7897435897435897,0.5263157894736843
SUP-CAT1-0250,Threadline Co. #250,Clothing,Hanoi,East,contact250@threadline.com,0.5185185185185185,0.28,0.0
SUP-CAT1-0251,Threadline Inc. #251,Clothing,Mumbai,Central,contact251@wovenwear.com,0.5555555555555556,0.536923076923077,0.10526315789473638
SUP-CAT1-0252,Wovenwear Trading #252,Clothing,Atlanta,North,contact252@wovenwear.com,1.0,0.0441025641025641,0.47368421052631576
SUP-CAT1-0253,Northwind Apparel Wholesale #253,Clothing,Newark,East,contact253@fabricraft.com,0.6666666666666666,0.6030769230769231,0.5263157894736843
SUP-CAT1-0254,Northwind Apparel Co. #254,Clothing,Portland,North,contact254@urbanstitch.com,0.037037037037037035,0.48256410256410254,0.3157894736842103
SUP-CAT1-0255,Northwind Apparel Supply Chain #255,Clothing,Portland,North,contact255@fabricraft.com,0.7777777777777778,0.818974358974359,0.2631578947368418
SUP-CAT1-0256,Threadline LLC #256,Clothing,Mumbai,North,contact256@fabricraft.com,0.4074074074074074,0.5076923076923077,1.0
SUP-CAT1-0257,Northwind Apparel LLC #257,Clothing,Shenzhen,East,contact257@wovenwear.com,0.25925925925925924,0.7456410256410256,0.9473684210526315
SUP-CAT1-0258,UrbanStitch Group #258,Clothing,Hanoi,West,contact258@threadline.com,0.3333333333333333,0.7553846153846154,1.0
SUP-CAT1-0259,Northwind Apparel Co. #259,Clothing,Phoenix,North,contact259@threadline.com,0.7777777777777778,0.8574358974358974,0.5789473684210528
SUP-CAT1-0260,Wovenwear Partners #260,Clothing,Seattle,South,contact260@fabricraft.com,0.8148148148148148,0.005128205128205128,0.7368421052631576
SUP-CAT1-0261,UrbanStitch LLC #261,Clothing,Columbus,North,contact261@threadline.com,0.5925925925925926,0.28,0.6315789473684212
SUP-CAT1-0262,Threadline Group #262,Clothing,Rotterdam,West,contact262@wovenwear.com,0.25925925925925924,0.6266666666666667,0.05263157894736848
SUP-CAT1-0263,Fabricraft Group #263,Clothing,Dallas,South,contact263@urbanstitch.com,0.7407407407407407,0.48256410256410254,0.2631578947368418
SUP-CAT1-0264,Northwind Apparel LLC #264,Clothing,Dallas,West,contact264@urbanstitch.com,0.8518518518518519,0.0020512820512820513,0.3684210526315788
SUP-CAT1-0265,Wovenwear Group #265,Clothing,Rotterdam,Central,contact265@fabricraft.com,0.037037037037037035,0.8728205128205129,0.47368421052631576
SUP-CAT1-0266,UrbanStitch LLC #266,Clothing,Seattle,South,contact266@northwindapparel.com,0.7777777777777778,0.3923076923076923,0.9473684210526315
SUP-CAT1-0267,Wovenwear Partners #267,Clothing,Denver,North,contact267@threadline.com,0.1111111111111111,0.37743589743589745,0.6315789473684212
SUP-CAT1-0268,Threadline Ltd. #268,Clothing,Osaka,West,contact268@wovenwear.com,0.14814814814814814,0.8687179487179487,0.10526315789473638
SUP-CAT1-0269,UrbanStitch Supply Chain #269,Clothing,Denver,South,contact269@urbanstitch.com,0.6296296296296297,0.8153846153846154,0.4210526315789473
SUP-CAT1-0270,Fabricraft LLC #270,Clothing,Osaka,Central,contact270@fabricraft.com,0.3333333333333333,0.877948717948718,0.6315789473684212
SUP-CAT1-0271,Northwind Apparel Co. #271,Clothing,Atlanta,West,contact271@wovenwear.com,0.6666666666666666,0.2158974358974359,0.8421052631578946
SUP-CAT1-0272,Fabricraft Supply Chain #272,Clothing,Shenzhen,Central,contact272@threadline.com,0.7777777777777778,0.6764102564102564,0.8421052631578946
SUP-CAT1-0273,Fabricraft Distributors #273,Clothing,Shenzhen,West,contact273@urbanstitch.com,0.48148148148148145,0.7020512820512821,0.3684210526315788
SUP-CAT1-0274,Threadline Supply Chain #274,Clothing,Newark,South,contact274@wovenwear.com,0.9259259259259259,0.36205128205128206,0.5789473684210528
SUP-CAT1-0275,Northwind Apparel Group #275,Clothing,Atlanta,East,contact275@threadline.com,0.1111111111111111,0.841025641025641,0.3684210526315788
SUP-CAT1-0276,Northwind Apparel Ltd. #276,Clothing,Denver,West,contact276@wovenwear.com,0.6666666666666666,0.7779487179487179,0.8421052631578946
SUP-CAT1-0277,Wovenwear Supply Chain #277,Clothing,Portland,West,contact277@urbanstitch.com,0.7777777777777778,0.941025641025641,0.10526315789473638
SUP-CAT1-0278,Fabricraft Distributors #278,Clothing,Rotterdam,East,contact278@wovenwear.com,0.48148148148148145,0.06769230769230769,0.15789473684210487
SUP-CAT1-0279,Wovenwear Trading #279,Clothing,Rotterdam,West,contact279@threadline.com,0.8148148148148148,0.7625641025641026,0.21052631578947334
SUP-CAT1-0280,Threadline LLC #280,Clothing,Atlanta,Central,contact280@wovenwear.com,0.4444444444444444,0.5425641025641026,0.5263157894736843
SUP-CAT1-0281,Threadline Wholesale #281,Clothing,Hanoi,West,contact281@fabricraft.com,0.25925925925925924,0.8128205128205128,0.9473684210526315
SUP-CAT1-0282,Northwind Apparel Trading #282,Clothing,Atlanta,West,contact282@urbanstitch.com,0.7407407407407407,0.4430769230769231,0.3157894736842103
SUP-CAT1-0283,Fabricraft LLC #283,Clothing,Newark,West,contact283@urbanstitch.com,0.7777777777777778,0.5533333333333333,0.7368421052631576
SUP-CAT1-0284,Fabricraft Co. #284,Clothing,Newark,West,contact284@urbanstitch.com,0.037037037037037035,0.8697435897435898,0.10526315789473638
SUP-CAT1-0285,UrbanStitch Trading #285,Clothing,Phoenix,South,contact285@wovenwear.com,0.037037037037037035,0.2512820512820513,0.7894736842105261
SUP-CAT1-0286,UrbanStitch Ltd. #286,Clothing,Denver,East,contact286@urbanstitch.com,0.9259259259259259,0.6492307692307693,0.5789473684210528
SUP-CAT1-0287,UrbanStitch Trading #287,Clothing,Portland,West,contact287@threadline.com,0.5555555555555556,0.9738461538461538,0.05263157894736848
SUP-CAT1-0288,Wovenwear Distributors #288,Clothing,Miami,West,contact288@urbanstitch.com,0.8148148148148148,0.6758974358974359,0.7894736842105261
SUP-CAT1-0289,Fabricraft Supply Chain #289,Clothing,Seattle,North,contact289@threadline.com,0.6296296296296297,0.2928205128205128,0.8421052631578946
SUP-CAT1-0290,Northwind Apparel Trading #290,Clothing,Mumbai,West,contact290@northwindapparel.com,0.1111111111111111,0.7087179487179487,0.21052631578947334
SUP-CAT1-0291,Fabricraft Partners #291,Clothing,Osaka,North,contact291@threadline.com,0.0,0.9441025641025641,0.4210526315789473
SUP-CAT1-0292,Fabricraft Group #292,Clothing,Phoenix,Central,contact292@northwindapparel.com,0.037037037037037035,0.0,0.47368421052631576
SUP-CAT1-0293,UrbanStitch Wholesale #293,Clothing,Denver,Central,contact293@urbanstitch.com,0.8148148148148148,0.29333333333333333,0.47368421052631576
SUP-CAT1-0294,Fabricraft Inc. #294,Clothing,Shenzhen,West,contact294@fabricraft.com,0.9259259259259259,0.6015384615384616,0.4210526315789473
SUP-CAT1-0295,Wovenwear Partners #295,Clothing,Miami,South,contact295@fabricraft.com,0.1111111111111111,0.35435897435897434,0.4210526315789473
SUP-CAT1-0296,Threadline Inc. #296,Clothing,Portland,West,contact296@fabricraft.com,0.5185185185185185,0.3271794871794872,0.7894736842105261
SUP-CAT1-0297,Threadline Partners #297,Clothing,Atlanta,North,contact297@urbanstitch.com,0.48148148148148145,0.17487179487179488,0.05263157894736848
SUP-CAT1-0298,UrbanStitch Group #298,Clothing,Phoenix,Central,contact298@northwindapparel.com,0.48148148148148145,0.5430769230769231,0.4210526315789473
SUP-CAT1-0299,Fabricraft Wholesale #299,Clothing,Hanoi,West,contact299@northwindapparel.com,0.037037037037037035,0.6323076923076923,0.05263157894736848
SUP-CAT1-0300,Fabricraft Distributors #300,Clothing,Rotterdam,East,contact300@northwindapparel.com,0.9259259259259259,0.19333333333333333,0.10526315789473638
SUP-CAT1-0301,UrbanStitch Inc. #301,Clothing,Dallas,East,contact301@wovenwear.com,0.2222222222222222,0.14,1.0
SUP-CAT1-0302,UrbanStitch Inc. #302,Clothing,Hanoi,West,contact302@fabricraft.com,0.0,0.25076923076923074,0.15789473684210487
SUP-CAT1-0303,Wovenwear Partners #303,Clothing,Miami,North,contact303@threadline.com,1.0,0.8969230769230769,0.7368421052631576
SUP-CAT1-0304,Wovenwear Ltd. #304,Clothing,Rotterdam,South,contact304@northwindapparel.com,0.7407407407407407,0.14051282051282052,0.47368421052631576
SUP-CAT1-0305,Wovenwear Wholesale #305,Clothing,Miami,North,contact305@northwindapparel.com,0.5185185185185185,0.318974358974359,0.3684210526315788
SUP-CAT1-0306,Northwind Apparel Inc. #306,Clothing,Atlanta,East,contact306@urbanstitch.com,0.2962962962962963,0.7630769230769231,0.8421052631578946
SUP-CAT1-0307,Northwind Apparel Supply Chain #307,Clothing,Chicago,North,contact307@northwindapparel.com,0.7777777777777778,0.17333333333333334,0.10526315789473638
SUP-CAT1-0308,Threadline Co. #308,Clothing,Chicago,East,contact308@fabricraft.com,0.07407407407407407,0.6148717948717949,0.47368421052631576
SUP-CAT1-0309,Wovenwear Supply Chain #309,Clothing,Dallas,North,contact309@northwindapparel.com,0.5555555555555556,0.9774358974358974,0.15789473684210487
SUP-CAT1-0310,Wovenwear Trading #310,Clothing,Shenzhen,Central,contact310@northwindapparel.com,0.9629629629629629,0.7574358974358975,0.4210526315789473
SUP-CAT1-0311,Fabricraft Partners #311,Clothing,Shenzhen,West,contact311@fabricraft.com,0.3333333333333333,0.35435897435897434,0.47368421052631576
SUP-CAT1-0312,Wovenwear Ltd. #312,Clothing,Rotterdam,Central,contact312@urbanstitch.com,0.5185185185185185,0.017948717948717947,0.7368421052631576
SUP-CAT1-0313,Threadline Distributors #313,Clothing,Seattle,Central,contact313@northwindapparel.com,0.5925925925925926,0.27076923076923076,0.6315789473684212
SUP-CAT1-0314,UrbanStitch Ltd. #314,Clothing,Denver,Central,contact314@threadline.com,1.0,0.8753846153846154,0.15789473684210487
SUP-CAT1-0315,Fabricraft Group #315,Clothing,Newark,West,contact315@northwindapparel.com,0.8888888888888888,0.49025641025641026,0.2631578947368418
SUP-CAT1-0316,Northwind Apparel Co. #316,Clothing,Shenzhen,North,contact316@urbanstitch.com,0.3333333333333333,0.27794871794871795,0.10526315789473638
SUP-CAT1-0317,Fabricraft Ltd. #317,Clothing,Seattle,Central,contact317@threadline.com,0.9629629629629629,0.5041025641025642,0.3684210526315788
SUP-CAT1-0318,Northwind Apparel Ltd. #318,Clothing,Seattle,North,contact318@threadline.com,0.25925925925925924,0.5384615384615384,0.47368421052631576
SUP-CAT1-0319,Fabricraft Distributors #319,Clothing,Hanoi,East,contact319@threadline.com,0.5555555555555556,0.05897435897435897,0.2631578947368418
SUP-CAT1-0320,Wovenwear Partners #320,Clothing,Atlanta,East,contact320@wovenwear.com,0.9629629629629629,0.49128205128205127,0.10526315789473638
SUP-CAT1-0321,UrbanStitch Partners #321,Clothing,Rotterdam,East,contact321@northwindapparel.com,0.7407407407407407,0.6374358974358975,0.894736842105263
SUP-CAT1-0322,Fabricraft Partners #322,Clothing,Atlanta,North,contact322@wovenwear.com,0.4444444444444444,0.301025641025641,0.8421052631578946
SUP-CAT1-0323,Threadline Trading #323,Clothing,Seattle,West,contact323@wovenwear.com,0.7037037037037037,0.9266666666666666,0.7894736842105261
SUP-CAT1-0324,UrbanStitch Ltd. #324,Clothing,Mumbai,West,contact324@northwindapparel.com,0.2222222222222222,0.3758974358974359,0.894736842105263
SUP-CAT1-0325,UrbanStitch Ltd. #325,Clothing,Dallas,North,contact325@urbanstitch.com,0.8518518518518519,0.6625641025641026,0.7894736842105261
SUP-CAT1-0326,Wovenwear Distributors #326,Clothing,Mumbai,West,contact326@threadline.com,0.7777777777777778,0.258974358974359,0.3684210526315788
SUP-CAT1-0327,Northwind Apparel Co. #327,Clothing,Portland,East,contact327@threadline.com,0.5925925925925926,0.6476923076923077,1.0
SUP-CAT1-0328,Threadline LLC #328,Clothing,Hanoi,Central,contact328@threadline.com,0.14814814814814814,0.13384615384615384,0.2631578947368418
SUP-CAT1-0329,UrbanStitch Inc. #329,Clothing,Newark,North,contact329@northwindapparel.com,0.37037037037037035,0.6153846153846154,0.21052631578947334
SUP-CAT1-0330,Northwind Apparel Supply Chain #330,Clothing,Rotterdam,Central,contact330@threadline.com,0.5185185185185185,0.1317948717948718,0.8421052631578946
SUP-CAT1-0331,Northwind Apparel Supply Chain #331,Clothing,Newark,Central,contact331@northwindapparel.com,0.6666666666666666,0.2928205128205128,0.7894736842105261
SUP-CAT1-0332,UrbanStitch Co. #332,Clothing,Dallas,South,contact332@threadline.com,1.0,0.816923076923077,0.0
SUP-CAT1-0333,Northwind Apparel Wholesale #333,Clothing,Osaka,East,contact333@urbanstitch.com,0.18518518518518517,0.9748717948717949,1.0
SUP-CAT1-0334,Fabricraft Group #334,Clothing,Osaka,South,contact334@wovenwear.com,0.18518518518518517,0.07692307692307693,0.6842105263157897
SUP-CAT1-0335,Wovenwear Distributors #335,Clothing,Rotterdam,North,contact335@fabricraft.com,0.8148148148148148,0.9143589743589744,0.7894736842105261
SUP-CAT1-0336,Northwind Apparel Partners #336,Clothing,Atlanta,Central,contact336@wovenwear.com,0.9629629629629629,0.7158974358974359,0.47368421052631576
SUP-CAT1-0337,Fabricraft Supply Chain #337,Clothing,Hanoi,East,contact337@urbanstitch.com,0.037037037037037035,0.24256410256410257,0.7894736842105261
SUP-CAT1-0338,Wovenwear LLC #338,Clothing,Hanoi,West,contact338@wovenwear.com,0.18518518518518517,0.6512820512820513,0.5789473684210528
SUP-CAT1-0339,UrbanStitch Partners #339,Clothing,Mumbai,South,contact339@northwindapparel.com,0.8888888888888888,0.8020512820512821,0.6315789473684212
SUP-CAT1-0340,Fabricraft Partners #340,Clothing,Portland,East,contact340@wovenwear.com,0.8518518518518519,0.9117948717948718,0.3157894736842103
SUP-CAT1-0341,UrbanStitch Supply Chain #341,Clothing,Mumbai,South,contact341@fabricraft.com,0.2962962962962963,0.11384615384615385,0.6315789473684212
SUP-CAT1-0342,Wovenwear LLC #342,Clothing,Shenzhen,South,contact342@northwindapparel.com,0.4444444444444444,0.8528205128205129,0.7894736842105261
SUP-CAT1-0343,Fabricraft Co. #343,Clothing,Mumbai,South,contact343@threadline.com,0.5555555555555556,0.536923076923077,0.3157894736842103
SUP-CAT1-0344,UrbanStitch LLC #344,Clothing,Osaka,North,contact344@wovenwear.com,0.5925925925925926,0.4230769230769231,0.10526315789473638
SUP-CAT1-0345,Northwind Apparel Co. #345,Clothing,Phoenix,South,contact345@fabricraft.com,0.6296296296296297,0.5876923076923077,1.0
SUP-CAT1-0346,Threadline Distributors #346,Clothing,Portland,South,contact346@fabricraft.com,0.7777777777777778,0.5169230769230769,0.7894736842105261
SUP-CAT1-0347,Wovenwear Partners #347,Clothing,Dallas,Central,contact347@northwindapparel.com,0.37037037037037035,0.5712820512820512,0.7894736842105261
SUP-CAT1-0348,Threadline Distributors #348,Clothing,Dallas,South,contact348@threadline.com,0.14814814814814814,0.6666666666666666,0.8421052631578946
SUP-CAT1-0349,Northwind Apparel LLC #349,Clothing,Chicago,North,contact349@threadline.com,0.9629629629629629,0.44871794871794873,0.7368421052631576
SUP-CAT1-0350,Northwind Apparel Partners #350,Clothing,Dallas,East,contact350@northwindapparel.com,0.48148148148148145,0.3605128205128205,0.8421052631578946
SUP-CAT1-0351,Wovenwear Group #351,Clothing,Newark,North,contact351@wovenwear.com,0.5185185185185185,0.019487179487179488,0.10526315789473638
SUP-CAT1-0352,Fabricraft Group #352,Clothing,Chicago,East,contact352@urbanstitch.com,0.8518518518518519,0.3292307692307692,0.3157894736842103
SUP-CAT1-0353,Wovenwear Supply Chain #353,Clothing,Mumbai,North,contact353@fabricraft.com,0.7407407407407407,0.14358974358974358,0.21052631578947334
SUP-CAT1-0354,Threadline LLC #354,Clothing,Miami,South,contact354@threadline.com,0.4074074074074074,0.3717948717948718,0.47368421052631576
SUP-CAT1-0355,Threadline Trading #355,Clothing,Denver,North,contact355@urbanstitch.com,0.0,0.12512820512820513,0.2631578947368418
SUP-CAT1-0356,Fabricraft Co. #356,Clothing,Phoenix,West,contact356@urbanstitch.com,0.25925925925925924,0.4835897435897436,0.3684210526315788
SUP-CAT1-0357,Wovenwear Wholesale #357,Clothing,Chicago,West,contact357@wovenwear.com,0.9629629629629629,0.381025641025641,0.894736842105263
SUP-CAT1-0358,UrbanStitch Supply Chain #358,Clothing,Chicago,North,contact358@urbanstitch.com,0.14814814814814814,0.13333333333333333,0.2631578947368418
SUP-CAT1-0359,UrbanStitch LLC #359,Clothing,Denver,Central,contact359@northwindapparel.com,0.3333333333333333,0.6851282051282052,0.47368421052631576
SUP-CAT1-0360,Wovenwear Group #360,Clothing,Atlanta,Central,contact360@northwindapparel.com,0.037037037037037035,0.3723076923076923,0.3157894736842103
SUP-CAT1-0361,UrbanStitch Distributors #361,Clothing,Columbus,West,contact361@wovenwear.com,1.0,0.9420512820512821,0.7368421052631576
SUP-CAT1-0362,Threadline LLC #362,Clothing,Shenzhen,East,contact362@fabricraft.com,0.37037037037037035,0.06820512820512821,0.6315789473684212
SUP-CAT1-0363,Fabricraft Trading #363,Clothing,Phoenix,East,contact363@urbanstitch.com,0.14814814814814814,0.5964102564102564,0.2631578947368418
SUP-CAT1-0364,Northwind Apparel Supply Chain #364,Clothing,Rotterdam,West,contact364@wovenwear.com,0.037037037037037035,0.938974358974359,0.21052631578947334
SUP-CAT1-0365,Threadline Group #365,Clothing,Osaka,West,contact365@urbanstitch.com,0.14814814814814814,0.010256410256410256,0.10526315789473638
SUP-CAT1-0366,Northwind Apparel Co. #366,Clothing,Columbus,Central,contact366@threadline.com,0.5185185185185185,0.2928205128205128,0.7894736842105261
SUP-CAT1-0367,Wovenwear Distributors #367,Clothing,Rotterdam,South,contact367@threadline.com,0.2222222222222222,0.9938461538461538,0.3684210526315788
SUP-CAT1-0368,UrbanStitch LLC #368,Clothing,Hanoi,Central,contact368@wovenwear.com,0.2962962962962963,0.6682051282051282,0.7368421052631576
SUP-CAT1-0369,UrbanStitch Supply Chain #369,Clothing,Mumbai,Central,contact369@wovenwear.com,0.2962962962962963,0.5774358974358974,0.6842105263157897
SUP-CAT1-0370,Northwind Apparel Ltd. #370,Clothing,Mumbai,North,contact370@fabricraft.com,0.07407407407407407,0.6841025641025641,0.894736842105263
SUP-CAT1-0371,Threadline Group #371,Clothing,Portland,West,contact371@fabricraft.com,0.48148148148148145,0.42256410256410254,0.9473684210526315
SUP-CAT1-0372,Fabricraft Inc. #372,Clothing,Miami,East,contact372@northwindapparel.com,0.3333333333333333,0.7405128205128205,0.8421052631578946
SUP-CAT1-0373,Threadline Supply Chain #373,Clothing,Portland,North,contact373@threadline.com,0.7777777777777778,0.9261538461538461,0.7894736842105261
SUP-CAT1-0374,Threadline Co. #374,Clothing,Phoenix,South,contact374@threadline.com,0.5185185185185185,0.7307692307692307,0.2631578947368418
SUP-CAT1-0375,Wovenwear Trading #375,Clothing,Rotterdam,South,contact375@urbanstitch.com,0.8888888888888888,0.03641025641025641,0.2631578947368418
SUP-CAT1-0376,UrbanStitch Group #376,Clothing,Mumbai,Central,contact376@threadline.com,0.6296296296296297,0.36153846153846153,0.5263157894736843
SUP-CAT1-0377,Wovenwear Inc. #377,Clothing,Newark,North,contact377@threadline.com,1.0,0.6066666666666667,0.7894736842105261
SUP-CAT1-0378,UrbanStitch Supply Chain #378,Clothing,Newark,East,contact378@northwindapparel.com,0.1111111111111111,0.030256410256410255,0.3157894736842103
SUP-CAT1-0379,UrbanStitch Co. #379,Clothing,Columbus,East,contact379@urbanstitch.com,0.25925925925925924,0.9620512820512821,0.3684210526315788
SUP-CAT1-0380,Wovenwear Wholesale #380,Clothing,Newark,East,contact380@fabricraft.com,0.4074074074074074,0.24051282051282052,0.10526315789473638
SUP-CAT1-0381,Wovenwear Wholesale #381,Clothing,Mumbai,South,contact381@fabricraft.com,0.4074074074074074,0.9184615384615384,0.7368421052631576
SUP-CAT1-0382,Wovenwear Distributors #382,Clothing,Osaka,West,contact382@urbanstitch.com,0.3333333333333333,0.7764102564102564,0.7368421052631576
SUP-CAT1-0383,Fabricraft Supply Chain #383,Clothing,Hanoi,Central,contact383@fabricraft.com,0.3333333333333333,0.6292307692307693,0.5789473684210528
SUP-CAT1-0384,Fabricraft Ltd. #384,Clothing,Portland,South,contact384@urbanstitch.com,0.18518518518518517,0.598974358974359,0.05263157894736848
SUP-CAT1-0385,Threadline Trading #385,Clothing,Seattle,West,contact385@threadline.com,0.9629629629629629,0.03641025641025641,0.2631578947368418
SUP-CAT1-0386,Fabricraft Co. #386,Clothing,Shenzhen,East,contact386@northwindapparel.com,0.25925925925925924,0.36102564102564105,1.0
SUP-CAT1-0387,Wovenwear Group #387,Clothing,Columbus,East,contact387@fabricraft.com,0.4444444444444444,0.19025641025641027,0.6842105263157897
SUP-CAT1-0388,UrbanStitch Co. #388,Clothing,Newark,East,contact388@urbanstitch.com,0.037037037037037035,0.5574358974358974,0.3684210526315788
SUP-CAT1-0389,UrbanStitch Group #389,Clothing,Denver,East,contact389@fabricraft.com,0.4444444444444444,0.7015384615384616,0.0
SUP-CAT1-0390,Northwind Apparel Partners #390,Clothing,Atlanta,Central,contact390@urbanstitch.com,0.07407407407407407,0.9697435897435898,0.0
SUP-CAT1-0391,Northwind Apparel Ltd. #391,Clothing,Portland,East,contact391@urbanstitch.com,0.8518518518518519,0.3384615384615385,0.15789473684210487
SUP-CAT1-0392,Wovenwear Wholesale #392,Clothing,Seattle,Central,contact392@urbanstitch.com,0.0,0.8323076923076923,0.8421052631578946
SUP-CAT1-0393,Fabricraft Group #393,Clothing,Dallas,West,contact393@threadline.com,0.5925925925925926,0.02205128205128205,0.7368421052631576
SUP-CAT1-0394,Fabricraft Distributors #394,Clothing,Atlanta,East,contact394@urbanstitch.com,0.2222222222222222,0.39487179487179486,0.7894736842105261
SUP-CAT1-0395,Threadline Partners #395,Clothing,Osaka,North,contact395@northwindapparel.com,0.5555555555555556,0.8117948717948718,0.6315789473684212
SUP-CAT1-0396,Wovenwear Partners #396,Clothing,Phoenix,North,contact396@northwindapparel.com,0.6296296296296297,0.17076923076923076,0.5263157894736843
SUP-CAT1-0397,Fabricraft Partners #397,Clothing,Phoenix,Central,contact397@wovenwear.com,0.8518518518518519,0.7035897435897436,0.9473684210526315
SUP-CAT1-0398,UrbanStitch Distributors #398,Clothing,Portland,Central,contact398@threadline.com,0.1111111111111111,0.9466666666666667,0.7894736842105261
SUP-CAT1-0399,Threadline Trading #399,Clothing,Atlanta,South,contact399@urbanstitch.com,0.5555555555555556,0.5451282051282051,0.8421052631578946
SUP-CAT1-0400,Northwind Apparel LLC #400,Clothing,Seattle,East,contact400@urbanstitch.com,0.7037037037037037,0.03230769230769231,0.3684210526315788
SUP-CAT1-0401,Northwind Apparel Inc. #401,Clothing,Columbus,South,contact401@northwindapparel.com,0.6296296296296297,0.5712820512820512,0.05263157894736848
SUP-CAT1-0402,Threadline Distributors #402,Clothing,Columbus,Central,contact402@northwindapparel.com,0.8148148148148148,0.44153846153846155,0.7894736842105261
SUP-CAT1-0403,Threadline Distributors #403,Clothing,Newark,South,contact403@fabricraft.com,0.6666666666666666,0.14564102564102563,0.3684210526315788
SUP-CAT1-0404,Threadline Co. #404,Clothing,Newark,North,contact404@urbanstitch.com,0.37037037037037035,0.6369230769230769,0.6315789473684212
SUP-CAT1-0405,Threadline Inc. #405,Clothing,Newark,Central,contact405@urbanstitch.com,0.8888888888888888,0.46153846153846156,0.7894736842105261
SUP-CAT1-0406,Northwind Apparel Distributors #406,Clothing,Newark,North,contact406@wovenwear.com,0.6666666666666666,0.5056410256410256,0.6315789473684212
SUP-CAT1-0407,Wovenwear Wholesale #407,Clothing,Osaka,West,contact407@fabricraft.com,0.6296296296296297,0.33384615384615385,0.47368421052631576
SUP-CAT1-0408,UrbanStitch Trading #408,Clothing,Columbus,West,contact408@northwindapparel.com,0.7037037037037037,0.6261538461538462,0.3684210526315788
SUP-CAT1-0409,Threadline Ltd. #409,Clothing,Newark,West,contact409@wovenwear.com,0.6666666666666666,0.7107692307692308,0.6842105263157897
SUP-CAT1-0410,Fabricraft Supply Chain #410,Clothing,Rotterdam,North,contact410@northwindapparel.com,0.48148148148148145,0.742051282051282,1.0
SUP-CAT1-0411,Wovenwear Inc. #411,Clothing,Denver,South,contact411@wovenwear.com,0.3333333333333333,0.4241025641025641,0.0
SUP-CAT1-0412,Wovenwear Partners #412,Clothing,Portland,South,contact412@fabricraft.com,0.5555555555555556,0.15025641025641026,0.0
SUP-CAT1-0413,Northwind Apparel Supply Chain #413,Clothing,Phoenix,South,contact413@wovenwear.com,0.37037037037037035,0.2287179487179487,0.4210526315789473
SUP-CAT1-0414,UrbanStitch Wholesale #414,Clothing,Newark,West,contact414@threadline.com,0.25925925925925924,0.49128205128205127,0.7368421052631576
SUP-CAT1-0415,Wovenwear Wholesale #415,Clothing,Portland,East,contact415@urbanstitch.com,1.0,0.17282051282051283,0.6315789473684212
SUP-CAT1-0416,Wovenwear LLC #416,Clothing,Hanoi,West,contact416@northwindapparel.com,0.07407407407407407,0.9394871794871795,0.894736842105263
SUP-CAT1-0417,Fabricraft Distributors #417,Clothing,Chicago,South,contact417@fabricraft.com,0.5555555555555556,0.583076923076923,0.5263157894736843
SUP-CAT1-0418,UrbanStitch Group #418,Clothing,Portland,South,contact418@fabricraft.com,0.0,0.6328205128205128,0.7894736842105261
SUP-CAT1-0419,Wovenwear Trading #419,Clothing,Osaka,South,contact419@northwindapparel.com,0.8518518518518519,0.762051282051282,0.3157894736842103
SUP-CAT1-0420,UrbanStitch Trading #420,Clothing,Hanoi,Central,contact420@fabricraft.com,0.8518518518518519,0.13897435897435897,0.7368421052631576
SUP-CAT1-0421,Fabricraft LLC #421,Clothing,Denver,South,contact421@wovenwear.com,0.5185185185185185,0.4512820512820513,0.6315789473684212
SUP-CAT1-0422,Fabricraft Wholesale #422,Clothing,Hanoi,Central,contact422@wovenwear.com,0.9259259259259259,0.6738461538461539,0.6842105263157897
SUP-CAT1-0423,Northwind Apparel Group #423,Clothing,Denver,East,contact423@wovenwear.com,0.037037037037037035,0.6471794871794871,0.21052631578947334
SUP-CAT1-0424,Northwind Apparel LLC #424,Clothing,Miami,South,contact424@urbanstitch.com,0.4074074074074074,0.03230769230769231,0.2631578947368418
SUP-CAT1-0425,Fabricraft Partners #425,Clothing,Chicago,Central,contact425@northwindapparel.com,0.7037037037037037,0.42923076923076925,0.05263157894736848
SUP-CAT1-0426,Threadline Wholesale #426,Clothing,Columbus,Central,contact426@wovenwear.com,0.48148148148148145,0.16205128205128205,0.21052631578947334
SUP-CAT1-0427,Northwind Apparel Trading #427,Clothing,Mumbai,West,contact427@wovenwear.com,0.8148148148148148,0.45076923076923076,0.0
SUP-CAT1-0428,Threadline Trading #428,Clothing,Shenzhen,West,contact428@wovenwear.com,0.6666666666666666,0.5456410256410257,0.3684210526315788
SUP-CAT1-0429,Wovenwear Inc. #429,Clothing,Dallas,South,contact429@threadline.com,0.5185185185185185,0.46153846153846156,0.10526315789473638
SUP-CAT1-0430,UrbanStitch Group #430,Clothing,Columbus,North,contact430@northwindapparel.com,0.037037037037037035,0.5487179487179488,0.47368421052631576
SUP-CAT1-0431,Wovenwear Supply Chain #431,Clothing,Hanoi,South,contact431@threadline.com,0.1111111111111111,0.7666666666666667,0.9473684210526315
SUP-CAT1-0432,Wovenwear Wholesale #432,Clothing,Portland,Central,contact432@wovenwear.com,0.5925925925925926,0.3974358974358974,0.3684210526315788
SUP-CAT1-0433,UrbanStitch Group #433,Clothing,Shenzhen,North,contact433@urbanstitch.com,0.3333333333333333,0.701025641025641,0.6842105263157897
SUP-CAT1-0434,Threadline Partners #434,Clothing,Seattle,Central,contact434@fabricraft.com,0.9629629629629629,0.7569230769230769,0.47368421052631576
SUP-CAT1-0435,Wovenwear Wholesale #435,Clothing,Portland,East,contact435@fabricraft.com,0.18518518518518517,0.12307692307692308,0.5789473684210528
SUP-CAT1-0436,Threadline Inc. #436,Clothing,Hanoi,North,contact436@fabricraft.com,0.7037037037037037,0.12717948717948718,0.05263157894736848
SUP-CAT1-0437,Fabricraft LLC #437,Clothing,Seattle,West,contact437@wovenwear.com,0.8518518518518519,0.27025641025641023,0.5789473684210528
SUP-CAT1-0438,Wovenwear Distributors #438,Clothing,Denver,East,contact438@threadline.com,0.4444444444444444,0.08923076923076922,0.5789473684210528
SUP-CAT1-0439,UrbanStitch LLC #439,Clothing,Rotterdam,East,contact439@fabricraft.com,0.48148148148148145,0.1841025641025641,0.8421052631578946
SUP-CAT1-0440,Fabricraft LLC #440,Clothing,Osaka,North,contact440@threadline.com,0.37037037037037035,0.43333333333333335,0.15789473684210487
SUP-CAT1-0441,UrbanStitch Wholesale #441,Clothing,Chicago,North,contact441@wovenwear.com,0.25925925925925924,0.5748717948717949,0.2631578947368418
SUP-CAT1-0442,Fabricraft Ltd. #442,Clothing,Mumbai,East,contact442@urbanstitch.com,0.4444444444444444,0.86,0.7894736842105261
SUP-CAT1-0443,Threadline Trading #443,Clothing,Columbus,South,contact443@wovenwear.com,0.5925925925925926,0.7394871794871795,0.5789473684210528
SUP-CAT1-0444,Wovenwear Inc. #444,Clothing,Denver,South,contact444@urbanstitch.com,0.037037037037037035,0.3564102564102564,0.6315789473684212
SUP-CAT1-0445,Wovenwear Trading #445,Clothing,Hanoi,East,contact445@fabricraft.com,0.4444444444444444,0.05282051282051282,0.6315789473684212
SUP-CAT1-0446,Threadline Trading #446,Clothing,Osaka,West,contact446@threadline.com,0.037037037037037035,0.638974358974359,0.6842105263157897
SUP-CAT1-0447,Northwind Apparel Partners #447,Clothing,Dallas,North,contact447@fabricraft.com,0.5555555555555556,0.06102564102564102,0.05263157894736848
SUP-CAT1-0448,Northwind Apparel Co. #448,Clothing,Atlanta,South,contact448@wovenwear.com,0.2222222222222222,0.601025641025641,0.7894736842105261
SUP-CAT1-0449,UrbanStitch Distributors #449,Clothing,Newark,West,contact449@threadline.com,0.3333333333333333,0.8112820512820513,0.2631578947368418
SUP-CAT1-0450,UrbanStitch Ltd. #450,Clothing,Portland,East,contact450@threadline.com,0.0,0.5333333333333333,0.10526315789473638
SUP-CAT1-0451,Wovenwear Distributors #451,Clothing,Hanoi,South,contact451@urbanstitch.com,0.0,0.2805128205128205,0.10526315789473638
SUP-CAT1-0452,UrbanStitch Distributors #452,Clothing,Rotterdam,North,contact452@threadline.com,0.4074074074074074,0.36564102564102563,0.05263157894736848
SUP-CAT1-0453,UrbanStitch Ltd. #453,Clothing,Chicago,West,contact453@urbanstitch.com,0.7037037037037037,0.837948717948718,0.8421052631578946
SUP-CAT1-0454,Fabricraft Inc. #454,Clothing,Seattle,West,contact454@threadline.com,0.4444444444444444,0.14256410256410257,0.3684210526315788
SUP-CAT1-0455,UrbanStitch Partners #455,Clothing,Shenzhen,East,contact455@threadline.com,0.25925925925925924,0.502051282051282,0.8421052631578946
SUP-CAT1-0456,Threadline LLC #456,Clothing,Portland,North,contact456@fabricraft.com,0.7407407407407407,0.8917948717948718,0.10526315789473638
SUP-CAT1-0457,Fabricraft Partners #457,Clothing,Phoenix,East,contact457@wovenwear.com,0.5185185185185185,0.17743589743589744,0.2631578947368418
SUP-CAT1-0458,Fabricraft Group #458,Clothing,Atlanta,South,contact458@threadline.com,0.25925925925925924,0.7225641025641025,0.0
SUP-CAT1-0459,UrbanStitch Co. #459,Clothing,Columbus,East,contact459@fabricraft.com,1.0,0.7,0.5263157894736843
SUP-CAT1-0460,Threadline Wholesale #460,Clothing,Portland,Central,contact460@northwindapparel.com,0.7407407407407407,0.5276923076923077,0.15789473684210487
SUP-CAT1-0461,Northwind Apparel Partners #461,Clothing,Dallas,West,contact461@threadline.com,0.7777777777777778,0.5964102564102564,0.4210526315789473
SUP-CAT1-0462,Fabricraft Ltd. #462,Clothing,Dallas,Central,contact462@threadline.com,0.4444444444444444,0.20102564102564102,0.8421052631578946
SUP-CAT1-0463,Wovenwear Distributors #463,Clothing,Miami,South,contact463@urbanstitch.com,0.5925925925925926,0.12102564102564102,0.6842105263157897
SUP-CAT1-0464,Threadline Inc. #464,Clothing,Osaka,West,contact464@northwindapparel.com,1.0,0.26564102564102565,0.894736842105263
SUP-CAT1-0465,Wovenwear Inc. #465,Clothing,Miami,East,contact465@threadline.com,0.9629629629629629,0.0035897435897435897,0.894736842105263
SUP-CAT1-0466,Fabricraft Co. #466,Clothing,Denver,South,contact466@threadline.com,0.037037037037037035,0.6687179487179488,0.10526315789473638
SUP-CAT1-0467,Wovenwear Trading #467,Clothing,Chicago,Central,contact467@northwindapparel.com,0.0,0.05179487179487179,0.9473684210526315
SUP-CAT1-0468,Threadline Wholesale #468,Clothing,Newark,South,contact468@threadline.com,0.8888888888888888,0.32153846153846155,0.05263157894736848
SUP-CAT1-0469,Northwind Apparel Ltd. #469,Clothing,Newark,West,contact469@threadline.com,0.25925925925925924,0.7671794871794871,0.894736842105263
SUP-CAT1-0470,Wovenwear Inc. #470,Clothing,Mumbai,Central,contact470@threadline.com,0.6296296296296297,0.7635897435897436,0.0
SUP-CAT1-0471,Threadline LLC #471,Clothing,Shenzhen,Central,contact471@urbanstitch.com,0.5925925925925926,0.6364102564102564,0.7368421052631576
SUP-CAT1-0472,Threadline Wholesale #472,Clothing,Chicago,South,contact472@urbanstitch.com,0.2222222222222222,0.3769230769230769,0.0
SUP-CAT1-0473,Northwind Apparel Supply Chain #473,Clothing,Miami,Central,contact473@threadline.com,0.5925925925925926,0.9051282051282051,0.5263157894736843
SUP-CAT1-0474,Fabricraft Inc. #474,Clothing,Hanoi,Central,contact474@northwindapparel.com,0.0,0.96,0.15789473684210487
SUP-CAT1-0475,Fabricraft Inc. #475,Clothing,Newark,North,contact475@threadline.com,0.8888888888888888,0.9225641025641026,0.6315789473684212
SUP-CAT1-0476,UrbanStitch Group #476,Clothing,Phoenix,North,contact476@northwindapparel.com,0.14814814814814814,0.36974358974358973,0.15789473684210487
SUP-CAT1-0477,UrbanStitch Distributors #477,Clothing,Portland,West,contact477@urbanstitch.com,0.5185185185185185,0.4107692307692308,0.2631578947368418
SUP-CAT1-0478,Fabricraft LLC #478,Clothing,Mumbai,West,contact478@northwindapparel.com,1.0,0.9302564102564103,0.5263157894736843
SUP-CAT1-0479,Fabricraft Distributors #479,Clothing,Phoenix,Central,contact479@fabricraft.com,0.1111111111111111,0.9061538461538462,0.894736842105263
SUP-CAT1-0480,Wovenwear Distributors #480,Clothing,Newark,East,contact480@northwindapparel.com,0.18518518518518517,0.7974358974358975,0.05263157894736848
SUP-CAT1-0481,UrbanStitch Partners #481,Clothing,Shenzhen,West,contact481@wovenwear.com,0.1111111111111111,0.9056410256410257,0.10526315789473638
SUP-CAT1-0482,Northwind Apparel Group #482,Clothing,Mumbai,West,contact482@threadline.com,0.4444444444444444,0.9702564102564103,0.15789473684210487
SUP-CAT1-0483,Threadline LLC #483,Clothing,Phoenix,Central,contact483@wovenwear.com,0.2962962962962963,0.8825641025641026,0.8421052631578946
SUP-CAT1-0484,Northwind Apparel Ltd. #484,Clothing,Miami,North,contact484@urbanstitch.com,0.6666666666666666,0.18153846153846154,0.05263157894736848
SUP-CAT1-0485,Northwind Apparel Co. #485,Clothing,Miami,Central,contact485@wovenwear.com,0.0,0.7174358974358974,0.21052631578947334
SUP-CAT1-0486,Wovenwear Co. #486,Clothing,Seattle,Central,contact486@threadline.com,0.8518518518518519,0.8917948717948718,0.5263157894736843
SUP-CAT1-0487,UrbanStitch Distributors #487,Clothing,Osaka,West,contact487@northwindapparel.com,0.7037037037037037,0.86,0.3157894736842103
SUP-CAT1-0488,Wovenwear Supply Chain #488,Clothing,Rotterdam,South,contact488@wovenwear.com,0.37037037037037035,0.7225641025641025,0.05263157894736848
SUP-CAT1-0489,UrbanStitch Group #489,Clothing,Chicago,West,contact489@wovenwear.com,0.2222222222222222,0.2958974358974359,0.3157894736842103
SUP-CAT1-0490,Threadline Inc. #490,Clothing,Atlanta,Central,contact490@threadline.com,0.5555555555555556,0.3630769230769231,0.8421052631578946
SUP-CAT1-0491,Northwind Apparel Ltd. #491,Clothing,Denver,Central,contact491@urbanstitch.com,0.37037037037037035,0.4317948717948718,0.21052631578947334
SUP-CAT1-0492,UrbanStitch Trading #492,Clothing,Dallas,Central,contact492@northwindapparel.com,0.48148148148148145,0.2641025641025641,0.21052631578947334
SUP-CAT1-0493,Fabricraft Wholesale #493,Clothing,Mumbai,West,contact493@northwindapparel.com,0.9259259259259259,0.9579487179487179,0.5789473684210528
SUP-CAT1-0494,UrbanStitch Distributors #494,Clothing,Denver,East,contact494@northwindapparel.com,0.1111111111111111,0.617948717948718,0.15789473684210487
SUP-CAT1-0495,Wovenwear LLC #495,Clothing,Rotterdam,West,contact495@threadline.com,0.0,0.7492307692307693,0.10526315789473638
SUP-CAT1-0496,Threadline Group #496,Clothing,Chicago,East,contact496@fabricraft.com,0.25925925925925924,0.9271794871794872,0.10526315789473638
SUP-CAT1-0497,UrbanStitch LLC #497,Clothing,Osaka,East,contact497@wovenwear.com,0.2962962962962963,0.6707692307692308,0.3157894736842103
SUP-CAT1-0498,Wovenwear Ltd. #498,Clothing,Atlanta,West,contact498@wovenwear.com,0.4074074074074074,0.9220512820512821,0.7894736842105261
SUP-CAT1-0499,UrbanStitch Partners #499,Clothing,Seattle,East,contact499@northwindapparel.com,0.8518518518518519,0.4471794871794872,0.47368421052631576
SUP-CAT1-0500,Threadline Partners #500,Clothing,Atlanta,West,contact500@threadline.com,0.6666666666666666,0.7148717948717949,0.2631578947368418
SUP-CAT1-0501,UrbanStitch Inc. #501,Clothing,Mumbai,North,contact501@threadline.com,0.48148148148148145,0.31794871794871793,0.4210526315789473
SUP-CAT1-0502,Northwind Apparel Co. #502,Clothing,Miami,East,contact502@northwindapparel.com,0.0,0.7907692307692308,0.10526315789473638
SUP-CAT1-0503,Threadline Inc. #503,Clothing,Newark,West,contact503@wovenwear.com,0.9629629629629629,0.9764102564102564,0.6842105263157897
SUP-CAT1-0504,Northwind Apparel Inc. #504,Clothing,Columbus,North,contact504@fabricraft.com,0.2222222222222222,0.5682051282051283,0.4210526315789473
SUP-CAT1-0505,Northwind Apparel Group #505,Clothing,Seattle,Central,contact505@urbanstitch.com,0.5555555555555556,0.7410256410256411,0.05263157894736848
SUP-CAT1-0506,Wovenwear Supply Chain #506,Clothing,Rotterdam,South,contact506@fabricraft.com,0.7777777777777778,0.5128205128205128,0.05263157894736848
SUP-CAT1-0507,Threadline Co. #507,Clothing,Denver,East,contact507@fabricraft.com,0.7777777777777778,0.8420512820512821,0.47368421052631576
SUP-CAT1-0508,UrbanStitch Group #508,Clothing,Denver,South,contact508@urbanstitch.com,0.7407407407407407,0.37025641025641026,0.15789473684210487
SUP-CAT1-0509,Fabricraft Partners #509,Clothing,Osaka,West,contact509@northwindapparel.com,0.14814814814814814,0.14717948717948717,0.7368421052631576
SUP-CAT1-0510,Northwind Apparel Supply Chain #510,Clothing,Hanoi,West,contact510@northwindapparel.com,0.7037037037037037,0.39487179487179486,0.6842105263157897
SUP-CAT1-0511,Fabricraft Group #511,Clothing,Phoenix,West,contact511@wovenwear.com,0.037037037037037035,0.40307692307692305,0.21052631578947334
SUP-CAT1-0512,Threadline Distributors #512,Clothing,Mumbai,East,contact512@northwindapparel.com,0.037037037037037035,0.7051282051282052,0.47368421052631576
SUP-CAT1-0513,Threadline Wholesale #513,Clothing,Portland,North,contact513@northwindapparel.com,0.8518518518518519,0.04205128205128205,0.05263157894736848
SUP-CAT1-0514,UrbanStitch Ltd. #514,Clothing,Osaka,North,contact514@northwindapparel.com,0.5555555555555556,0.3830769230769231,0.3684210526315788
SUP-CAT1-0515,Threadline Partners #515,Clothing,Atlanta,West,contact515@threadline.com,0.07407407407407407,0.6071794871794872,0.15789473684210487
SUP-CAT1-0516,Wovenwear Partners #516,Clothing,Mumbai,North,contact516@northwindapparel.com,0.14814814814814814,0.40974358974358976,0.10526315789473638
SUP-CAT1-0517,UrbanStitch Wholesale #517,Clothing,Atlanta,East,contact517@northwindapparel.com,0.5555555555555556,0.8041025641025641,0.8421052631578946
SUP-CAT1-0518,Wovenwear Ltd. #518,Clothing,Denver,East,contact518@threadline.com,0.9629629629629629,0.5687179487179487,0.3157894736842103
SUP-CAT1-0519,Wovenwear Ltd. #519,Clothing,Chicago,South,contact519@northwindapparel.com,0.25925925925925924,0.661025641025641,0.15789473684210487
SUP-CAT1-0520,Northwind Apparel Wholesale #520,Clothing,Dallas,West,contact520@wovenwear.com,0.8148148148148148,0.45487179487179485,0.7368421052631576
SUP-CAT1-0521,Wovenwear Partners #521,Clothing,Denver,Central,contact521@fabricraft.com,0.5925925925925926,0.015384615384615385,0.15789473684210487
SUP-CAT1-0522,Wovenwear Trading #522,Clothing,Atlanta,West,contact522@urbanstitch.com,0.25925925925925924,0.3758974358974359,0.21052631578947334
SUP-CAT1-0523,UrbanStitch Group #523,Clothing,Columbus,South,contact523@threadline.com,0.8888888888888888,0.9374358974358974,0.894736842105263
SUP-CAT1-0524,Threadline Ltd. #524,Clothing,Denver,Central,contact524@wovenwear.com,0.9259259259259259,0.8246153846153846,0.15789473684210487
SUP-CAT1-0525,UrbanStitch Partners #525,Clothing,Rotterdam,West,contact525@fabricraft.com,0.8148148148148148,0.5307692307692308,0.47368421052631576
SUP-CAT1-0526,Wovenwear Distributors #526,Clothing,Columbus,East,contact526@fabricraft.com,0.9259259259259259,0.49846153846153846,0.9473684210526315
SUP-CAT1-0527,Northwind Apparel Wholesale #527,Clothing,Seattle,Central,contact527@urbanstitch.com,0.8888888888888888,0.22153846153846155,0.5263157894736843
SUP-CAT1-0528,UrbanStitch Ltd. #528,Clothing,Denver,East,contact528@threadline.com,0.9259259259259259,0.6194871794871795,0.05263157894736848
SUP-CAT1-0529,Threadline Ltd. #529,Clothing,Osaka,Central,contact529@threadline.com,0.037037037037037035,0.8923076923076924,0.6315789473684212
SUP-CAT1-0530,Wovenwear Distributors #530,Clothing,Hanoi,Central,contact530@threadline.com,0.6296296296296297,0.5548717948717948,0.21052631578947334
SUP-CAT1-0531,Northwind Apparel Distributors #531,Clothing,Newark,Central,contact531@threadline.com,0.2222222222222222,0.2564102564102564,0.2631578947368418
SUP-CAT1-0532,Wovenwear Distributors #532,Clothing,Miami,Central,contact532@wovenwear.com,0.4444444444444444,0.823076923076923,0.3157894736842103
SUP-CAT1-0533,Fabricraft Distributors #533,Clothing,Phoenix,West,contact533@threadline.com,1.0,0.19179487179487179,0.9473684210526315
SUP-CAT1-0534,UrbanStitch Group #534,Clothing,Columbus,West,contact534@urbanstitch.com,0.7407407407407407,0.25333333333333335,0.3684210526315788
SUP-CAT1-0535,Fabricraft Group #535,Clothing,Atlanta,Central,contact535@threadline.com,0.9629629629629629,0.09128205128205129,0.4210526315789473
SUP-CAT1-0536,Wovenwear Co. #536,Clothing,Rotterdam,West,contact536@urbanstitch.com,0.2222222222222222,0.20205128205128206,0.47368421052631576
SUP-CAT1-0537,Northwind Apparel Inc. #537,Clothing,Hanoi,East,contact537@urbanstitch.com,0.9629629629629629,0.6723076923076923,0.3684210526315788
SUP-CAT1-0538,Threadline Partners #538,Clothing,Dallas,East,contact538@threadline.com,0.8888888888888888,0.6794871794871795,0.9473684210526315
SUP-CAT1-0539,UrbanStitch Group #539,Clothing,Hanoi,South,contact539@northwindapparel.com,0.9629629629629629,0.5425641025641026,0.3684210526315788
SUP-CAT1-0540,Northwind Apparel Partners #540,Clothing,Columbus,East,contact540@wovenwear.com,0.07407407407407407,0.6025641025641025,0.894736842105263
SUP-CAT1-0541,Northwind Apparel LLC #541,Clothing,Atlanta,West,contact541@fabricraft.com,0.8148148148148148,0.5933333333333334,0.7894736842105261
SUP-CAT1-0542,Fabricraft Supply Chain #542,Clothing,Hanoi,East,contact542@fabricraft.com,0.14814814814814814,0.20564102564102565,0.2631578947368418
SUP-CAT1-0543,Threadline Trading #543,Clothing,Portland,West,contact543@wovenwear.com,0.48148148148148145,0.7471794871794872,0.894736842105263
SUP-CAT1-0544,Northwind Apparel Group #544,Clothing,Chicago,West,contact544@fabricraft.com,0.6296296296296297,0.9025641025641026,0.5263157894736843
SUP-CAT1-0545,Threadline Group #545,Clothing,Hanoi,East,contact545@fabricraft.com,0.6296296296296297,0.31794871794871793,0.5263157894736843
SUP-CAT1-0546,UrbanStitch LLC #546,Clothing,Chicago,West,contact546@northwindapparel.com,0.037037037037037035,0.26256410256410256,0.47368421052631576
SUP-CAT1-0547,Wovenwear Distributors #547,Clothing,Hanoi,West,contact547@fabricraft.com,0.18518518518518517,0.9117948717948718,0.8421052631578946
SUP-CAT1-0548,Northwind Apparel LLC #548,Clothing,Portland,Central,contact548@fabricraft.com,0.0,0.07282051282051281,0.21052631578947334
SUP-CAT1-0549,Fabricraft Partners #549,Clothing,Rotterdam,East,contact549@wovenwear.com,0.0,0.9666666666666667,0.4210526315789473
SUP-CAT1-0550,Threadline Wholesale #550,Clothing,Shenzhen,Central,contact550@northwindapparel.com,0.9629629629629629,0.3964102564102564,0.894736842105263
SUP-CAT1-0551,UrbanStitch Partners #551,Clothing,Mumbai,West,contact551@northwindapparel.com,0.4074074074074074,0.48717948717948717,0.10526315789473638
SUP-CAT1-0552,Fabricraft Group #552,Clothing,Seattle,Central,contact552@fabricraft.com,0.07407407407407407,0.43846153846153846,0.8421052631578946
SUP-CAT1-0553,Northwind Apparel Supply Chain #553,Clothing,Newark,West,contact553@wovenwear.com,0.14814814814814814,0.9328205128205128,0.9473684210526315
SUP-CAT1-0554,Fabricraft Distributors #554,Clothing,Atlanta,West,contact554@northwindapparel.com,0.5925925925925926,0.07435897435897436,0.0
SUP-CAT1-0555,Threadline Inc. #555,Clothing,Chicago,North,contact555@urbanstitch.com,0.14814814814814814,0.2630769230769231,0.6842105263157897
SUP-CAT1-0556,Threadline Ltd. #556,Clothing,Hanoi,West,contact556@threadline.com,0.8148148148148148,0.10153846153846154,0.8421052631578946
SUP-CAT1-0557,UrbanStitch Wholesale #557,Clothing,Dallas,Central,contact557@fabricraft.com,0.7777777777777778,0.10358974358974359,0.9473684210526315
SUP-CAT1-0558,Fabricraft Distributors #558,Clothing,Shenzhen,North,contact558@fabricraft.com,0.7037037037037037,0.7712820512820513,0.4210526315789473
SUP-CAT1-0559,UrbanStitch Inc. #559,Clothing,Portland,West,contact559@northwindapparel.com,1.0,0.7938461538461539,0.894736842105263
SUP-CAT1-0560,UrbanStitch Trading #560,Clothing,Atlanta,Central,contact560@threadline.com,1.0,0.30153846153846153,0.9473684210526315
SUP-CAT1-0561,Wovenwear Inc. #561,Clothing,Dallas,North,contact561@fabricraft.com,0.5185185185185185,0.7076923076923077,0.21052631578947334
SUP-CAT1-0562,Threadline Supply Chain #562,Clothing,Osaka,East,contact562@fabricraft.com,0.18518518518518517,0.23692307692307693,0.6842105263157897
SUP-CAT1-0563,Threadline LLC #563,Clothing,Portland,East,contact563@fabricraft.com,0.7777777777777778,0.2876923076923077,0.8421052631578946
SUP-CAT1-0564,Northwind Apparel Partners #564,Clothing,Portland,North,contact564@urbanstitch.com,0.1111111111111111,0.46717948717948715,0.0
SUP-CAT1-0565,Threadline Group #565,Clothing,Phoenix,North,contact565@threadline.com,0.18518518518518517,0.6241025641025642,0.3684210526315788
SUP-CAT1-0566,Wovenwear Distributors #566,Clothing,Hanoi,West,contact566@urbanstitch.com,0.3333333333333333,0.6958974358974359,0.47368421052631576
SUP-CAT1-0567,UrbanStitch Ltd. #567,Clothing,Chicago,Central,contact567@wovenwear.com,0.0,0.9035897435897436,0.894736842105263
SUP-CAT1-0568,Fabricraft LLC #568,Clothing,Shenzhen,West,contact568@threadline.com,0.3333333333333333,0.6302564102564102,0.9473684210526315
SUP-CAT1-0569,Threadline Partners #569,Clothing,Rotterdam,East,contact569@threadline.com,0.37037037037037035,0.14256410256410257,0.8421052631578946
SUP-CAT1-0570,Northwind Apparel Partners #570,Clothing,Shenzhen,Central,contact570@urbanstitch.com,0.8148148148148148,0.8938461538461538,0.05263157894736848
SUP-CAT1-0571,Northwind Apparel Inc. #571,Clothing,Newark,West,contact571@threadline.com,1.0,0.37333333333333335,0.6315789473684212
SUP-CAT1-0572,Wovenwear Ltd. #572,Clothing,Dallas,Central,contact572@threadline.com,0.0,0.6169230769230769,0.7894736842105261
SUP-CAT1-0573,Threadline LLC #573,Clothing,Miami,West,contact573@northwindapparel.com,0.5185185185185185,0.4979487179487179,0.3684210526315788
SUP-CAT1-0574,UrbanStitch Inc. #574,Clothing,Phoenix,South,contact574@threadline.com,0.25925925925925924,0.36923076923076925,1.0
SUP-CAT1-0575,UrbanStitch Co. #575,Clothing,Mumbai,West,contact575@urbanstitch.com,0.2222222222222222,0.32564102564102565,0.3684210526315788
SUP-CAT1-0576,Wovenwear Group #576,Clothing,Miami,West,contact576@wovenwear.com,0.4074074074074074,0.6841025641025641,0.5789473684210528
SUP-CAT1-0577,Northwind Apparel Ltd. #577,Clothing,Portland,East,contact577@fabricraft.com,0.4444444444444444,0.031794871794871796,0.47368421052631576
SUP-CAT1-0578,UrbanStitch Trading #578,Clothing,Seattle,West,contact578@threadline.com,0.5925925925925926,0.37846153846153846,0.8421052631578946
SUP-CAT1-0579,Threadline Supply Chain #579,Clothing,Dallas,East,contact579@northwindapparel.com,0.7037037037037037,0.10102564102564103,0.4210526315789473
SUP-CAT1-0580,Threadline Supply Chain #580,Clothing,Dallas,East,contact580@threadline.com,0.07407407407407407,0.8646153846153846,0.9473684210526315
SUP-CAT1-0581,Fabricraft Trading #581,Clothing,Miami,North,contact581@threadline.com,0.8888888888888888,0.9087179487179488,0.6842105263157897
SUP-CAT1-0582,Threadline Inc. #582,Clothing,Miami,East,contact582@threadline.com,0.8148148148148148,0.21128205128205127,0.3684210526315788
SUP-CAT1-0583,Threadline Group #583,Clothing,Newark,West,contact583@fabricraft.com,0.14814814814814814,0.18974358974358974,0.8421052631578946
SUP-CAT1-0584,Northwind Apparel Distributors #584,Clothing,Miami,West,contact584@threadline.com,1.0,0.1482051282051282,0.10526315789473638
SUP-CAT1-0585,UrbanStitch Wholesale #585,Clothing,Columbus,North,contact585@fabricraft.com,0.8518518518518519,0.13025641025641024,0.6315789473684212
SUP-CAT1-0586,Northwind Apparel Distributors #586,Clothing,Denver,West,contact586@fabricraft.com,0.9259259259259259,0.3251282051282051,0.0
SUP-CAT1-0587,Fabricraft Supply Chain #587,Clothing,Shenzhen,Central,contact587@wovenwear.com,0.48148148148148145,0.2512820512820513,0.5263157894736843
SUP-CAT1-0588,Northwind Apparel Trading #588,Clothing,Rotterdam,North,contact588@threadline.com,0.6666666666666666,0.48307692307692307,0.7894736842105261
SUP-CAT1-0589,Northwind Apparel Ltd. #589,Clothing,Seattle,South,contact589@wovenwear.com,0.4074074074074074,0.1517948717948718,0.5263157894736843
SUP-CAT1-0590,Fabricraft Distributors #590,Clothing,Shenzhen,East,contact590@threadline.com,0.4074074074074074,0.7851282051282051,0.4210526315789473
SUP-CAT1-0591,Fabricraft Trading #591,Clothing,Denver,South,contact591@wovenwear.com,0.4444444444444444,0.2907692307692308,0.0
SUP-CAT1-0592,UrbanStitch Group #592,Clothing,Osaka,Central,contact592@threadline.com,0.5555555555555556,0.3712820512820513,0.10526315789473638
SUP-CAT1-0593,Threadline Ltd. #593,Clothing,Denver,East,contact593@northwindapparel.com,0.8148148148148148,0.7205128205128205,0.894736842105263
SUP-CAT1-0594,UrbanStitch Group #594,Clothing,Rotterdam,South,contact594@threadline.com,0.6296296296296297,0.19384615384615383,0.9473684210526315
SUP-CAT1-0595,Fabricraft Co. #595,Clothing,Columbus,East,contact595@urbanstitch.com,0.18518518518518517,0.8420512820512821,0.7894736842105261
SUP-CAT1-0596,Wovenwear Ltd. #596,Clothing,Columbus,East,contact596@wovenwear.com,0.8518518518518519,0.6841025641025641,0.6315789473684212
SUP-CAT1-0597,UrbanStitch Wholesale #597,Clothing,Chicago,Central,contact597@fabricraft.com,0.4074074074074074,0.4897435897435897,0.3684210526315788
SUP-CAT1-0598,UrbanStitch Distributors #598,Clothing,Mumbai,West,contact598@threadline.com,0.8888888888888888,0.7502564102564102,0.5263157894736843
SUP-CAT1-0599,Threadline Supply Chain #599,Clothing,Denver,North,contact599@threadline.com,0.037037037037037035,0.5523076923076923,0.47368421052631576
SUP-CAT1-0600,Wovenwear Co. #600,Clothing,Rotterdam,North,contact600@threadline.com,0.5925925925925926,0.09435897435897436,0.7368421052631576
SUP-CAT1-0601,Threadline Group #601,Clothing,Hanoi,West,contact601@fabricraft.com,0.037037037037037035,0.982051282051282,0.21052631578947334
SUP-CAT1-0602,Wovenwear Trading #602,Clothing,Newark,North,contact602@threadline.com,0.1111111111111111,0.5312820512820513,0.9473684210526315
SUP-CAT1-0603,UrbanStitch Trading #603,Clothing,Rotterdam,South,contact603@wovenwear.com,0.37037037037037035,0.05282051282051282,0.3157894736842103
SUP-CAT1-0604,UrbanStitch Trading #604,Clothing,Denver,West,contact604@wovenwear.com,0.25925925925925924,0.7497435897435898,0.4210526315789473
SUP-CAT1-0605,Wovenwear Co. #605,Clothing,Atlanta,East,contact605@fabricraft.com,0.4074074074074074,0.9066666666666666,0.5789473684210528
SUP-CAT1-0606,Fabricraft Wholesale #606,Clothing,Atlanta,East,contact606@fabricraft.com,0.1111111111111111,0.5548717948717948,0.4210526315789473
SUP-CAT1-0607,Fabricraft Supply Chain #607,Clothing,Mumbai,West,contact607@wovenwear.com,0.07407407407407407,0.05641025641025641,0.9473684210526315
SUP-CAT1-0608,UrbanStitch LLC #608,Clothing,Osaka,Central,contact608@wovenwear.com,0.5925925925925926,0.045641025641025644,0.3157894736842103
SUP-CAT1-0609,Threadline Ltd. #609,Clothing,Mumbai,North,contact609@threadline.com,0.14814814814814814,0.9005128205128206,0.9473684210526315
SUP-CAT1-0610,Northwind Apparel Partners #610,Clothing,Portland,West,contact610@fabricraft.com,0.4444444444444444,0.24615384615384617,0.0
SUP-CAT1-0611,UrbanStitch Ltd. #611,Clothing,Atlanta,West,contact611@threadline.com,0.48148148148148145,0.6030769230769231,0.47368421052631576
SUP-CAT1-0612,Fabricraft Distributors #612,Clothing,Newark,South,contact612@urbanstitch.com,0.4444444444444444,0.5523076923076923,0.4210526315789473
SUP-CAT1-0613,Fabricraft Ltd. #613,Clothing,Osaka,East,contact613@threadline.com,0.8888888888888888,0.521025641025641,0.3157894736842103
SUP-CAT1-0614,Fabricraft LLC #614,Clothing,Shenzhen,North,contact614@northwindapparel.com,0.4444444444444444,0.5841025641025641,0.6315789473684212
SUP-CAT1-0615,Wovenwear Partners #615,Clothing,Dallas,Central,contact615@threadline.com,0.8518518518518519,0.2635897435897436,0.7894736842105261
SUP-CAT1-0616,Northwind Apparel Wholesale #616,Clothing,Portland,East,contact616@threadline.com,0.3333333333333333,0.04666666666666667,0.5789473684210528
SUP-CAT1-0617,Northwind Apparel Supply Chain #617,Clothing,Osaka,West,contact617@fabricraft.com,0.5925925925925926,0.19128205128205128,0.6842105263157897
SUP-CAT1-0618,Northwind Apparel Partners #618,Clothing,Atlanta,North,contact618@northwindapparel.com,0.4444444444444444,0.6692307692307692,0.894736842105263
SUP-CAT1-0619,Wovenwear Partners #619,Clothing,Dallas,Central,contact619@urbanstitch.com,0.14814814814814814,0.882051282051282,0.47368421052631576
SUP-CAT1-0620,Northwind Apparel Wholesale #620,Clothing,Denver,East,contact620@fabricraft.com,0.18518518518518517,0.18717948717948718,0.3157894736842103
SUP-CAT1-0621,Wovenwear Partners #621,Clothing,Atlanta,East,contact621@fabricraft.com,0.48148148148148145,0.27025641025641023,0.6315789473684212
SUP-CAT1-0622,Northwind Apparel Ltd. #622,Clothing,Mumbai,East,contact622@fabricraft.com,0.2222222222222222,0.5476923076923077,0.2631578947368418
SUP-CAT1-0623,Fabricraft Ltd. #623,Clothing,Atlanta,North,contact623@urbanstitch.com,0.0,0.816923076923077,0.9473684210526315
SUP-CAT1-0624,Wovenwear Ltd. #624,Clothing,Atlanta,North,contact624@wovenwear.com,0.25925925925925924,0.5779487179487179,0.7894736842105261
SUP-CAT1-0625,Wovenwear Wholesale #625,Clothing,Dallas,East,contact625@wovenwear.com,0.37037037037037035,0.5758974358974359,0.894736842105263
SUP-CAT1-0626,Fabricraft Co. #626,Clothing,Seattle,West,contact626@northwindapparel.com,0.7777777777777778,0.9923076923076923,0.2631578947368418
SUP-CAT1-0627,Northwind Apparel Inc. #627,Clothing,Osaka,South,contact627@threadline.com,0.8148148148148148,0.7456410256410256,0.894736842105263
SUP-CAT1-0628,UrbanStitch Inc. #628,Clothing,Osaka,East,contact628@wovenwear.com,0.9259259259259259,0.3282051282051282,0.21052631578947334
SUP-CAT1-0629,Threadline LLC #629,Clothing,Atlanta,Central,contact629@urbanstitch.com,0.5185185185185185,0.6666666666666666,0.21052631578947334
SUP-CAT1-0630,Fabricraft Partners #630,Clothing,Rotterdam,Central,contact630@urbanstitch.com,0.9629629629629629,0.6102564102564103,0.21052631578947334
SUP-CAT1-0631,Fabricraft Inc. #631,Clothing,Mumbai,East,contact631@threadline.com,0.9259259259259259,0.17846153846153845,0.2631578947368418
SUP-CAT1-0632,Wovenwear Group #632,Clothing,Chicago,West,contact632@urbanstitch.com,0.4444444444444444,0.7389743589743589,0.9473684210526315
SUP-CAT1-0633,Threadline Wholesale #633,Clothing,Phoenix,South,contact633@northwindapparel.com,0.5185185185185185,0.8046153846153846,0.21052631578947334
SUP-CAT1-0634,UrbanStitch Ltd. #634,Clothing,Osaka,North,contact634@northwindapparel.com,0.5185185185185185,0.009743589743589744,0.3157894736842103
SUP-CAT1-0635,Threadline Partners #635,Clothing,Denver,East,contact635@northwindapparel.com,0.25925925925925924,0.8928205128205128,0.5263157894736843
SUP-CAT1-0636,Fabricraft Co. #636,Clothing,Hanoi,South,contact636@wovenwear.com,0.0,0.6912820512820513,0.15789473684210487
SUP-CAT1-0637,Fabricraft Trading #637,Clothing,Seattle,Central,contact637@wovenwear.com,0.7037037037037037,0.1723076923076923,0.0
SUP-CAT1-0638,Wovenwear Wholesale #638,Clothing,Mumbai,West,contact638@threadline.com,0.5555555555555556,0.9943589743589744,0.9473684210526315
SUP-CAT1-0639,Northwind Apparel Supply Chain #639,Clothing,Miami,Central,contact639@urbanstitch.com,0.7407407407407407,0.3487179487179487,0.3684210526315788
SUP-CAT1-0640,UrbanStitch Supply Chain #640,Clothing,Mumbai,North,contact640@northwindapparel.com,0.48148148148148145,0.03230769230769231,0.21052631578947334
SUP-CAT1-0641,Northwind Apparel Co. #641,Clothing,Shenzhen,North,contact641@northwindapparel.com,0.8888888888888888,0.08461538461538462,0.7894736842105261
SUP-CAT1-0642,UrbanStitch LLC #642,Clothing,Hanoi,Central,contact642@wovenwear.com,0.8518518518518519,0.15076923076923077,0.47368421052631576
SUP-CAT1-0643,Fabricraft Group #643,Clothing,Phoenix,South,contact643@threadline.com,0.6666666666666666,0.6507692307692308,0.9473684210526315
SUP-CAT1-0644,Fabricraft Distributors #644,Clothing,Atlanta,Central,contact644@northwindapparel.com,0.7407407407407407,0.8810256410256411,0.2631578947368418
SUP-CAT1-0645,UrbanStitch Group #645,Clothing,Miami,East,contact645@northwindapparel.com,0.7407407407407407,0.014358974358974359,0.6842105263157897
SUP-CAT1-0646,Wovenwear Co. #646,Clothing,Denver,East,contact646@wovenwear.com,0.25925925925925924,0.318974358974359,0.10526315789473638
SUP-CAT1-0647,Northwind Apparel Ltd. #647,Clothing,Phoenix,Central,contact647@northwindapparel.com,0.5185185185185185,0.30205128205128207,0.05263157894736848
SUP-CAT1-0648,Fabricraft Inc. #648,Clothing,Rotterdam,North,contact648@urbanstitch.com,0.7407407407407407,0.7543589743589744,0.4210526315789473
SUP-CAT1-0649,Fabricraft Co. #649,Clothing,Denver,South,contact649@threadline.com,0.6666666666666666,0.44358974358974357,0.10526315789473638
SUP-CAT1-0650,UrbanStitch Distributors #650,Clothing,Hanoi,South,contact650@threadline.com,0.25925925925925924,0.5666666666666667,0.6315789473684212
SUP-CAT1-0651,Northwind Apparel Distributors #651,Clothing,Atlanta,Central,contact651@fabricraft.com,0.2222222222222222,0.2076923076923077,0.6315789473684212
SUP-CAT1-0652,UrbanStitch Wholesale #652,Clothing,Rotterdam,Central,contact652@urbanstitch.com,0.14814814814814814,0.22615384615384615,0.3684210526315788
SUP-CAT1-0653,Wovenwear LLC #653,Clothing,Dallas,North,contact653@urbanstitch.com,0.7777777777777778,0.39179487179487177,0.05263157894736848
SUP-CAT1-0654,Threadline Partners #654,Clothing,Hanoi,West,contact654@northwindapparel.com,0.8888888888888888,0.3261538461538461,0.5263157894736843
SUP-CAT1-0655,Wovenwear Group #655,Clothing,Mumbai,Central,contact655@northwindapparel.com,1.0,0.9076923076923077,0.47368421052631576
SUP-CAT1-0656,Wovenwear Supply Chain #656,Clothing,Shenzhen,North,contact656@fabricraft.com,0.9259259259259259,0.4723076923076923,0.5263157894736843
SUP-CAT1-0657,Wovenwear Supply Chain #657,Clothing,Shenzhen,North,contact657@wovenwear.com,0.9259259259259259,0.46923076923076923,0.3684210526315788
SUP-CAT1-0658,UrbanStitch Trading #658,Clothing,Seattle,South,contact658@northwindapparel.com,0.8888888888888888,0.4712820512820513,0.3157894736842103
SUP-CAT1-0659,Northwind Apparel Trading #659,Clothing,Columbus,North,contact659@fabricraft.com,0.18518518518518517,0.18256410256410258,0.2631578947368418
SUP-CAT1-0660,UrbanStitch Co. #660,Clothing,Newark,South,contact660@wovenwear.com,0.0,0.2287179487179487,0.15789473684210487
SUP-CAT1-0661,Fabricraft Group #661,Clothing,Mumbai,South,contact661@fabricraft.com,0.48148148148148145,0.5917948717948718,0.15789473684210487
SUP-CAT1-0662,UrbanStitch Group #662,Clothing,Atlanta,North,contact662@wovenwear.com,0.2222222222222222,0.6805128205128205,0.10526315789473638
SUP-CAT1-0663,Fabricraft Distributors #663,Clothing,Denver,Central,contact663@threadline.com,0.2222222222222222,0.74,0.7894736842105261
SUP-CAT1-0664,Threadline Group #664,Clothing,Seattle,West,contact664@urbanstitch.com,0.9259259259259259,0.41025641025641024,0.5789473684210528
SUP-CAT1-0665,Wovenwear Wholesale #665,Clothing,Osaka,North,contact665@wovenwear.com,0.6666666666666666,0.2358974358974359,0.21052631578947334
SUP-CAT1-0666,UrbanStitch Ltd. #666,Clothing,Dallas,South,contact666@threadline.com,0.2222222222222222,0.5082051282051282,0.47368421052631576
SUP-CAT1-0667,Wovenwear Trading #667,Clothing,Columbus,North,contact667@wovenwear.com,0.6296296296296297,0.48512820512820515,0.7894736842105261
SUP-CAT1-0668,Wovenwear Ltd. #668,Clothing,Mumbai,North,contact668@fabricraft.com,0.9259259259259259,0.20974358974358975,0.4210526315789473
SUP-CAT1-0669,Fabricraft Partners #669,Clothing,Phoenix,North,contact669@wovenwear.com,0.037037037037037035,0.47846153846153844,0.3684210526315788
SUP-CAT1-0670,Wovenwear Inc. #670,Clothing,Miami,North,contact670@wovenwear.com,0.8518518518518519,0.09333333333333334,0.4210526315789473
SUP-CAT1-0671,Wovenwear Trading #671,Clothing,Seattle,North,contact671@fabricraft.com,0.9259259259259259,0.6958974358974359,0.3684210526315788
SUP-CAT1-0672,UrbanStitch Group #672,Clothing,Hanoi,North,contact672@threadline.com,0.8518518518518519,0.8641025641025641,1.0
SUP-CAT1-0673,Northwind Apparel Distributors #673,Clothing,Rotterdam,West,contact673@threadline.com,0.18518518518518517,0.8861538461538462,0.4210526315789473
SUP-CAT1-0674,Northwind Apparel Trading #674,Clothing,Seattle,East,contact674@threadline.com,0.0,0.17794871794871794,0.6842105263157897
SUP-CAT1-0675,Fabricraft Distributors #675,Clothing,Seattle,North,contact675@urbanstitch.com,0.07407407407407407,0.9984615384615385,1.0
SUP-CAT1-0676,Threadline Ltd. #676,Clothing,Rotterdam,Central,contact676@wovenwear.com,0.2222222222222222,0.4205128205128205,0.894736842105263
SUP-CAT1-0677,Threadline Inc. #677,Clothing,Portland,North,contact677@urbanstitch.com,0.1111111111111111,0.2128205128205128,0.10526315789473638
SUP-CAT1-0678,Northwind Apparel Partners #678,Clothing,Columbus,West,contact678@wovenwear.com,0.7037037037037037,0.735897435897436,0.5263157894736843
SUP-CAT1-0679,Northwind Apparel Ltd. #679,Clothing,Chicago,West,contact679@threadline.com,0.6296296296296297,0.20358974358974358,0.5263157894736843
SUP-CAT1-0680,Wovenwear Inc. #680,Clothing,Newark,South,contact680@fabricraft.com,0.14814814814814814,0.4907692307692308,0.2631578947368418
SUP-CAT1-0681,UrbanStitch LLC #681,Clothing,Miami,North,contact681@wovenwear.com,0.6666666666666666,0.8082051282051282,0.4210526315789473
SUP-CAT1-0682,Fabricraft Wholesale #682,Clothing,Columbus,South,contact682@fabricraft.com,0.6296296296296297,0.7230769230769231,0.6315789473684212
SUP-CAT1-0683,Northwind Apparel Supply Chain #683,Clothing,Phoenix,East,contact683@fabricraft.com,0.5555555555555556,0.9594871794871795,0.15789473684210487
SUP-CAT1-0684,UrbanStitch Group #684,Clothing,Atlanta,Central,contact684@northwindapparel.com,0.7407407407407407,0.39179487179487177,0.5263157894736843
SUP-CAT1-0685,Threadline Supply Chain #685,Clothing,Hanoi,West,contact685@fabricraft.com,0.6666666666666666,0.2528205128205128,0.5263157894736843
SUP-CAT1-0686,UrbanStitch Co. #686,Clothing,Rotterdam,South,contact686@northwindapparel.com,0.2962962962962963,0.4712820512820513,0.3684210526315788
SUP-CAT1-0687,Wovenwear LLC #687,Clothing,Portland,South,contact687@threadline.com,0.4074074074074074,0.7415384615384616,0.4210526315789473
SUP-CAT1-0688,UrbanStitch LLC #688,Clothing,Atlanta,West,contact688@fabricraft.com,0.37037037037037035,0.5153846153846153,0.3684210526315788
SUP-CAT1-0689,Northwind Apparel Distributors #689,Clothing,Newark,South,contact689@urbanstitch.com,1.0,0.9897435897435898,0.3684210526315788
SUP-CAT1-0690,Fabricraft LLC #690,Clothing,Miami,West,contact690@wovenwear.com,0.4074074074074074,0.8630769230769231,0.5263157894736843
SUP-CAT1-0691,Threadline Trading #691,Clothing,Dallas,West,contact691@northwindapparel.com,0.3333333333333333,0.9871794871794872,0.3157894736842103
SUP-CAT1-0692,Threadline Group #692,Clothing,Shenzhen,North,contact692@threadline.com,0.07407407407407407,0.5256410256410257,0.3157894736842103
SUP-CAT1-0693,Northwind Apparel Partners #693,Clothing,Mumbai,South,contact693@fabricraft.com,0.2962962962962963,0.5246153846153846,0.10526315789473638
SUP-CAT1-0694,Northwind Apparel Inc. #694,Clothing,Seattle,West,contact694@fabricraft.com,0.7037037037037037,0.4266666666666667,0.6315789473684212
SUP-CAT1-0695,Wovenwear Co. #695,Clothing,Shenzhen,North,contact695@fabricraft.com,0.6296296296296297,0.6594871794871795,0.894736842105263
SUP-CAT1-0696,UrbanStitch Group #696,Clothing,Columbus,Central,contact696@northwindapparel.com,0.9259259259259259,0.3384615384615385,0.6842105263157897
SUP-CAT1-0697,UrbanStitch Group #697,Clothing,Osaka,North,contact697@threadline.com,0.9629629629629629,0.34615384615384615,0.2631578947368418
SUP-CAT1-0698,Wovenwear Group #698,Clothing,Dallas,Central,contact698@threadline.com,1.0,0.24666666666666667,0.5263157894736843
SUP-CAT1-0699,Wovenwear Partners #699,Clothing,Osaka,South,contact699@threadline.com,0.37037037037037035,0.8876923076923077,0.5263157894736843
SUP-CAT1-0700,UrbanStitch Supply Chain #700,Clothing,Chicago,Central,contact700@fabricraft.com,0.5555555555555556,0.13282051282051283,0.8421052631578946
SUP-CAT1-0701,UrbanStitch Supply Chain #701,Clothing,Osaka,West,contact701@northwindapparel.com,0.25925925925925924,0.4451282051282051,0.894736842105263
SUP-CAT1-0702,Northwind Apparel Supply Chain #702,Clothing,Osaka,East,contact702@threadline.com,0.1111111111111111,0.13025641025641024,0.05263157894736848
SUP-CAT1-0703,Wovenwear Wholesale #703,Clothing,Hanoi,East,contact703@fabricraft.com,0.3333333333333333,0.94,0.05263157894736848
SUP-CAT1-0704,Threadline Distributors #704,Clothing,Denver,East,contact704@wovenwear.com,0.8888888888888888,0.44666666666666666,0.4210526315789473
SUP-CAT1-0705,Threadline LLC #705,Clothing,Newark,East,contact705@fabricraft.com,0.037037037037037035,0.5435897435897435,0.5263157894736843
SUP-CAT1-0706,UrbanStitch Inc. #706,Clothing,Denver,West,contact706@threadline.com,0.9259259259259259,0.2907692307692308,0.6842105263157897
SUP-CAT1-0707,UrbanStitch LLC #707,Clothing,Atlanta,North,contact707@urbanstitch.com,0.7407407407407407,0.27794871794871795,0.6842105263157897
SUP-CAT1-0708,Wovenwear LLC #708,Clothing,Portland,West,contact708@fabricraft.com,0.8518518518518519,0.3871794871794872,0.15789473684210487
SUP-CAT1-0709,Wovenwear Ltd. #709,Clothing,Dallas,West,contact709@northwindapparel.com,0.1111111111111111,0.43025641025641026,0.2631578947368418
SUP-CAT1-0710,Northwind Apparel Inc. #710,Clothing,Chicago,South,contact710@threadline.com,0.37037037037037035,0.5235897435897436,0.4210526315789473
SUP-CAT1-0711,Fabricraft Ltd. #711,Clothing,Atlanta,East,contact711@fabricraft.com,0.7037037037037037,0.658974358974359,0.2631578947368418
SUP-CAT1-0712,Fabricraft LLC #712,Clothing,Phoenix,West,contact712@fabricraft.com,0.8518518518518519,0.378974358974359,0.5789473684210528
SUP-CAT1-0713,Threadline Ltd. #713,Clothing,Hanoi,South,contact713@wovenwear.com,0.1111111111111111,0.010769230769230769,0.7894736842105261
SUP-CAT1-0714,Fabricraft Partners #714,Clothing,Newark,South,contact714@threadline.com,0.8518518518518519,0.3030769230769231,0.9473684210526315
SUP-CAT1-0715,Threadline Trading #715,Clothing,Shenzhen,North,contact715@threadline.com,0.25925925925925924,0.7569230769230769,0.7368421052631576
SUP-CAT1-0716,Threadline LLC #716,Clothing,Seattle,North,contact716@northwindapparel.com,0.7407407407407407,0.14102564102564102,0.8421052631578946
SUP-CAT1-0717,UrbanStitch Group #717,Clothing,Hanoi,South,contact717@threadline.com,0.4444444444444444,0.6964102564102564,0.6842105263157897
SUP-CAT1-0718,Wovenwear Supply Chain #718,Clothing,Denver,South,contact718@northwindapparel.com,0.18518518518518517,0.11692307692307692,0.894736842105263
SUP-CAT1-0719,UrbanStitch Supply Chain #719,Clothing,Rotterdam,West,contact719@urbanstitch.com,0.8888888888888888,0.3082051282051282,0.21052631578947334
SUP-CAT1-0720,Northwind Apparel LLC #720,Clothing,Phoenix,North,contact720@urbanstitch.com,0.48148148148148145,0.43846153846153846,0.3157894736842103
SUP-CAT1-0721,UrbanStitch Ltd. #721,Clothing,Shenzhen,East,contact721@threadline.com,0.18518518518518517,0.08666666666666667,0.894736842105263
SUP-CAT1-0722,Wovenwear LLC #722,Clothing,Phoenix,Central,contact722@northwindapparel.com,0.48148148148148145,0.38,1.0
SUP-CAT1-0723,Northwind Apparel Wholesale #723,Clothing,Newark,East,contact723@urbanstitch.com,0.4074074074074074,0.5394871794871795,0.15789473684210487
SUP-CAT1-0724,Northwind Apparel Wholesale #724,Clothing,Phoenix,South,contact724@wovenwear.com,0.6296296296296297,0.9446153846153846,0.8421052631578946
SUP-CAT1-0725,Wovenwear Group #725,Clothing,Miami,East,contact725@northwindapparel.com,0.18518518518518517,0.07641025641025641,0.15789473684210487
SUP-CAT1-0726,Fabricraft Inc. #726,Clothing,Newark,East,contact726@northwindapparel.com,0.48148148148148145,0.8584615384615385,0.9473684210526315
SUP-CAT1-0727,Threadline Inc. #727,Clothing,Newark,South,contact727@northwindapparel.com,0.2222222222222222,0.44256410256410256,1.0
SUP-CAT1-0728,UrbanStitch Group #728,Clothing,Osaka,Central,contact728@northwindapparel.com,0.5185185185185185,0.9307692307692308,0.47368421052631576
SUP-CAT1-0729,Fabricraft Inc. #729,Clothing,Denver,South,contact729@threadline.com,0.5185185185185185,0.5584615384615385,0.5789473684210528
SUP-CAT1-0730,Fabricraft Group #730,Clothing,Dallas,East,contact730@urbanstitch.com,0.8518518518518519,0.3394871794871795,0.8421052631578946
SUP-CAT1-0731,Threadline Wholesale #731,Clothing,Miami,North,contact731@northwindapparel.com,1.0,0.1441025641025641,0.5789473684210528
SUP-CAT1-0732,Fabricraft Partners #732,Clothing,Newark,East,contact732@threadline.com,0.2962962962962963,0.13846153846153847,0.2631578947368418
SUP-CAT1-0733,Threadline Co. #733,Clothing,Chicago,East,contact733@northwindapparel.com,0.37037037037037035,0.9717948717948718,0.3684210526315788
SUP-CAT1-0734,Fabricraft Inc. #734,Clothing,Newark,East,contact734@wovenwear.com,0.037037037037037035,0.4641025641025641,0.6315789473684212
SUP-CAT1-0735,Fabricraft Distributors #735,Clothing,Newark,East,contact735@threadline.com,0.8888888888888888,0.5548717948717948,0.05263157894736848
SUP-CAT1-0736,Wovenwear Inc. #736,Clothing,Phoenix,North,contact736@wovenwear.com,0.7777777777777778,0.20717948717948717,0.5263157894736843
SUP-CAT1-0737,Northwind Apparel Group #737,Clothing,Atlanta,West,contact737@fabricraft.com,0.7777777777777778,0.38153846153846155,0.21052631578947334
SUP-CAT1-0738,UrbanStitch Partners #738,Clothing,Miami,South,contact738@urbanstitch.com,0.6296296296296297,0.11487179487179487,0.6315789473684212
SUP-CAT1-0739,Wovenwear Ltd. #739,Clothing,Mumbai,East,contact739@threadline.com,0.3333333333333333,0.2815384615384615,0.6842105263157897
SUP-CAT1-0740,Northwind Apparel Supply Chain #740,Clothing,Mumbai,Central,contact740@urbanstitch.com,0.2222222222222222,0.6533333333333333,0.7368421052631576
SUP-CAT1-0741,Wovenwear Distributors #741,Clothing,Mumbai,Central,contact741@northwindapparel.com,0.5925925925925926,0.6974358974358974,0.7368421052631576
SUP-CAT1-0742,Threadline LLC #742,Clothing,Denver,Central,contact742@wovenwear.com,0.5925925925925926,0.6123076923076923,0.3684210526315788
SUP-CAT1-0743,Northwind Apparel Co. #743,Clothing,Denver,South,contact743@fabricraft.com,1.0,0.8164102564102564,0.10526315789473638
SUP-CAT1-0744,Fabricraft Inc. #744,Clothing,Osaka,East,contact744@northwindapparel.com,0.4444444444444444,0.3425641025641026,0.3157894736842103
SUP-CAT1-0745,Northwind Apparel Inc. #745,Clothing,Denver,North,contact745@wovenwear.com,0.8518518518518519,0.49230769230769234,0.0
SUP-CAT1-0746,Wovenwear Partners #746,Clothing,Newark,West,contact746@wovenwear.com,0.9629629629629629,0.2907692307692308,0.0
SUP-CAT1-0747,Wovenwear Trading #747,Clothing,Columbus,West,contact747@wovenwear.com,0.0,0.5466666666666666,0.4210526315789473
SUP-CAT1-0748,UrbanStitch Supply Chain #748,Clothing,Miami,South,contact748@northwindapparel.com,0.3333333333333333,0.3374358974358974,0.9473684210526315
SUP-CAT1-0749,UrbanStitch Supply Chain #749,Clothing,Osaka,South,contact749@wovenwear.com,0.8888888888888888,0.6502564102564102,0.47368421052631576
SUP-CAT1-0750,UrbanStitch LLC #750,Clothing,Chicago,South,contact750@urbanstitch.com,0.6666666666666666,0.2651282051282051,0.3157894736842103
SUP-CAT1-0751,Northwind Apparel Co. #751,Clothing,Phoenix,East,contact751@threadline.com,0.8888888888888888,0.796923076923077,0.7894736842105261
SUP-CAT1-0752,Threadline Trading #752,Clothing,Rotterdam,North,contact752@urbanstitch.com,0.9259259259259259,0.13897435897435897,0.21052631578947334
SUP-CAT1-0753,Fabricraft Ltd. #753,Clothing,Miami,Central,contact753@threadline.com,0.14814814814814814,0.6476923076923077,0.21052631578947334
SUP-CAT1-0754,Wovenwear Partners #754,Clothing,Osaka,South,contact754@northwindapparel.com,0.6666666666666666,0.7666666666666667,0.9473684210526315
SUP-CAT1-0755,Northwind Apparel Supply Chain #755,Clothing,Denver,South,contact755@fabricraft.com,0.5925925925925926,0.7943589743589744,0.10526315789473638
SUP-CAT1-0756,Wovenwear Ltd. #756,Clothing,Mumbai,East,contact756@threadline.com,1.0,0.8882051282051282,0.15789473684210487
SUP-CAT1-0757,Threadline Partners #757,Clothing,Rotterdam,East,contact757@threadline.com,0.6296296296296297,0.7194871794871794,0.4210526315789473
SUP-CAT1-0758,Threadline Inc. #758,Clothing,Denver,Central,contact758@urbanstitch.com,0.07407407407407407,0.46,0.9473684210526315
SUP-CAT1-0759,Wovenwear Inc. #759,Clothing,Denver,North,contact759@threadline.com,0.6666666666666666,0.7025641025641025,0.6315789473684212
SUP-CAT1-0760,Wovenwear Wholesale #760,Clothing,Columbus,East,contact760@northwindapparel.com,0.7777777777777778,0.07743589743589743,0.4210526315789473
SUP-CAT1-0761,Threadline Trading #761,Clothing,Denver,North,contact761@urbanstitch.com,0.7037037037037037,0.09846153846153846,0.7894736842105261
SUP-CAT1-0762,UrbanStitch Partners #762,Clothing,Mumbai,North,contact762@urbanstitch.com,0.6296296296296297,0.6928205128205128,0.47368421052631576
SUP-CAT1-0763,UrbanStitch Distributors #763,Clothing,Portland,Central,contact763@urbanstitch.com,0.8148148148148148,0.19846153846153847,0.3157894736842103
SUP-CAT1-0764,Northwind Apparel Supply Chain #764,Clothing,Denver,Central,contact764@northwindapparel.com,0.2222222222222222,0.03641025641025641,0.4210526315789473
SUP-CAT1-0765,Threadline Co. #765,Clothing,Hanoi,Central,contact765@wovenwear.com,0.2962962962962963,0.7974358974358975,0.0
SUP-CAT1-0766,Fabricraft Group #766,Clothing,Mumbai,South,contact766@wovenwear.com,0.25925925925925924,0.7825641025641026,0.8421052631578946
SUP-CAT1-0767,Northwind Apparel Ltd. #767,Clothing,Chicago,North,contact767@fabricraft.com,0.2962962962962963,0.24358974358974358,0.15789473684210487
SUP-CAT1-0768,Threadline Trading #768,Clothing,Chicago,South,contact768@threadline.com,0.5185185185185185,0.9882051282051282,0.4210526315789473
SUP-CAT1-0769,Wovenwear Inc. #769,Clothing,Denver,South,contact769@wovenwear.com,0.14814814814814814,0.8928205128205128,0.6315789473684212
SUP-CAT1-0770,Northwind Apparel Partners #770,Clothing,Mumbai,South,contact770@wovenwear.com,0.8148148148148148,0.3902564102564103,0.10526315789473638
SUP-CAT1-0771,Threadline Inc. #771,Clothing,Portland,East,contact771@urbanstitch.com,0.7777777777777778,0.8215384615384616,0.7894736842105261
SUP-CAT1-0772,Northwind Apparel Ltd. #772,Clothing,Denver,East,contact772@northwindapparel.com,0.18518518518518517,0.14153846153846153,0.6315789473684212
SUP-CAT1-0773,Wovenwear Ltd. #773,Clothing,Seattle,East,contact773@fabricraft.com,0.9629629629629629,0.7589743589743589,0.9473684210526315
SUP-CAT1-0774,Threadline Ltd. #774,Clothing,Denver,East,contact774@urbanstitch.com,0.9629629629629629,0.9594871794871795,0.2631578947368418
SUP-CAT1-0775,Northwind Apparel LLC #775,Clothing,Rotterdam,Central,contact775@northwindapparel.com,0.8888888888888888,0.8225641025641026,0.05263157894736848
SUP-CAT1-0776,Threadline Partners #776,Clothing,Seattle,South,contact776@fabricraft.com,1.0,0.31384615384615383,0.6842105263157897
SUP-CAT1-0777,Fabricraft Wholesale #777,Clothing,Atlanta,South,contact777@threadline.com,0.48148148148148145,0.8635897435897436,0.6315789473684212
SUP-CAT1-0778,Wovenwear Inc. #778,Clothing,Shenzhen,South,contact778@wovenwear.com,0.7037037037037037,0.5271794871794871,0.7368421052631576
SUP-CAT1-0779,Wovenwear Distributors #779,Clothing,Newark,South,contact779@northwindapparel.com,0.037037037037037035,0.9256410256410257,0.7894736842105261
SUP-CAT1-0780,Threadline Co. #780,Clothing,Osaka,South,contact780@urbanstitch.com,0.7777777777777778,0.4492307692307692,0.6842105263157897
SUP-CAT1-0781,Wovenwear Supply Chain #781,Clothing,Newark,West,contact781@threadline.com,0.2962962962962963,0.9682051282051282,0.7368421052631576
SUP-CAT1-0782,Threadline Trading #782,Clothing,Osaka,West,contact782@wovenwear.com,0.4444444444444444,0.13538461538461538,0.15789473684210487
SUP-CAT1-0783,Northwind Apparel Co. #783,Clothing,Seattle,South,contact783@wovenwear.com,0.1111111111111111,0.04871794871794872,0.5263157894736843
SUP-CAT1-0784,Wovenwear Partners #784,Clothing,Chicago,Central,contact784@fabricraft.com,0.9629629629629629,0.46923076923076923,0.7368421052631576
SUP-CAT1-0785,UrbanStitch Partners #785,Clothing,Mumbai,North,contact785@wovenwear.com,0.2962962962962963,0.8728205128205129,0.4210526315789473
SUP-CAT1-0786,Wovenwear Trading #786,Clothing,Portland,East,contact786@wovenwear.com,0.4074074074074074,0.4123076923076923,0.05263157894736848
SUP-CAT1-0787,Northwind Apparel Distributors #787,Clothing,Portland,South,contact787@northwindapparel.com,0.18518518518518517,0.6943589743589743,0.4210526315789473
SUP-CAT1-0788,Fabricraft Partners #788,Clothing,Atlanta,West,contact788@urbanstitch.com,0.4074074074074074,0.003076923076923077,0.9473684210526315
SUP-CAT1-0789,Wovenwear Wholesale #789,Clothing,Chicago,South,contact789@urbanstitch.com,0.0,0.12307692307692308,0.9473684210526315
SUP-CAT1-0790,Fabricraft Group #790,Clothing,Newark,Central,contact790@fabricraft.com,0.5185185185185185,0.11538461538461539,0.6842105263157897
SUP-CAT1-0791,Wovenwear Co. #791,Clothing,Shenzhen,South,contact791@northwindapparel.com,0.07407407407407407,0.45897435897435895,0.15789473684210487
SUP-CAT1-0792,Northwind Apparel Group #792,Clothing,Rotterdam,East,contact792@threadline.com,0.7407407407407407,0.9533333333333334,0.3157894736842103
SUP-CAT1-0793,Threadline Supply Chain #793,Clothing,Dallas,Central,contact793@northwindapparel.com,0.7407407407407407,0.9179487179487179,0.6315789473684212
SUP-CAT1-0794,Threadline Wholesale #794,Clothing,Chicago,East,contact794@wovenwear.com,0.4444444444444444,0.9502564102564103,0.6842105263157897
SUP-CAT1-0795,Threadline Group #795,Clothing,Chicago,South,contact795@urbanstitch.com,0.25925925925925924,0.9533333333333334,0.05263157894736848
SUP-CAT1-0796,Northwind Apparel LLC #796,Clothing,Chicago,North,contact796@threadline.com,0.14814814814814814,0.4635897435897436,0.2631578947368418
SUP-CAT1-0797,Threadline Supply Chain #797,Clothing,Miami,Central,contact797@threadline.com,0.2962962962962963,0.9543589743589743,0.2631578947368418
SUP-CAT1-0798,Wovenwear Trading #798,Clothing,Columbus,East,contact798@urbanstitch.com,0.37037037037037035,0.1317948717948718,0.8421052631578946
SUP-CAT1-0799,Northwind Apparel Inc. #799,Clothing,Chicago,South,contact799@northwindapparel.com,0.5185185185185185,0.8148717948717948,0.8421052631578946
SUP-CAT1-0800,Wovenwear Group #800,Clothing,Newark,Central,contact800@urbanstitch.com,0.2962962962962963,0.25435897435897437,0.3684210526315788
SUP-CAT1-0801,Wovenwear Group #801,Clothing,Hanoi,East,contact801@urbanstitch.com,0.4074074074074074,0.7897435897435897,0.3157894736842103
SUP-CAT1-0802,Wovenwear Inc. #802,Clothing,Hanoi,East,contact802@wovenwear.com,0.6666666666666666,0.8728205128205129,0.9473684210526315
SUP-CAT1-0803,UrbanStitch Trading #803,Clothing,Columbus,East,contact803@wovenwear.com,0.5925925925925926,0.9030769230769231,0.47368421052631576
SUP-CAT1-0804,UrbanStitch Inc. #804,Clothing,Shenzhen,North,contact804@urbanstitch.com,0.1111111111111111,0.617948717948718,0.21052631578947334
SUP-CAT1-0805,Fabricraft Group #805,Clothing,Phoenix,Central,contact805@northwindapparel.com,0.3333333333333333,0.4266666666666667,0.15789473684210487
SUP-CAT1-0806,Threadline Co. #806,Clothing,Columbus,North,contact806@wovenwear.com,0.48148148148148145,0.6723076923076923,0.894736842105263
SUP-CAT1-0807,Wovenwear Trading #807,Clothing,Miami,East,contact807@wovenwear.com,0.14814814814814814,0.21333333333333335,0.9473684210526315
SUP-CAT1-0808,Wovenwear Partners #808,Clothing,Mumbai,East,contact808@fabricraft.com,0.18518518518518517,0.7584615384615384,0.47368421052631576
SUP-CAT1-0809,Wovenwear Inc. #809,Clothing,Shenzhen,South,contact809@fabricraft.com,0.7037037037037037,0.8548717948717949,0.5263157894736843
SUP-CAT1-0810,Threadline Co. #810,Clothing,Denver,Central,contact810@threadline.com,0.1111111111111111,0.20512820512820512,0.5789473684210528
SUP-CAT1-0811,UrbanStitch Distributors #811,Clothing,Newark,North,contact811@urbanstitch.com,0.48148148148148145,0.19333333333333333,0.7368421052631576
SUP-CAT1-0812,Northwind Apparel Distributors #812,Clothing,Osaka,West,contact812@urbanstitch.com,0.14814814814814814,0.6312820512820513,0.15789473684210487
SUP-CAT1-0813,Northwind Apparel Co. #813,Clothing,Seattle,North,contact813@fabricraft.com,0.8888888888888888,0.44564102564102565,0.894736842105263
SUP-CAT1-0814,Wovenwear Supply Chain #814,Clothing,Miami,East,contact814@urbanstitch.com,0.14814814814814814,0.6205128205128205,0.894736842105263
SUP-CAT1-0815,UrbanStitch Partners #815,Clothing,Hanoi,East,contact815@wovenwear.com,0.48148148148148145,0.2717948717948718,0.21052631578947334
SUP-CAT1-0816,UrbanStitch Trading #816,Clothing,Miami,North,contact816@fabricraft.com,0.2222222222222222,0.6625641025641026,0.3684210526315788
SUP-CAT1-0817,UrbanStitch Co. #817,Clothing,Osaka,Central,contact817@urbanstitch.com,0.5185185185185185,0.5512820512820513,0.5789473684210528
SUP-CAT1-0818,UrbanStitch LLC #818,Clothing,Hanoi,East,contact818@urbanstitch.com,0.48148148148148145,0.9712820512820513,0.6842105263157897
SUP-CAT1-0819,Threadline Trading #819,Clothing,Osaka,Central,contact819@northwindapparel.com,0.6666666666666666,0.2282051282051282,0.15789473684210487
SUP-CAT1-0820,Wovenwear Wholesale #820,Clothing,Atlanta,South,contact820@threadline.com,0.8888888888888888,0.742051282051282,0.6315789473684212
SUP-CAT1-0821,Wovenwear LLC #821,Clothing,Miami,West,contact821@fabricraft.com,0.3333333333333333,0.8133333333333334,1.0
SUP-CAT1-0822,Fabricraft Supply Chain #822,Clothing,Miami,Central,contact822@northwindapparel.com,0.6666666666666666,0.33179487179487177,0.47368421052631576
SUP-CAT1-0823,Fabricraft Supply Chain #823,Clothing,Dallas,Central,contact823@northwindapparel.com,0.2962962962962963,0.0882051282051282,0.0
SUP-CAT1-0824,Fabricraft Co. #824,Clothing,Mumbai,North,contact824@threadline.com,0.6296296296296297,0.06461538461538462,0.6315789473684212
SUP-CAT1-0825,Wovenwear Co. #825,Clothing,Miami,North,contact825@wovenwear.com,0.8148148148148148,0.6964102564102564,0.9473684210526315
SUP-CAT1-0826,Northwind Apparel Supply Chain #826,Clothing,Osaka,South,contact826@fabricraft.com,0.3333333333333333,0.2353846153846154,0.47368421052631576
SUP-CAT1-0827,Fabricraft Ltd. #827,Clothing,Newark,Central,contact827@wovenwear.com,0.5185185185185185,0.7651282051282051,0.8421052631578946
SUP-CAT1-0828,Wovenwear Partners #828,Clothing,Miami,West,contact828@urbanstitch.com,0.4074074074074074,0.9933333333333333,0.3157894736842103
SUP-CAT1-0829,Fabricraft Co. #829,Clothing,Seattle,East,contact829@urbanstitch.com,0.14814814814814814,0.2712820512820513,0.9473684210526315
SUP-CAT1-0830,UrbanStitch Distributors #830,Clothing,Miami,South,contact830@fabricraft.com,0.7407407407407407,0.6005128205128205,0.6315789473684212
SUP-CAT1-0831,Wovenwear Ltd. #831,Clothing,Atlanta,West,contact831@fabricraft.com,0.25925925925925924,0.9446153846153846,0.10526315789473638
SUP-CAT1-0832,Fabricraft Wholesale #832,Clothing,Shenzhen,North,contact832@urbanstitch.com,0.5185185185185185,0.21487179487179486,0.4210526315789473
SUP-CAT1-0833,Northwind Apparel Partners #833,Clothing,Osaka,East,contact833@threadline.com,0.6666666666666666,0.1276923076923077,0.7894736842105261
SUP-CAT1-0834,Threadline Distributors #834,Clothing,Shenzhen,South,contact834@urbanstitch.com,0.9629629629629629,0.12307692307692308,0.47368421052631576
SUP-CAT1-0835,Wovenwear Distributors #835,Clothing,Denver,North,contact835@northwindapparel.com,0.6296296296296297,0.22205128205128205,0.5789473684210528
SUP-CAT1-0836,Wovenwear Partners #836,Clothing,Rotterdam,West,contact836@fabricraft.com,0.0,0.7487179487179487,0.7368421052631576
SUP-CAT1-0837,Threadline Partners #837,Clothing,Miami,East,contact837@threadline.com,0.5925925925925926,0.5456410256410257,1.0
SUP-CAT1-0838,Wovenwear Inc. #838,Clothing,Newark,East,contact838@fabricraft.com,0.7777777777777778,0.18153846153846154,0.2631578947368418
SUP-CAT1-0839,Fabricraft Co. #839,Clothing,Portland,South,contact839@fabricraft.com,0.2962962962962963,0.6097435897435898,0.5789473684210528
SUP-CAT1-0840,Northwind Apparel Group #840,Clothing,Portland,West,contact840@fabricraft.com,1.0,0.703076923076923,0.2631578947368418
SUP-CAT1-0841,Wovenwear Supply Chain #841,Clothing,Phoenix,North,contact841@threadline.com,0.037037037037037035,0.16564102564102565,0.7894736842105261
SUP-CAT1-0842,Threadline Supply Chain #842,Clothing,Rotterdam,West,contact842@northwindapparel.com,0.3333333333333333,0.03128205128205128,0.4210526315789473
SUP-CAT1-0843,Northwind Apparel Wholesale #843,Clothing,Columbus,Central,contact843@wovenwear.com,0.4074074074074074,0.8153846153846154,0.0
SUP-CAT1-0844,Threadline LLC #844,Clothing,Denver,West,contact844@wovenwear.com,0.5185185185185185,0.29025641025641025,0.894736842105263
SUP-CAT1-0845,UrbanStitch Co. #845,Clothing,Atlanta,South,contact845@wovenwear.com,0.3333333333333333,0.5897435897435898,0.4210526315789473
SUP-CAT1-0846,Fabricraft Supply Chain #846,Clothing,Columbus,South,contact846@urbanstitch.com,0.37037037037037035,0.2969230769230769,0.5263157894736843
SUP-CAT1-0847,Fabricraft Distributors #847,Clothing,Phoenix,West,contact847@threadline.com,1.0,0.7661538461538462,0.8421052631578946
SUP-CAT1-0848,Threadline Group #848,Clothing,Osaka,South,contact848@threadline.com,0.1111111111111111,0.9605128205128205,0.10526315789473638
SUP-CAT1-0849,Wovenwear Co. #849,Clothing,Miami,West,contact849@northwindapparel.com,0.07407407407407407,0.5056410256410256,0.05263157894736848
SUP-CAT1-0850,Northwind Apparel Group #850,Clothing,Osaka,West,contact850@threadline.com,0.4074074074074074,0.25333333333333335,0.8421052631578946
SUP-CAT1-0851,Fabricraft Wholesale #851,Clothing,Osaka,South,contact851@fabricraft.com,0.18518518518518517,0.1076923076923077,0.9473684210526315
SUP-CAT1-0852,UrbanStitch Trading #852,Clothing,Denver,Central,contact852@northwindapparel.com,0.4444444444444444,0.9230769230769231,0.6842105263157897
SUP-CAT1-0853,Threadline Inc. #853,Clothing,Atlanta,North,contact853@urbanstitch.com,0.25925925925925924,0.055384615384615386,0.7894736842105261
SUP-CAT1-0854,Northwind Apparel Co. #854,Clothing,Rotterdam,West,contact854@threadline.com,0.6666666666666666,0.24256410256410257,0.3157894736842103
SUP-CAT1-0855,Wovenwear LLC #855,Clothing,Columbus,West,contact855@fabricraft.com,0.9259259259259259,0.8758974358974358,0.2631578947368418
SUP-CAT1-0856,UrbanStitch Distributors #856,Clothing,Denver,West,contact856@urbanstitch.com,0.18518518518518517,0.8938461538461538,0.10526315789473638
SUP-CAT1-0857,Northwind Apparel Co. #857,Clothing,Columbus,South,contact857@fabricraft.com,0.7037037037037037,0.25794871794871793,0.47368421052631576
SUP-CAT1-0858,Fabricraft Wholesale #858,Clothing,Columbus,South,contact858@wovenwear.com,0.25925925925925924,0.02717948717948718,0.47368421052631576
SUP-CAT1-0859,Northwind Apparel Distributors #859,Clothing,Rotterdam,South,contact859@fabricraft.com,0.07407407407407407,0.3871794871794872,0.7368421052631576
SUP-CAT1-0860,Threadline Wholesale #860,Clothing,Rotterdam,South,contact860@wovenwear.com,0.4074074074074074,0.9153846153846154,0.894736842105263
SUP-CAT1-0861,Fabricraft Ltd. #861,Clothing,Newark,Central,contact861@urbanstitch.com,0.2222222222222222,0.012307692307692308,0.7368421052631576
SUP-CAT1-0862,Wovenwear Inc. #862,Clothing,Hanoi,North,contact862@threadline.com,0.9259259259259259,0.4246153846153846,0.5789473684210528
SUP-CAT1-0863,Threadline Trading #863,Clothing,Portland,West,contact863@threadline.com,0.48148148148148145,0.20923076923076922,0.5263157894736843
SUP-CAT1-0864,Northwind Apparel Trading #864,Clothing,Rotterdam,Central,contact864@fabricraft.com,0.2222222222222222,0.7728205128205128,0.7894736842105261
SUP-CAT1-0865,Fabricraft LLC #865,Clothing,Mumbai,Central,contact865@fabricraft.com,0.6296296296296297,0.5666666666666667,0.4210526315789473
SUP-CAT1-0866,Threadline LLC #866,Clothing,Miami,West,contact866@fabricraft.com,0.07407407407407407,0.32871794871794874,0.894736842105263
SUP-CAT1-0867,Wovenwear Ltd. #867,Clothing,Chicago,Central,contact867@wovenwear.com,0.7407407407407407,0.2692307692307692,0.47368421052631576
SUP-CAT1-0868,Northwind Apparel LLC #868,Clothing,Phoenix,East,contact868@urbanstitch.com,0.7037037037037037,0.4194871794871795,1.0
SUP-CAT1-0869,UrbanStitch Supply Chain #869,Clothing,Phoenix,North,contact869@fabricraft.com,0.2962962962962963,0.882051282051282,0.10526315789473638
SUP-CAT1-0870,Fabricraft Supply Chain #870,Clothing,Chicago,South,contact870@wovenwear.com,0.5925925925925926,0.057435897435897436,0.10526315789473638
SUP-CAT1-0871,Northwind Apparel Ltd. #871,Clothing,Mumbai,West,contact871@threadline.com,0.4444444444444444,0.7533333333333333,0.7894736842105261
SUP-CAT1-0872,Threadline Supply Chain #872,Clothing,Columbus,North,contact872@threadline.com,0.2222222222222222,0.7153846153846154,0.3157894736842103
SUP-CAT1-0873,Wovenwear Co. #873,Clothing,Osaka,Central,contact873@wovenwear.com,0.0,0.837948717948718,0.05263157894736848
SUP-CAT1-0874,UrbanStitch Distributors #874,Clothing,Dallas,East,contact874@fabricraft.com,0.5555555555555556,0.24205128205128204,0.5789473684210528
SUP-CAT1-0875,Threadline Wholesale #875,Clothing,Chicago,Central,contact875@fabricraft.com,0.7777777777777778,0.7323076923076923,0.4210526315789473
SUP-CAT1-0876,Northwind Apparel Trading #876,Clothing,Shenzhen,North,contact876@wovenwear.com,0.3333333333333333,0.43333333333333335,0.05263157894736848
SUP-CAT1-0877,UrbanStitch Inc. #877,Clothing,Rotterdam,West,contact877@threadline.com,0.7777777777777778,0.6246153846153846,0.6315789473684212
SUP-CAT1-0878,Threadline Supply Chain #878,Clothing,Hanoi,North,contact878@threadline.com,0.5555555555555556,0.26615384615384613,0.6315789473684212
SUP-CAT1-0879,Northwind Apparel Inc. #879,Clothing,Columbus,West,contact879@wovenwear.com,0.4074074074074074,0.9328205128205128,0.6315789473684212
SUP-CAT1-0880,Threadline Inc. #880,Clothing,Mumbai,North,contact880@fabricraft.com,0.7407407407407407,0.8948717948717949,0.9473684210526315
SUP-CAT1-0881,Threadline LLC #881,Clothing,Newark,Central,contact881@fabricraft.com,0.5185185185185185,0.2569230769230769,0.8421052631578946
SUP-CAT1-0882,Fabricraft Distributors #882,Clothing,Portland,West,contact882@fabricraft.com,0.7407407407407407,0.5117948717948718,0.4210526315789473
SUP-CAT1-0883,Fabricraft Supply Chain #883,Clothing,Seattle,Central,contact883@urbanstitch.com,0.48148148148148145,0.5143589743589744,0.7368421052631576
SUP-CAT1-0884,Fabricraft Ltd. #884,Clothing,Hanoi,Central,contact884@urbanstitch.com,0.2962962962962963,0.07743589743589743,0.3157894736842103
SUP-CAT1-0885,UrbanStitch LLC #885,Clothing,Hanoi,East,contact885@wovenwear.com,0.07407407407407407,0.3605128205128205,0.6842105263157897
SUP-CAT1-0886,UrbanStitch Distributors #886,Clothing,Denver,North,contact886@urbanstitch.com,0.5925925925925926,0.2271794871794872,0.9473684210526315
SUP-CAT1-0887,UrbanStitch Wholesale #887,Clothing,Columbus,North,contact887@threadline.com,0.5555555555555556,0.6748717948717948,0.15789473684210487
SUP-CAT1-0888,Wovenwear Trading #888,Clothing,Osaka,East,contact888@wovenwear.com,0.9629629629629629,0.11128205128205128,0.8421052631578946
SUP-CAT1-0889,Threadline Ltd. #889,Clothing,Newark,West,contact889@fabricraft.com,0.5925925925925926,0.8041025641025641,0.5789473684210528
SUP-CAT1-0890,Wovenwear Wholesale #890,Clothing,Phoenix,South,contact890@northwindapparel.com,0.6666666666666666,0.718974358974359,0.8421052631578946
SUP-CAT1-0891,UrbanStitch Group #891,Clothing,Columbus,Central,contact891@urbanstitch.com,0.8518518518518519,0.31794871794871793,0.21052631578947334
SUP-CAT1-0892,Threadline Distributors #892,Clothing,Newark,Central,contact892@threadline.com,0.0,0.10256410256410256,0.9473684210526315
SUP-CAT1-0893,Wovenwear Group #893,Clothing,Rotterdam,South,contact893@northwindapparel.com,0.6296296296296297,0.9933333333333333,0.15789473684210487
SUP-CAT1-0894,UrbanStitch LLC #894,Clothing,Newark,Central,contact894@threadline.com,0.6296296296296297,0.8441025641025641,0.2631578947368418
SUP-CAT1-0895,Fabricraft Group #895,Clothing,Denver,North,contact895@threadline.com,0.48148148148148145,0.38769230769230767,0.6842105263157897
SUP-CAT1-0896,Fabricraft Trading #896,Clothing,Newark,East,contact896@northwindapparel.com,0.4074074074074074,0.13948717948717948,0.6842105263157897
SUP-CAT1-0897,Fabricraft Inc. #897,Clothing,Shenzhen,North,contact897@urbanstitch.com,0.7037037037037037,0.3861538461538462,0.05263157894736848
SUP-CAT1-0898,UrbanStitch Wholesale #898,Clothing,Dallas,Central,contact898@fabricraft.com,0.5555555555555556,0.34615384615384615,0.5263157894736843
SUP-CAT1-0899,UrbanStitch Inc. #899,Clothing,Shenzhen,Central,contact899@wovenwear.com,0.14814814814814814,0.06615384615384616,0.2631578947368418
SUP-CAT1-0900,Wovenwear Ltd. #900,Clothing,Portland,Central,contact900@threadline.com,0.7407407407407407,0.17384615384615384,0.10526315789473638
SUP-CAT1-0901,Threadline Supply Chain #901,Clothing,Osaka,East,contact901@urbanstitch.com,0.037037037037037035,0.2358974358974359,0.05263157894736848
SUP-CAT1-0902,Fabricraft Trading #902,Clothing,Chicago,West,contact902@urbanstitch.com,0.4444444444444444,0.9082051282051282,0.21052631578947334
SUP-CAT1-0903,Fabricraft Supply Chain #903,Clothing,Chicago,Central,contact903@northwindapparel.com,0.2962962962962963,0.45794871794871794,0.6842105263157897
SUP-CAT1-0904,Northwind Apparel Ltd. #904,Clothing,Denver,East,contact904@threadline.com,0.5555555555555556,0.3030769230769231,0.3684210526315788
SUP-CAT1-0905,Wovenwear Co. #905,Clothing,Newark,North,contact905@urbanstitch.com,0.37037037037037035,0.698974358974359,0.6842105263157897
SUP-CAT1-0906,Wovenwear Supply Chain #906,Clothing,Osaka,South,contact906@fabricraft.com,0.18518518518518517,0.014871794871794871,0.21052631578947334
SUP-CAT1-0907,Northwind Apparel Co. #907,Clothing,Hanoi,Central,contact907@urbanstitch.com,0.9259259259259259,0.23487179487179488,0.2631578947368418
SUP-CAT1-0908,Fabricraft Group #908,Clothing,Phoenix,Central,contact908@fabricraft.com,0.9629629629629629,0.823076923076923,0.6842105263157897
SUP-CAT1-0909,Fabricraft LLC #909,Clothing,Dallas,East,contact909@wovenwear.com,1.0,0.08717948717948718,0.21052631578947334
SUP-CAT1-0910,Threadline LLC #910,Clothing,Hanoi,South,contact910@urbanstitch.com,0.6666666666666666,0.442051282051282,0.6315789473684212
SUP-CAT1-0911,Fabricraft Ltd. #911,Clothing,Denver,East,contact911@urbanstitch.com,0.0,0.5030769230769231,0.8421052631578946
SUP-CAT1-0912,Threadline Trading #912,Clothing,Dallas,Central,contact912@fabricraft.com,0.18518518518518517,0.32871794871794874,0.10526315789473638
SUP-CAT1-0913,Fabricraft Distributors #913,Clothing,Mumbai,Central,contact913@threadline.com,0.6296296296296297,0.6051282051282051,0.21052631578947334
SUP-CAT1-0914,Northwind Apparel Trading #914,Clothing,Columbus,East,contact914@urbanstitch.com,0.4444444444444444,0.37333333333333335,1.0
SUP-CAT1-0915,Northwind Apparel Supply Chain #915,Clothing,Atlanta,Central,contact915@wovenwear.com,0.8148148148148148,0.1794871794871795,0.894736842105263
SUP-CAT1-0916,Northwind Apparel Trading #916,Clothing,Phoenix,West,contact916@wovenwear.com,0.8888888888888888,0.3923076923076923,0.7894736842105261
SUP-CAT1-0917,Wovenwear Partners #917,Clothing,Atlanta,South,contact917@threadline.com,0.037037037037037035,0.4753846153846154,0.3684210526315788
SUP-CAT1-0918,Northwind Apparel Co. #918,Clothing,Osaka,East,contact918@threadline.com,0.0,0.9194871794871795,0.8421052631578946
SUP-CAT1-0919,Wovenwear LLC #919,Clothing,Atlanta,East,contact919@threadline.com,0.6296296296296297,0.2964102564102564,0.9473684210526315
SUP-CAT1-0920,UrbanStitch Group #920,Clothing,Hanoi,East,contact920@threadline.com,0.3333333333333333,0.617948717948718,0.5789473684210528
SUP-CAT1-0921,Fabricraft Wholesale #921,Clothing,Newark,Central,contact921@fabricraft.com,0.0,0.14717948717948717,0.6842105263157897
SUP-CAT1-0922,UrbanStitch Group #922,Clothing,Dallas,Central,contact922@northwindapparel.com,0.9259259259259259,0.7225641025641025,0.3684210526315788
SUP-CAT1-0923,Northwind Apparel Partners #923,Clothing,Chicago,Central,contact923@wovenwear.com,0.7407407407407407,0.5892307692307692,0.10526315789473638
SUP-CAT1-0924,Threadline Co. #924,Clothing,Hanoi,North,contact924@urbanstitch.com,0.14814814814814814,0.23333333333333334,0.8421052631578946
SUP-CAT1-0925,UrbanStitch Trading #925,Clothing,Denver,Central,contact925@wovenwear.com,0.4074074074074074,0.36512820512820515,0.5789473684210528
SUP-CAT1-0926,UrbanStitch LLC #926,Clothing,Seattle,Central,contact926@fabricraft.com,0.6296296296296297,0.2774358974358974,0.0
SUP-CAT1-0927,Wovenwear Ltd. #927,Clothing,Seattle,West,contact927@fabricraft.com,0.9259259259259259,0.34615384615384615,0.8421052631578946
SUP-CAT1-0928,Wovenwear Trading #928,Clothing,Seattle,North,contact928@fabricraft.com,0.7037037037037037,0.4087179487179487,0.6842105263157897
SUP-CAT1-0929,Northwind Apparel LLC #929,Clothing,Shenzhen,East,contact929@urbanstitch.com,0.9259259259259259,0.6738461538461539,0.4210526315789473
SUP-CAT1-0930,Wovenwear Distributors #930,Clothing,Dallas,West,contact930@urbanstitch.com,0.8148148148148148,0.4005128205128205,0.894736842105263
SUP-CAT1-0931,Wovenwear Distributors #931,Clothing,Phoenix,East,contact931@urbanstitch.com,0.6296296296296297,0.9076923076923077,0.21052631578947334
SUP-CAT1-0932,Fabricraft LLC #932,Clothing,Portland,East,contact932@northwindapparel.com,0.9629629629629629,0.6,0.5789473684210528
SUP-CAT1-0933,Northwind Apparel LLC #933,Clothing,Seattle,North,contact933@fabricraft.com,0.2222222222222222,0.801025641025641,0.9473684210526315
SUP-CAT1-0934,Fabricraft Partners #934,Clothing,Columbus,South,contact934@wovenwear.com,0.7777777777777778,0.5287179487179487,0.21052631578947334
SUP-CAT1-0935,Northwind Apparel Ltd. #935,Clothing,Chicago,West,contact935@threadline.com,0.9259259259259259,0.7394871794871795,0.9473684210526315
SUP-CAT1-0936,Threadline Supply Chain #936,Clothing,Phoenix,West,contact936@northwindapparel.com,0.5925925925925926,0.9041025641025641,0.4210526315789473
SUP-CAT1-0937,Northwind Apparel Group #937,Clothing,Miami,Central,contact937@northwindapparel.com,0.4444444444444444,0.5964102564102564,0.3684210526315788
SUP-CAT1-0938,Northwind Apparel Group #938,Clothing,Portland,Central,contact938@wovenwear.com,0.9629629629629629,0.8323076923076923,0.4210526315789473
SUP-CAT1-0939,Wovenwear LLC #939,Clothing,Mumbai,West,contact939@fabricraft.com,0.25925925925925924,0.021025641025641025,0.05263157894736848
SUP-CAT1-0940,Northwind Apparel Supply Chain #940,Clothing,Atlanta,East,contact940@northwindapparel.com,0.8888888888888888,0.1671794871794872,0.15789473684210487
SUP-CAT1-0941,Fabricraft Group #941,Clothing,Columbus,North,contact941@urbanstitch.com,0.2222222222222222,0.7512820512820513,0.47368421052631576
SUP-CAT1-0942,UrbanStitch Trading #942,Clothing,Miami,North,contact942@urbanstitch.com,0.48148148148148145,0.7148717948717949,0.15789473684210487
SUP-CAT1-0943,Fabricraft Partners #943,Clothing,Mumbai,Central,contact943@fabricraft.com,0.7037037037037037,0.9230769230769231,0.10526315789473638
SUP-CAT1-0944,Threadline Distributors #944,Clothing,Denver,South,contact944@threadline.com,0.2222222222222222,0.3394871794871795,0.4210526315789473
SUP-CAT1-0945,UrbanStitch Co. #945,Clothing,Seattle,East,contact945@threadline.com,0.8148148148148148,0.36615384615384616,0.9473684210526315
SUP-CAT1-0946,Northwind Apparel Inc. #946,Clothing,Atlanta,South,contact946@wovenwear.com,0.7407407407407407,0.2235897435897436,0.2631578947368418
SUP-CAT1-0947,Fabricraft Trading #947,Clothing,Mumbai,Central,contact947@northwindapparel.com,0.5555555555555556,0.5482051282051282,0.2631578947368418
SUP-CAT1-0948,UrbanStitch Ltd. #948,Clothing,Dallas,West,contact948@fabricraft.com,0.3333333333333333,0.30615384615384617,0.3157894736842103
SUP-CAT1-0949,Wovenwear Wholesale #949,Clothing,Seattle,North,contact949@northwindapparel.com,0.37037037037037035,0.9266666666666666,0.9473684210526315
SUP-CAT1-0950,Threadline Inc. #950,Clothing,Portland,North,contact950@urbanstitch.com,0.5555555555555556,0.48717948717948717,0.7894736842105261
SUP-CAT1-0951,Threadline Ltd. #951,Clothing,Hanoi,East,contact951@threadline.com,0.18518518518518517,0.7605128205128205,0.3157894736842103
SUP-CAT1-0952,Fabricraft Partners #952,Clothing,Mumbai,Central,contact952@urbanstitch.com,0.0,0.66,0.4210526315789473
SUP-CAT1-0953,Fabricraft Inc. #953,Clothing,Phoenix,South,contact953@threadline.com,0.5555555555555556,0.7215384615384616,0.4210526315789473
SUP-CAT1-0954,Fabricraft LLC #954,Clothing,Osaka,West,contact954@fabricraft.com,0.9629629629629629,0.10564102564102563,0.9473684210526315
SUP-CAT1-0955,UrbanStitch Trading #955,Clothing,Mumbai,North,contact955@threadline.com,0.8888888888888888,0.9384615384615385,0.21052631578947334
SUP-CAT1-0956,Threadline Wholesale #956,Clothing,Shenzhen,West,contact956@threadline.com,0.8148148148148148,0.9246153846153846,0.9473684210526315
SUP-CAT1-0957,UrbanStitch Ltd. #957,Clothing,Dallas,Central,contact957@urbanstitch.com,0.037037037037037035,0.5497435897435897,0.47368421052631576
SUP-CAT1-0958,Wovenwear Supply Chain #958,Clothing,Dallas,East,contact958@threadline.com,0.9259259259259259,0.32666666666666666,0.6842105263157897
SUP-CAT1-0959,Wovenwear Partners #959,Clothing,Rotterdam,South,contact959@northwindapparel.com,0.7037037037037037,0.7035897435897436,0.21052631578947334
SUP-CAT1-0960,Northwind Apparel Co. #960,Clothing,Dallas,East,contact960@northwindapparel.com,0.0,0.2928205128205128,0.15789473684210487
SUP-CAT1-0961,UrbanStitch Distributors #961,Clothing,Phoenix,Central,contact961@urbanstitch.com,0.9259259259259259,0.16974358974358975,0.7894736842105261
SUP-CAT1-0962,UrbanStitch Partners #962,Clothing,Atlanta,East,contact962@northwindapparel.com,0.25925925925925924,0.6605128205128206,0.4210526315789473
SUP-CAT1-0963,Wovenwear Inc. #963,Clothing,Chicago,North,contact963@wovenwear.com,0.2962962962962963,0.12564102564102564,0.0
SUP-CAT1-0964,Threadline Co. #964,Clothing,Phoenix,West,contact964@northwindapparel.com,0.4444444444444444,0.8728205128205129,0.7368421052631576
SUP-CAT1-0965,UrbanStitch Co. #965,Clothing,Dallas,North,contact965@northwindapparel.com,0.7777777777777778,0.3984615384615385,0.9473684210526315
SUP-CAT1-0966,UrbanStitch Ltd. #966,Clothing,Atlanta,North,contact966@threadline.com,0.3333333333333333,0.823076923076923,0.4210526315789473
SUP-CAT1-0967,Threadline Co. #967,Clothing,Seattle,North,contact967@northwindapparel.com,0.2962962962962963,0.002564102564102564,0.6315789473684212
SUP-CAT1-0968,Fabricraft LLC #968,Clothing,Dallas,East,contact968@urbanstitch.com,0.5185185185185185,0.1282051282051282,0.2631578947368418
SUP-CAT1-0969,Northwind Apparel Supply Chain #969,Clothing,Shenzhen,North,contact969@northwindapparel.com,0.3333333333333333,0.9097435897435897,0.9473684210526315
SUP-CAT1-0970,Wovenwear Trading #970,Clothing,Hanoi,South,contact970@fabricraft.com,0.4444444444444444,0.5364102564102564,0.7894736842105261
SUP-CAT1-0971,UrbanStitch Ltd. #971,Clothing,Atlanta,East,contact971@wovenwear.com,0.5185185185185185,0.02923076923076923,0.2631578947368418
SUP-CAT1-0972,UrbanStitch Distributors #972,Clothing,Newark,North,contact972@wovenwear.com,0.7037037037037037,0.07948717948717948,0.8421052631578946
SUP-CAT1-0973,Wovenwear Distributors #973,Clothing,Dallas,Central,contact973@fabricraft.com,0.5925925925925926,0.8656410256410256,0.9473684210526315
SUP-CAT1-0974,Threadline Supply Chain #974,Clothing,Miami,East,contact974@threadline.com,0.5555555555555556,0.8292307692307692,0.3684210526315788
SUP-CAT1-0975,Northwind Apparel Distributors #975,Clothing,Hanoi,West,contact975@fabricraft.com,0.2222222222222222,0.9702564102564103,0.7368421052631576
SUP-CAT1-0976,Fabricraft Co. #976,Clothing,Hanoi,South,contact976@urbanstitch.com,0.7037037037037037,0.6405128205128205,0.15789473684210487
SUP-CAT1-0977,Threadline Trading #977,Clothing,Phoenix,Central,contact977@threadline.com,0.8888888888888888,0.03743589743589744,0.10526315789473638
SUP-CAT1-0978,Threadline Ltd. #978,Clothing,Phoenix,West,contact978@wovenwear.com,0.5555555555555556,0.6753846153846154,0.15789473684210487
SUP-CAT1-0979,Wovenwear LLC #979,Clothing,Dallas,West,contact979@threadline.com,0.7777777777777778,0.29743589743589743,0.5789473684210528
SUP-CAT1-0980,Northwind Apparel Wholesale #980,Clothing,Shenzhen,North,contact980@northwindapparel.com,0.7407407407407407,0.2753846153846154,0.894736842105263
SUP-CAT1-0981,UrbanStitch Distributors #981,Clothing,Osaka,West,contact981@fabricraft.com,0.7777777777777778,0.49743589743589745,0.4210526315789473
SUP-CAT1-0982,Threadline Distributors #982,Clothing,Shenzhen,East,contact982@fabricraft.com,0.8888888888888888,0.6748717948717948,0.10526315789473638
SUP-CAT1-0983,UrbanStitch Partners #983,Clothing,Rotterdam,West,contact983@threadline.com,0.8518518518518519,0.45897435897435895,0.8421052631578946
SUP-CAT1-0984,Threadline LLC #984,Clothing,Denver,South,contact984@northwindapparel.com,0.7407407407407407,0.8876923076923077,0.10526315789473638
SUP-CAT1-0985,Wovenwear Co. #985,Clothing,Mumbai,South,contact985@fabricraft.com,0.0,0.8497435897435898,0.4210526315789473
SUP-CAT1-0986,Fabricraft LLC #986,Clothing,Atlanta,South,contact986@wovenwear.com,0.07407407407407407,0.05641025641025641,0.3157894736842103
SUP-CAT1-0987,Northwind Apparel Co. #987,Clothing,Newark,East,contact987@threadline.com,0.07407407407407407,0.018461538461538463,0.15789473684210487
SUP-CAT1-0988,Threadline Co. #988,Clothing,Shenzhen,North,contact988@fabricraft.com,0.7777777777777778,0.37025641025641026,0.8421052631578946
SUP-CAT1-0989,Wovenwear Inc. #989,Clothing,Phoenix,East,contact989@threadline.com,0.7407407407407407,0.3241025641025641,1.0
SUP-CAT1-0990,Threadline Distributors #990,Clothing,Rotterdam,Central,contact990@northwindapparel.com,0.0,0.9471794871794872,0.894736842105263
SUP-CAT1-0991,Wovenwear Inc. #991,Clothing,Portland,West,contact991@fabricraft.com,0.3333333333333333,0.13025641025641024,0.5263157894736843
SUP-CAT1-0992,Fabricraft Group #992,Clothing,Dallas,North,contact992@urbanstitch.com,0.6296296296296297,0.963076923076923,0.3157894736842103
SUP-CAT1-0993,Fabricraft LLC #993,Clothing,Phoenix,Central,contact993@threadline.com,0.4444444444444444,0.4164102564102564,0.6315789473684212
SUP-CAT1-0994,Threadline Co. #994,Clothing,Dallas,Central,contact994@fabricraft.com,0.07407407407407407,0.5579487179487179,0.3684210526315788
SUP-CAT1-0995,Northwind Apparel Distributors #995,Clothing,Rotterdam,North,contact995@urbanstitch.com,0.9629629629629629,0.009230769230769232,0.2631578947368418
SUP-CAT1-0996,Threadline Partners #996,Clothing,Chicago,West,contact996@threadline.com,1.0,0.41025641025641024,0.6842105263157897
SUP-CAT1-0997,Threadline Wholesale #997,Clothing,Portland,North,contact997@wovenwear.com,0.07407407407407407,0.7794871794871795,0.4210526315789473
SUP-CAT1-0998,Threadline Trading #998,Clothing,Phoenix,North,contact998@threadline.com,0.5185185185185185,0.442051282051282,0.8421052631578946
SUP-CAT1-0999,Wovenwear Distributors #999,Clothing,Denver,South,contact999@fabricraft.com,0.4074074074074074,0.3441025641025641,0.5789473684210528
SUP-CAT1-1000,Fabricraft Ltd. #1000,Clothing,Osaka,East,contact1000@urbanstitch.com,0.4074074074074074,0.9215384615384615,0.7368421052631576
SUP-CAT2-0001,NexGen Electronics Distributors #1,Electronics,Chicago,Central,contact1@chipharbor.com,0.6666666666666666,0.31435897435897436,0.6315789473684212
SUP-CAT2-0002,Circuit Source Partners #2,Electronics,Shenzhen,East,contact2@chipharbor.com,0.5925925925925926,0.2841025641025641,0.15789473684210487
SUP-CAT2-0003,Voltix Ltd. #3,Electronics,Hanoi,South,contact3@nexgenelectronics.com,0.18518518518518517,0.28717948717948716,0.10526315789473638
SUP-CAT2-0004,Voltix LLC #4,Electronics,Atlanta,Central,contact4@circuitsource.com,0.037037037037037035,0.23897435897435898,0.4210526315789473
SUP-CAT2-0005,Amperion Trading #5,Electronics,Dallas,Central,contact5@chipharbor.com,0.5925925925925926,0.8666666666666667,0.47368421052631576
SUP-CAT2-0006,NexGen Electronics Wholesale #6,Electronics,Rotterdam,Central,contact6@amperion.com,0.6296296296296297,0.6364102564102564,0.3684210526315788
SUP-CAT2-0007,Amperion Trading #7,Electronics,Rotterdam,Central,contact7@voltix.com,0.48148148148148145,0.5682051282051283,0.47368421052631576
SUP-CAT2-0008,Circuit Source Supply Chain #8,Electronics,Seattle,West,contact8@circuitsource.com,0.6666666666666666,0.6435897435897436,0.5789473684210528
SUP-CAT2-0009,Voltix Distributors #9,Electronics,Dallas,North,contact9@voltix.com,0.6666666666666666,0.33179487179487177,0.3157894736842103
SUP-CAT2-0010,NexGen Electronics Partners #10,Electronics,Seattle,Central,contact10@nexgenelectronics.com,0.037037037037037035,0.5343589743589744,0.7894736842105261
SUP-CAT2-0011,ChipHarbor Distributors #11,Electronics,Miami,North,contact11@chipharbor.com,0.4444444444444444,0.558974358974359,0.3684210526315788
SUP-CAT2-0012,ChipHarbor Wholesale #12,Electronics,Chicago,West,contact12@amperion.com,0.48148148148148145,0.5215384615384615,0.15789473684210487
SUP-CAT2-0013,Circuit Source LLC #13,Electronics,Mumbai,North,contact13@chipharbor.com,0.037037037037037035,0.43333333333333335,0.21052631578947334
SUP-CAT2-0014,Circuit Source Group #14,Electronics,Portland,South,contact14@amperion.com,0.2962962962962963,0.3646153846153846,0.894736842105263
SUP-CAT2-0015,Voltix Co. #15,Electronics,Dallas,South,contact15@nexgenelectronics.com,0.5555555555555556,0.3892307692307692,0.6842105263157897
SUP-CAT2-0016,Amperion Distributors #16,Electronics,Newark,North,contact16@voltix.com,0.07407407407407407,0.3425641025641026,0.894736842105263
SUP-CAT2-0017,Circuit Source Group #17,Electronics,Mumbai,North,contact17@voltix.com,0.25925925925925924,0.5841025641025641,0.9473684210526315
SUP-CAT2-0018,Voltix LLC #18,Electronics,Columbus,West,contact18@amperion.com,0.14814814814814814,0.8948717948717949,0.5789473684210528
SUP-CAT2-0019,Voltix Partners #19,Electronics,Shenzhen,North,contact19@voltix.com,0.4074074074074074,0.5184615384615384,0.10526315789473638
SUP-CAT2-0020,Circuit Source Inc. #20,Electronics,Columbus,Central,contact20@amperion.com,0.5185185185185185,0.08666666666666667,0.05263157894736848
SUP-CAT2-0021,Circuit Source Trading #21,Electronics,Portland,East,contact21@chipharbor.com,0.1111111111111111,0.9256410256410257,0.5263157894736843
SUP-CAT2-0022,Amperion LLC #22,Electronics,Shenzhen,West,contact22@amperion.com,0.037037037037037035,0.13282051282051283,0.15789473684210487
SUP-CAT2-0023,Amperion LLC #23,Electronics,Dallas,South,contact23@voltix.com,0.5925925925925926,0.4441025641025641,0.21052631578947334
SUP-CAT2-0024,NexGen Electronics Group #24,Electronics,Seattle,East,contact24@circuitsource.com,0.4074074074074074,0.5138461538461538,0.6315789473684212
SUP-CAT2-0025,Voltix Ltd. #25,Electronics,Hanoi,Central,contact25@voltix.com,0.25925925925925924,0.3671794871794872,0.05263157894736848
SUP-CAT2-0026,NexGen Electronics Ltd. #26,Electronics,Seattle,North,contact26@circuitsource.com,0.7777777777777778,0.5887179487179487,0.3157894736842103
SUP-CAT2-0027,Circuit Source LLC #27,Electronics,Dallas,North,contact27@circuitsource.com,0.5555555555555556,0.8907692307692308,0.2631578947368418
SUP-CAT2-0028,Amperion Partners #28,Electronics,Osaka,Central,contact28@amperion.com,0.7777777777777778,0.08307692307692308,0.5263157894736843
SUP-CAT2-0029,NexGen Electronics Supply Chain #29,Electronics,Mumbai,East,contact29@circuitsource.com,0.8148148148148148,0.012307692307692308,0.2631578947368418
SUP-CAT2-0030,ChipHarbor Ltd. #30,Electronics,Portland,South,contact30@amperion.com,0.1111111111111111,0.2317948717948718,0.21052631578947334
SUP-CAT2-0031,Voltix Distributors #31,Electronics,Seattle,East,contact31@amperion.com,0.2962962962962963,0.6487179487179487,0.9473684210526315
SUP-CAT2-0032,ChipHarbor Co. #32,Electronics,Denver,Central,contact32@circuitsource.com,0.6666666666666666,0.45384615384615384,0.5263157894736843
SUP-CAT2-0033,ChipHarbor Trading #33,Electronics,Atlanta,Central,contact33@circuitsource.com,0.5555555555555556,0.8158974358974359,0.5789473684210528
SUP-CAT2-0034,ChipHarbor Co. #34,Electronics,Chicago,South,contact34@nexgenelectronics.com,0.8518518518518519,0.6897435897435897,0.3684210526315788
SUP-CAT2-0035,Amperion Wholesale #35,Electronics,Hanoi,East,contact35@chipharbor.com,0.9259259259259259,0.24923076923076923,0.5789473684210528
SUP-CAT2-0036,NexGen Electronics Co. #36,Electronics,Atlanta,North,contact36@chipharbor.com,0.4074074074074074,0.46205128205128204,0.15789473684210487
SUP-CAT2-0037,Circuit Source Distributors #37,Electronics,Rotterdam,South,contact37@nexgenelectronics.com,0.3333333333333333,0.9728205128205129,0.5263157894736843
SUP-CAT2-0038,Voltix Wholesale #38,Electronics,Portland,Central,contact38@chipharbor.com,0.5925925925925926,0.5138461538461538,0.894736842105263
SUP-CAT2-0039,Circuit Source Trading #39,Electronics,Shenzhen,North,contact39@nexgenelectronics.com,0.3333333333333333,0.8271794871794872,0.8421052631578946
SUP-CAT2-0040,Circuit Source Partners #40,Electronics,Chicago,East,contact40@voltix.com,0.9259259259259259,0.5861538461538461,0.10526315789473638
SUP-CAT2-0041,Circuit Source LLC #41,Electronics,Seattle,South,contact41@amperion.com,0.1111111111111111,0.5323076923076923,0.4210526315789473
SUP-CAT2-0042,Circuit Source Ltd. #42,Electronics,Columbus,West,contact42@chipharbor.com,0.5555555555555556,0.09846153846153846,0.15789473684210487
SUP-CAT2-0043,Circuit Source Group #43,Electronics,Denver,North,contact43@nexgenelectronics.com,0.07407407407407407,0.5256410256410257,0.3684210526315788
SUP-CAT2-0044,Voltix Partners #44,Electronics,Shenzhen,East,contact44@amperion.com,0.5185185185185185,0.15538461538461537,0.7368421052631576
SUP-CAT2-0045,Amperion Ltd. #45,Electronics,Miami,North,contact45@chipharbor.com,0.037037037037037035,0.76,0.15789473684210487
SUP-CAT2-0046,Circuit Source Wholesale #46,Electronics,Portland,West,contact46@chipharbor.com,1.0,0.9015384615384615,0.894736842105263
SUP-CAT2-0047,Amperion Group #47,Electronics,Osaka,Central,contact47@nexgenelectronics.com,0.5925925925925926,0.4707692307692308,0.6842105263157897
SUP-CAT2-0048,ChipHarbor Wholesale #48,Electronics,Denver,East,contact48@amperion.com,0.7037037037037037,0.36923076923076925,0.10526315789473638
SUP-CAT2-0049,NexGen Electronics Supply Chain #49,Electronics,Mumbai,East,contact49@amperion.com,0.5555555555555556,0.9994871794871795,1.0
SUP-CAT2-0050,NexGen Electronics Partners #50,Electronics,Portland,South,contact50@chipharbor.com,0.5925925925925926,0.7323076923076923,0.5789473684210528
SUP-CAT2-0051,Circuit Source Distributors #51,Electronics,Mumbai,Central,contact51@voltix.com,0.2222222222222222,0.27384615384615385,0.3684210526315788
SUP-CAT2-0052,ChipHarbor Inc. #52,Electronics,Miami,West,contact52@amperion.com,0.18518518518518517,0.42923076923076925,0.8421052631578946
SUP-CAT2-0053,Circuit Source Supply Chain #53,Electronics,Chicago,South,contact53@voltix.com,0.14814814814814814,0.18,1.0
SUP-CAT2-0054,Amperion Ltd. #54,Electronics,Shenzhen,North,contact54@voltix.com,0.0,0.94,0.47368421052631576
SUP-CAT2-0055,Voltix Supply Chain #55,Electronics,Chicago,Central,contact55@chipharbor.com,0.0,0.48512820512820515,0.4210526315789473
SUP-CAT2-0056,ChipHarbor Partners #56,Electronics,Shenzhen,South,contact56@voltix.com,0.2222222222222222,0.1682051282051282,0.5789473684210528
SUP-CAT2-0057,Voltix Wholesale #57,Electronics,Hanoi,South,contact57@nexgenelectronics.com,0.3333333333333333,0.4046153846153846,0.15789473684210487
SUP-CAT2-0058,Amperion Supply Chain #58,Electronics,Mumbai,South,contact58@voltix.com,0.037037037037037035,0.9912820512820513,1.0
SUP-CAT2-0059,ChipHarbor Partners #59,Electronics,Denver,East,contact59@circuitsource.com,0.48148148148148145,0.9482051282051283,0.5789473684210528
SUP-CAT2-0060,Circuit Source Partners #60,Electronics,Hanoi,North,contact60@chipharbor.com,0.25925925925925924,0.37538461538461537,0.15789473684210487
SUP-CAT2-0061,Voltix Supply Chain #61,Electronics,Columbus,North,contact61@chipharbor.com,0.5555555555555556,0.3117948717948718,0.0
SUP-CAT2-0062,ChipHarbor Ltd. #62,Electronics,Shenzhen,West,contact62@voltix.com,0.6296296296296297,0.5912820512820512,0.6315789473684212
SUP-CAT2-0063,NexGen Electronics Trading #63,Electronics,Portland,Central,contact63@voltix.com,0.6666666666666666,0.58,0.7368421052631576
SUP-CAT2-0064,NexGen Electronics Supply Chain #64,Electronics,Mumbai,West,contact64@voltix.com,0.7037037037037037,0.9,0.10526315789473638
SUP-CAT2-0065,Circuit Source Ltd. #65,Electronics,Newark,North,contact65@voltix.com,0.6666666666666666,0.19846153846153847,0.4210526315789473
SUP-CAT2-0066,Amperion Trading #66,Electronics,Dallas,West,contact66@chipharbor.com,0.7777777777777778,0.9887179487179487,0.05263157894736848
SUP-CAT2-0067,Amperion Wholesale #67,Electronics,Newark,East,contact67@circuitsource.com,0.6296296296296297,0.52,0.2631578947368418
SUP-CAT2-0068,Voltix Inc. #68,Electronics,Hanoi,South,contact68@circuitsource.com,0.5555555555555556,0.6841025641025641,0.4210526315789473
SUP-CAT2-0069,Circuit Source Distributors #69,Electronics,Mumbai,Central,contact69@circuitsource.com,0.7407407407407407,0.5682051282051283,0.47368421052631576
SUP-CAT2-0070,ChipHarbor Distributors #70,Electronics,Miami,South,contact70@nexgenelectronics.com,0.5555555555555556,0.44871794871794873,0.8421052631578946
SUP-CAT2-0071,Amperion Distributors #71,Electronics,Dallas,West,contact71@circuitsource.com,0.5925925925925926,0.8564102564102564,0.7368421052631576
SUP-CAT2-0072,NexGen Electronics Trading #72,Electronics,Seattle,North,contact72@amperion.com,0.2222222222222222,0.622051282051282,0.2631578947368418
SUP-CAT2-0073,ChipHarbor Wholesale #73,Electronics,Miami,Central,contact73@nexgenelectronics.com,0.2222222222222222,0.2441025641025641,0.5263157894736843
SUP-CAT2-0074,Voltix Trading #74,Electronics,Denver,Central,contact74@chipharbor.com,0.8518518518518519,0.8174358974358974,0.47368421052631576
SUP-CAT2-0075,NexGen Electronics Ltd. #75,Electronics,Chicago,South,contact75@circuitsource.com,0.7407407407407407,0.8082051282051282,0.5263157894736843
SUP-CAT2-0076,ChipHarbor Co. #76,Electronics,Shenzhen,North,contact76@amperion.com,0.25925925925925924,0.49435897435897436,0.2631578947368418
SUP-CAT2-0077,NexGen Electronics Partners #77,Electronics,Newark,North,contact77@chipharbor.com,0.14814814814814814,0.4666666666666667,0.2631578947368418
SUP-CAT2-0078,ChipHarbor Wholesale #78,Electronics,Shenzhen,West,contact78@voltix.com,0.037037037037037035,0.4717948717948718,0.3684210526315788
SUP-CAT2-0079,NexGen Electronics Inc. #79,Electronics,Hanoi,South,contact79@voltix.com,0.6296296296296297,0.49948717948717947,0.6842105263157897
SUP-CAT2-0080,Voltix Ltd. #80,Electronics,Columbus,Central,contact80@voltix.com,0.18518518518518517,0.8384615384615385,0.2631578947368418
SUP-CAT2-0081,NexGen Electronics LLC #81,Electronics,Chicago,East,contact81@voltix.com,0.7777777777777778,0.6338461538461538,0.47368421052631576
SUP-CAT2-0082,Amperion Co. #82,Electronics,Mumbai,West,contact82@circuitsource.com,0.07407407407407407,0.7625641025641026,0.10526315789473638
SUP-CAT2-0083,NexGen Electronics Co. #83,Electronics,Dallas,Central,contact83@circuitsource.com,0.7037037037037037,0.14923076923076922,0.10526315789473638
SUP-CAT2-0084,Voltix Supply Chain #84,Electronics,Dallas,West,contact84@chipharbor.com,0.7407407407407407,0.2717948717948718,0.2631578947368418
SUP-CAT2-0085,Circuit Source Ltd. #85,Electronics,Osaka,East,contact85@voltix.com,0.7407407407407407,0.5225641025641026,0.9473684210526315
SUP-CAT2-0086,Amperion Wholesale #86,Electronics,Denver,South,contact86@circuitsource.com,0.4074074074074074,0.4158974358974359,0.3157894736842103
SUP-CAT2-0087,Voltix Inc. #87,Electronics,Newark,Central,contact87@nexgenelectronics.com,0.3333333333333333,0.3523076923076923,0.3157894736842103
SUP-CAT2-0088,ChipHarbor Group #88,Electronics,Denver,South,contact88@voltix.com,0.4444444444444444,0.6579487179487179,0.3684210526315788
SUP-CAT2-0089,ChipHarbor Trading #89,Electronics,Chicago,East,contact89@circuitsource.com,0.7037037037037037,0.40717948717948715,0.7368421052631576
SUP-CAT2-0090,Voltix Ltd. #90,Electronics,Columbus,South,contact90@amperion.com,0.7407407407407407,0.6128205128205129,0.4210526315789473
SUP-CAT2-0091,ChipHarbor Wholesale #91,Electronics,Hanoi,South,contact91@voltix.com,0.6296296296296297,0.18666666666666668,1.0
SUP-CAT2-0092,Voltix Trading #92,Electronics,Hanoi,North,contact92@circuitsource.com,0.4074074074074074,0.22923076923076924,0.5263157894736843
SUP-CAT2-0093,NexGen Electronics Wholesale #93,Electronics,Newark,South,contact93@voltix.com,0.8888888888888888,0.9517948717948718,0.5789473684210528
SUP-CAT2-0094,Circuit Source Wholesale #94,Electronics,Phoenix,East,contact94@amperion.com,0.2962962962962963,0.7302564102564103,0.894736842105263
SUP-CAT2-0095,Voltix Trading #95,Electronics,Denver,North,contact95@amperion.com,0.3333333333333333,0.9892307692307692,0.10526315789473638
SUP-CAT2-0096,Voltix Wholesale #96,Electronics,Hanoi,Central,contact96@amperion.com,0.14814814814814814,0.7964102564102564,0.0
SUP-CAT2-0097,NexGen Electronics LLC #97,Electronics,Denver,Central,contact97@amperion.com,0.1111111111111111,0.4517948717948718,0.6315789473684212
SUP-CAT2-0098,Voltix Wholesale #98,Electronics,Columbus,East,contact98@circuitsource.com,0.8888888888888888,0.7164102564102565,0.7368421052631576
SUP-CAT2-0099,Circuit Source Inc. #99,Electronics,Chicago,East,contact99@voltix.com,0.8888888888888888,0.013333333333333334,0.10526315789473638
SUP-CAT2-0100,Circuit Source Ltd. #100,Electronics,Shenzhen,South,contact100@amperion.com,0.5185185185185185,0.5030769230769231,0.0
SUP-CAT2-0101,ChipHarbor Ltd. #101,Electronics,Denver,South,contact101@voltix.com,1.0,0.18461538461538463,0.8421052631578946
SUP-CAT2-0102,NexGen Electronics Distributors #102,Electronics,Osaka,West,contact102@voltix.com,0.5555555555555556,0.7774358974358975,0.6315789473684212
SUP-CAT2-0103,Voltix Distributors #103,Electronics,Atlanta,South,contact103@voltix.com,0.7777777777777778,0.9051282051282051,0.3684210526315788
SUP-CAT2-0104,ChipHarbor Distributors #104,Electronics,Seattle,West,contact104@circuitsource.com,0.6296296296296297,0.02666666666666667,0.47368421052631576
SUP-CAT2-0105,ChipHarbor Wholesale #105,Electronics,Miami,East,contact105@nexgenelectronics.com,0.5925925925925926,0.7405128205128205,0.6315789473684212
SUP-CAT2-0106,Voltix Trading #106,Electronics,Dallas,West,contact106@voltix.com,0.6296296296296297,0.16307692307692306,0.2631578947368418
SUP-CAT2-0107,Voltix Partners #107,Electronics,Newark,East,contact107@circuitsource.com,0.7407407407407407,0.8087179487179487,0.4210526315789473
SUP-CAT2-0108,Amperion Distributors #108,Electronics,Seattle,West,contact108@circuitsource.com,0.2962962962962963,0.47692307692307695,0.894736842105263
SUP-CAT2-0109,NexGen Electronics LLC #109,Electronics,Seattle,West,contact109@chipharbor.com,0.5185185185185185,0.9625641025641025,0.3157894736842103
SUP-CAT2-0110,Amperion Wholesale #110,Electronics,Seattle,South,contact110@amperion.com,0.7037037037037037,0.7794871794871795,0.9473684210526315
SUP-CAT2-0111,Voltix Wholesale #111,Electronics,Miami,North,contact111@amperion.com,0.5925925925925926,0.31076923076923074,0.2631578947368418
SUP-CAT2-0112,Voltix Ltd. #112,Electronics,Mumbai,East,contact112@amperion.com,0.25925925925925924,0.7887179487179488,0.8421052631578946
SUP-CAT2-0113,NexGen Electronics Co. #113,Electronics,Portland,East,contact113@chipharbor.com,0.6296296296296297,0.28102564102564104,0.5263157894736843
SUP-CAT2-0114,Circuit Source Partners #114,Electronics,Chicago,North,contact114@nexgenelectronics.com,0.1111111111111111,0.33384615384615385,0.6315789473684212
SUP-CAT2-0115,Voltix Supply Chain #115,Electronics,Phoenix,South,contact115@voltix.com,0.1111111111111111,0.17692307692307693,0.05263157894736848
SUP-CAT2-0116,Amperion Distributors #116,Electronics,Portland,West,contact116@nexgenelectronics.com,0.07407407407407407,0.08974358974358974,0.3684210526315788
SUP-CAT2-0117,Amperion Trading #117,Electronics,Dallas,Central,contact117@voltix.com,0.07407407407407407,0.3364102564102564,0.4210526315789473
SUP-CAT2-0118,Amperion Supply Chain #118,Electronics,Portland,South,contact118@circuitsource.com,0.6296296296296297,0.5425641025641026,0.6842105263157897
SUP-CAT2-0119,Voltix Group #119,Electronics,Columbus,East,contact119@circuitsource.com,0.7407407407407407,0.4938461538461538,0.3684210526315788
SUP-CAT2-0120,Voltix Wholesale #120,Electronics,Portland,Central,contact120@amperion.com,0.8148148148148148,0.6743589743589744,0.2631578947368418
SUP-CAT2-0121,ChipHarbor LLC #121,Electronics,Dallas,South,contact121@nexgenelectronics.com,0.48148148148148145,0.15743589743589745,0.3157894736842103
SUP-CAT2-0122,Voltix Co. #122,Electronics,Hanoi,East,contact122@voltix.com,0.8888888888888888,0.9158974358974359,0.7894736842105261
SUP-CAT2-0123,Voltix LLC #123,Electronics,Atlanta,West,contact123@chipharbor.com,0.4444444444444444,0.5866666666666667,0.4210526315789473
SUP-CAT2-0124,ChipHarbor Trading #124,Electronics,Columbus,West,contact124@chipharbor.com,0.7407407407407407,0.04717948717948718,0.5263157894736843
SUP-CAT2-0125,Circuit Source Distributors #125,Electronics,Portland,West,contact125@circuitsource.com,0.48148148148148145,0.4169230769230769,0.7368421052631576
SUP-CAT2-0126,Circuit Source Distributors #126,Electronics,Hanoi,East,contact126@nexgenelectronics.com,0.2222222222222222,0.8656410256410256,0.9473684210526315
SUP-CAT2-0127,Voltix Ltd. #127,Electronics,Miami,Central,contact127@amperion.com,0.37037037037037035,0.15025641025641026,1.0
SUP-CAT2-0128,NexGen Electronics Ltd. #128,Electronics,Dallas,South,contact128@circuitsource.com,0.5185185185185185,0.45487179487179485,0.5789473684210528
SUP-CAT2-0129,Voltix LLC #129,Electronics,Rotterdam,Central,contact129@nexgenelectronics.com,0.6666666666666666,0.3943589743589744,0.7894736842105261
SUP-CAT2-0130,NexGen Electronics Trading #130,Electronics,Newark,East,contact130@nexgenelectronics.com,0.4074074074074074,0.6205128205128205,0.10526315789473638
SUP-CAT2-0131,Amperion Group #131,Electronics,Portland,North,contact131@voltix.com,0.37037037037037035,0.018461538461538463,0.10526315789473638
SUP-CAT2-0132,NexGen Electronics Inc. #132,Electronics,Atlanta,East,contact132@circuitsource.com,0.25925925925925924,0.9569230769230769,0.05263157894736848
SUP-CAT2-0133,ChipHarbor Ltd. #133,Electronics,Dallas,South,contact133@chipharbor.com,0.4074074074074074,0.3005128205128205,0.21052631578947334
SUP-CAT2-0134,ChipHarbor Group #134,Electronics,Dallas,Central,contact134@voltix.com,0.8888888888888888,0.8235897435897436,0.3684210526315788
SUP-CAT2-0135,ChipHarbor Wholesale #135,Electronics,Phoenix,East,contact135@circuitsource.com,0.8888888888888888,0.6846153846153846,0.5263157894736843
SUP-CAT2-0136,Circuit Source Distributors #136,Electronics,Shenzhen,North,contact136@chipharbor.com,0.3333333333333333,0.7471794871794872,0.3684210526315788
SUP-CAT2-0137,Circuit Source Trading #137,Electronics,Denver,West,contact137@voltix.com,0.8518518518518519,0.6338461538461538,0.5789473684210528
SUP-CAT2-0138,Amperion Distributors #138,Electronics,Chicago,Central,contact138@amperion.com,0.9629629629629629,0.2082051282051282,0.6315789473684212
SUP-CAT2-0139,Circuit Source Ltd. #139,Electronics,Osaka,North,contact139@circuitsource.com,0.8518518518518519,0.9117948717948718,0.2631578947368418
SUP-CAT2-0140,Amperion Ltd. #140,Electronics,Columbus,West,contact140@circuitsource.com,0.8148148148148148,0.008717948717948718,0.10526315789473638
SUP-CAT2-0141,ChipHarbor Trading #141,Electronics,Hanoi,North,contact141@circuitsource.com,0.037037037037037035,0.1676923076923077,0.21052631578947334
SUP-CAT2-0142,NexGen Electronics Co. #142,Electronics,Osaka,East,contact142@chipharbor.com,0.7037037037037037,0.7389743589743589,0.2631578947368418
SUP-CAT2-0143,NexGen Electronics Wholesale #143,Electronics,Columbus,West,contact143@chipharbor.com,0.037037037037037035,0.5456410256410257,1.0
SUP-CAT2-0144,ChipHarbor Supply Chain #144,Electronics,Seattle,South,contact144@amperion.com,0.25925925925925924,0.19948717948717948,0.05263157894736848
SUP-CAT2-0145,NexGen Electronics Supply Chain #145,Electronics,Portland,East,contact145@amperion.com,0.4444444444444444,0.8020512820512821,0.05263157894736848
SUP-CAT2-0146,Voltix Partners #146,Electronics,Phoenix,Central,contact146@circuitsource.com,0.37037037037037035,0.19948717948717948,0.8421052631578946
SUP-CAT2-0147,NexGen Electronics Partners #147,Electronics,Portland,Central,contact147@circuitsource.com,0.4444444444444444,0.3569230769230769,0.9473684210526315
SUP-CAT2-0148,NexGen Electronics Distributors #148,Electronics,Shenzhen,West,contact148@circuitsource.com,0.2962962962962963,0.78,0.2631578947368418
SUP-CAT2-0149,Voltix Wholesale #149,Electronics,Mumbai,North,contact149@chipharbor.com,0.4074074074074074,0.7051282051282052,0.5263157894736843
SUP-CAT2-0150,NexGen Electronics Group #150,Electronics,Phoenix,East,contact150@circuitsource.com,0.037037037037037035,0.8702564102564102,0.4210526315789473
SUP-CAT2-0151,Circuit Source Ltd. #151,Electronics,Shenzhen,West,contact151@voltix.com,0.7777777777777778,0.37333333333333335,0.10526315789473638
SUP-CAT2-0152,Circuit Source Wholesale #152,Electronics,Chicago,Central,contact152@nexgenelectronics.com,0.8148148148148148,0.563076923076923,1.0
SUP-CAT2-0153,Circuit Source Group #153,Electronics,Portland,North,contact153@chipharbor.com,0.9259259259259259,0.82,0.6315789473684212
SUP-CAT2-0154,Circuit Source Supply Chain #154,Electronics,Dallas,North,contact154@chipharbor.com,0.2222222222222222,0.09897435897435898,0.05263157894736848
SUP-CAT2-0155,Amperion Inc. #155,Electronics,Hanoi,Central,contact155@circuitsource.com,0.5185185185185185,0.1764102564102564,0.21052631578947334
SUP-CAT2-0156,ChipHarbor Wholesale #156,Electronics,Osaka,West,contact156@amperion.com,0.25925925925925924,0.3641025641025641,0.7368421052631576
SUP-CAT2-0157,Voltix LLC #157,Electronics,Atlanta,East,contact157@circuitsource.com,0.48148148148148145,0.46974358974358976,0.05263157894736848
SUP-CAT2-0158,ChipHarbor Group #158,Electronics,Dallas,North,contact158@nexgenelectronics.com,0.07407407407407407,0.4082051282051282,0.2631578947368418
SUP-CAT2-0159,ChipHarbor Distributors #159,Electronics,Chicago,East,contact159@circuitsource.com,0.4074074074074074,0.381025641025641,0.15789473684210487
SUP-CAT2-0160,Amperion Ltd. #160,Electronics,Osaka,Central,contact160@chipharbor.com,0.8888888888888888,0.25384615384615383,0.5789473684210528
SUP-CAT2-0161,Voltix Partners #161,Electronics,Miami,East,contact161@voltix.com,0.14814814814814814,0.7702564102564102,0.5263157894736843
SUP-CAT2-0162,Voltix LLC #162,Electronics,Mumbai,North,contact162@nexgenelectronics.com,0.07407407407407407,0.6148717948717949,0.7368421052631576
SUP-CAT2-0163,ChipHarbor Partners #163,Electronics,Phoenix,West,contact163@amperion.com,0.4444444444444444,0.8020512820512821,0.15789473684210487
SUP-CAT2-0164,Amperion Partners #164,Electronics,Portland,Central,contact164@circuitsource.com,0.4074074074074074,0.1276923076923077,0.5263157894736843
SUP-CAT2-0165,Amperion Distributors #165,Electronics,Hanoi,Central,contact165@amperion.com,0.7777777777777778,0.04461538461538461,0.47368421052631576
SUP-CAT2-0166,ChipHarbor Group #166,Electronics,Phoenix,West,contact166@chipharbor.com,0.8888888888888888,0.8523076923076923,0.2631578947368418
SUP-CAT2-0167,ChipHarbor Inc. #167,Electronics,Seattle,South,contact167@circuitsource.com,0.4074074074074074,0.9076923076923077,0.7894736842105261
SUP-CAT2-0168,Amperion Partners #168,Electronics,Hanoi,Central,contact168@amperion.com,0.5185185185185185,0.8928205128205128,0.15789473684210487
SUP-CAT2-0169,Amperion Co. #169,Electronics,Columbus,West,contact169@voltix.com,0.9259259259259259,0.921025641025641,1.0
SUP-CAT2-0170,Voltix Trading #170,Electronics,Atlanta,Central,contact170@circuitsource.com,0.037037037037037035,0.9328205128205128,0.3157894736842103
SUP-CAT2-0171,Voltix Ltd. #171,Electronics,Shenzhen,Central,contact171@voltix.com,0.25925925925925924,0.7589743589743589,0.9473684210526315
SUP-CAT2-0172,Amperion Group #172,Electronics,Newark,West,contact172@voltix.com,0.2962962962962963,0.6897435897435897,0.21052631578947334
SUP-CAT2-0173,ChipHarbor LLC #173,Electronics,Chicago,Central,contact173@amperion.com,0.0,0.8087179487179487,0.3157894736842103
SUP-CAT2-0174,Amperion Supply Chain #174,Electronics,Phoenix,West,contact174@circuitsource.com,0.37037037037037035,0.8220512820512821,0.5789473684210528
SUP-CAT2-0175,Circuit Source Wholesale #175,Electronics,Seattle,West,contact175@nexgenelectronics.com,0.37037037037037035,0.9794871794871794,0.05263157894736848
SUP-CAT2-0176,Amperion Inc. #176,Electronics,Columbus,West,contact176@nexgenelectronics.com,0.18518518518518517,0.48,0.5789473684210528
SUP-CAT2-0177,Circuit Source Wholesale #177,Electronics,Portland,South,contact177@voltix.com,0.5555555555555556,0.8912820512820513,1.0
SUP-CAT2-0178,Voltix Wholesale #178,Electronics,Hanoi,North,contact178@circuitsource.com,0.2962962962962963,0.06256410256410257,0.3157894736842103
SUP-CAT2-0179,Circuit Source Partners #179,Electronics,Newark,Central,contact179@voltix.com,0.9259259259259259,0.5071794871794871,0.21052631578947334
SUP-CAT2-0180,Circuit Source Group #180,Electronics,Rotterdam,East,contact180@nexgenelectronics.com,0.07407407407407407,0.597948717948718,0.47368421052631576
SUP-CAT2-0181,Amperion Distributors #181,Electronics,Phoenix,North,contact181@voltix.com,0.8518518518518519,0.7897435897435897,0.5263157894736843
SUP-CAT2-0182,NexGen Electronics Trading #182,Electronics,Seattle,West,contact182@voltix.com,0.6296296296296297,0.2523076923076923,0.4210526315789473
SUP-CAT2-0183,Amperion Inc. #183,Electronics,Portland,West,contact183@chipharbor.com,0.25925925925925924,0.7128205128205128,0.8421052631578946
SUP-CAT2-0184,Amperion Ltd. #184,Electronics,Rotterdam,North,contact184@chipharbor.com,0.5555555555555556,0.5805128205128205,0.3684210526315788
SUP-CAT2-0185,NexGen Electronics Ltd. #185,Electronics,Chicago,West,contact185@circuitsource.com,0.6296296296296297,0.09076923076923077,0.5789473684210528
SUP-CAT2-0186,Voltix LLC #186,Electronics,Osaka,Central,contact186@circuitsource.com,0.25925925925925924,0.09641025641025641,0.4210526315789473
SUP-CAT2-0187,NexGen Electronics Co. #187,Electronics,Denver,Central,contact187@nexgenelectronics.com,0.8888888888888888,0.08666666666666667,0.3684210526315788
SUP-CAT2-0188,Circuit Source Supply Chain #188,Electronics,Mumbai,Central,contact188@nexgenelectronics.com,0.8888888888888888,0.9435897435897436,0.9473684210526315
SUP-CAT2-0189,Amperion Ltd. #189,Electronics,Osaka,Central,contact189@voltix.com,0.1111111111111111,0.8112820512820513,0.7368421052631576
SUP-CAT2-0190,Circuit Source Supply Chain #190,Electronics,Mumbai,South,contact190@circuitsource.com,0.37037037037037035,0.9620512820512821,0.47368421052631576
SUP-CAT2-0191,NexGen Electronics Wholesale #191,Electronics,Newark,North,contact191@voltix.com,0.8888888888888888,0.8671794871794872,0.3157894736842103
SUP-CAT2-0192,Amperion Co. #192,Electronics,Columbus,South,contact192@circuitsource.com,0.0,0.8512820512820513,0.15789473684210487
SUP-CAT2-0193,NexGen Electronics Trading #193,Electronics,Seattle,North,contact193@circuitsource.com,0.48148148148148145,0.5056410256410256,0.15789473684210487
SUP-CAT2-0194,Amperion Ltd. #194,Electronics,Denver,North,contact194@nexgenelectronics.com,0.14814814814814814,0.6507692307692308,0.05263157894736848
SUP-CAT2-0195,Amperion Supply Chain #195,Electronics,Columbus,South,contact195@nexgenelectronics.com,0.2222222222222222,0.46102564102564103,0.6315789473684212
SUP-CAT2-0196,Voltix LLC #196,Electronics,Mumbai,West,contact196@circuitsource.com,0.14814814814814814,0.2158974358974359,0.7894736842105261
SUP-CAT2-0197,ChipHarbor LLC #197,Electronics,Portland,East,contact197@nexgenelectronics.com,0.9629629629629629,0.8256410256410256,0.2631578947368418
SUP-CAT2-0198,ChipHarbor Inc. #198,Electronics,Rotterdam,West,contact198@circuitsource.com,0.0,0.8682051282051282,0.894736842105263
SUP-CAT2-0199,NexGen Electronics Group #199,Electronics,Seattle,North,contact199@nexgenelectronics.com,0.8888888888888888,0.8676923076923077,0.3684210526315788
SUP-CAT2-0200,NexGen Electronics Partners #200,Electronics,Portland,Central,contact200@amperion.com,0.2222222222222222,0.7533333333333333,0.6315789473684212
SUP-CAT2-0201,ChipHarbor Trading #201,Electronics,Hanoi,West,contact201@voltix.com,0.4074074074074074,0.8220512820512821,0.47368421052631576
SUP-CAT2-0202,Amperion Partners #202,Electronics,Miami,East,contact202@voltix.com,0.4444444444444444,0.7087179487179487,0.894736842105263
SUP-CAT2-0203,Amperion Group #203,Electronics,Miami,Central,contact203@chipharbor.com,1.0,0.08,0.4210526315789473
SUP-CAT2-0204,ChipHarbor Supply Chain #204,Electronics,Newark,East,contact204@circuitsource.com,0.25925925925925924,0.37025641025641026,0.3157894736842103
SUP-CAT2-0205,ChipHarbor Group #205,Electronics,Phoenix,South,contact205@amperion.com,0.25925925925925924,0.583076923076923,0.5263157894736843
SUP-CAT2-0206,ChipHarbor Wholesale #206,Electronics,Shenzhen,North,contact206@circuitsource.com,0.7777777777777778,0.8887179487179487,0.21052631578947334
SUP-CAT2-0207,NexGen Electronics Co. #207,Electronics,Osaka,West,contact207@voltix.com,0.8148148148148148,0.42205128205128206,0.5263157894736843
SUP-CAT2-0208,ChipHarbor Distributors #208,Electronics,Denver,West,contact208@circuitsource.com,0.6296296296296297,0.27794871794871795,0.21052631578947334
SUP-CAT2-0209,Voltix Distributors #209,Electronics,Seattle,West,contact209@circuitsource.com,0.6666666666666666,0.03076923076923077,0.5263157894736843
SUP-CAT2-0210,Voltix Inc. #210,Electronics,Osaka,North,contact210@nexgenelectronics.com,0.25925925925925924,0.19743589743589743,0.7894736842105261
SUP-CAT2-0211,NexGen Electronics Group #211,Electronics,Columbus,Central,contact211@chipharbor.com,0.7407407407407407,0.5184615384615384,0.10526315789473638
SUP-CAT2-0212,Circuit Source Partners #212,Electronics,Seattle,West,contact212@amperion.com,0.8888888888888888,0.9835897435897436,0.5789473684210528
SUP-CAT2-0213,Voltix Inc. #213,Electronics,Dallas,East,contact213@circuitsource.com,0.8888888888888888,0.9451282051282052,0.10526315789473638
SUP-CAT2-0214,NexGen Electronics Supply Chain #214,Electronics,Portland,East,contact214@amperion.com,0.18518518518518517,0.08871794871794872,0.2631578947368418
SUP-CAT2-0215,NexGen Electronics Trading #215,Electronics,Portland,West,contact215@circuitsource.com,0.9629629629629629,0.9030769230769231,0.5263157894736843
SUP-CAT2-0216,Circuit Source Wholesale #216,Electronics,Portland,Central,contact216@nexgenelectronics.com,0.6296296296296297,0.15025641025641026,0.6842105263157897
SUP-CAT2-0217,Voltix LLC #217,Electronics,Rotterdam,South,contact217@voltix.com,0.9629629629629629,0.2548717948717949,0.7894736842105261
SUP-CAT2-0218,NexGen Electronics Ltd. #218,Electronics,Mumbai,North,contact218@amperion.com,0.5185185185185185,0.8764102564102564,0.5263157894736843
SUP-CAT2-0219,Circuit Source Co. #219,Electronics,Miami,South,contact219@nexgenelectronics.com,0.14814814814814814,0.8917948717948718,0.9473684210526315
SUP-CAT2-0220,Circuit Source Partners #220,Electronics,Miami,North,contact220@voltix.com,0.4074074074074074,0.36205128205128206,0.21052631578947334
SUP-CAT2-0221,Voltix LLC #221,Electronics,Phoenix,Central,contact221@chipharbor.com,0.37037037037037035,0.7266666666666667,0.10526315789473638
SUP-CAT2-0222,Amperion Partners #222,Electronics,Mumbai,West,contact222@voltix.com,0.7777777777777778,0.9123076923076923,0.10526315789473638
SUP-CAT2-0223,Circuit Source Group #223,Electronics,Seattle,West,contact223@chipharbor.com,0.18518518518518517,0.12102564102564102,0.6842105263157897
SUP-CAT2-0224,ChipHarbor Wholesale #224,Electronics,Osaka,East,contact224@amperion.com,0.9629629629629629,0.1517948717948718,0.21052631578947334
SUP-CAT2-0225,Voltix Group #225,Electronics,Miami,East,contact225@nexgenelectronics.com,0.8518518518518519,0.24717948717948718,0.9473684210526315
SUP-CAT2-0226,Amperion Ltd. #226,Electronics,Seattle,South,contact226@nexgenelectronics.com,0.0,0.9933333333333333,0.5263157894736843
SUP-CAT2-0227,Amperion Partners #227,Electronics,Dallas,Central,contact227@nexgenelectronics.com,0.18518518518518517,0.4856410256410256,0.3157894736842103
SUP-CAT2-0228,ChipHarbor Inc. #228,Electronics,Columbus,West,contact228@amperion.com,0.7037037037037037,0.32461538461538464,0.894736842105263
SUP-CAT2-0229,NexGen Electronics Wholesale #229,Electronics,Portland,North,contact229@amperion.com,0.14814814814814814,0.8451282051282051,0.6842105263157897
SUP-CAT2-0230,NexGen Electronics Partners #230,Electronics,Osaka,West,contact230@voltix.com,0.3333333333333333,0.4358974358974359,0.9473684210526315
SUP-CAT2-0231,Amperion Inc. #231,Electronics,Dallas,East,contact231@chipharbor.com,0.7777777777777778,0.8076923076923077,0.894736842105263
SUP-CAT2-0232,Voltix LLC #232,Electronics,Miami,Central,contact232@voltix.com,0.9629629629629629,0.7046153846153846,0.6315789473684212
SUP-CAT2-0233,Circuit Source Ltd. #233,Electronics,Miami,South,contact233@amperion.com,0.1111111111111111,0.23487179487179488,0.7894736842105261
SUP-CAT2-0234,Circuit Source LLC #234,Electronics,Phoenix,East,contact234@circuitsource.com,0.18518518518518517,0.6353846153846154,0.10526315789473638
SUP-CAT2-0235,Amperion Co. #235,Electronics,Mumbai,West,contact235@amperion.com,0.4074074074074074,0.9538461538461539,0.21052631578947334
SUP-CAT2-0236,Circuit Source Ltd. #236,Electronics,Phoenix,South,contact236@nexgenelectronics.com,0.4074074074074074,0.7261538461538461,0.6842105263157897
SUP-CAT2-0237,Voltix Group #237,Electronics,Portland,Central,contact237@voltix.com,0.37037037037037035,0.05897435897435897,0.05263157894736848
SUP-CAT2-0238,Voltix Distributors #238,Electronics,Columbus,East,contact238@chipharbor.com,0.37037037037037035,0.735897435897436,0.6842105263157897
SUP-CAT2-0239,ChipHarbor Partners #239,Electronics,Shenzhen,Central,contact239@circuitsource.com,0.5925925925925926,0.98,0.7894736842105261
SUP-CAT2-0240,Amperion Wholesale #240,Electronics,Atlanta,Central,contact240@nexgenelectronics.com,0.4074074074074074,0.7066666666666667,0.21052631578947334
SUP-CAT2-0241,NexGen Electronics Trading #241,Electronics,Atlanta,Central,contact241@amperion.com,0.6296296296296297,0.898974358974359,0.6315789473684212
SUP-CAT2-0242,Voltix Inc. #242,Electronics,Hanoi,East,contact242@chipharbor.com,0.8888888888888888,0.25076923076923074,1.0
SUP-CAT2-0243,NexGen Electronics Distributors #243,Electronics,Hanoi,Central,contact243@chipharbor.com,0.7777777777777778,0.8102564102564103,0.3157894736842103
SUP-CAT2-0244,Amperion Distributors #244,Electronics,Chicago,South,contact244@amperion.com,0.4074074074074074,0.6543589743589744,0.3157894736842103
SUP-CAT2-0245,Voltix Group #245,Electronics,Dallas,East,contact245@nexgenelectronics.com,0.9259259259259259,0.055384615384615386,0.9473684210526315
SUP-CAT2-0246,Circuit Source Distributors #246,Electronics,Newark,South,contact246@amperion.com,0.18518518518518517,0.2712820512820513,0.6842105263157897
SUP-CAT2-0247,Amperion Wholesale #247,Electronics,Columbus,Central,contact247@amperion.com,1.0,0.12615384615384614,0.7894736842105261
SUP-CAT2-0248,ChipHarbor LLC #248,Electronics,Seattle,Central,contact248@voltix.com,0.07407407407407407,0.6733333333333333,0.15789473684210487
SUP-CAT2-0249,Amperion Co. #249,Electronics,Seattle,West,contact249@circuitsource.com,0.07407407407407407,0.5246153846153846,0.6842105263157897
SUP-CAT2-0250,Circuit Source Partners #250,Electronics,Columbus,North,contact250@circuitsource.com,0.48148148148148145,0.5851282051282052,0.7368421052631576
SUP-CAT2-0251,NexGen Electronics Supply Chain #251,Electronics,Phoenix,North,contact251@nexgenelectronics.com,0.18518518518518517,0.9958974358974358,0.15789473684210487
SUP-CAT2-0252,ChipHarbor Ltd. #252,Electronics,Rotterdam,Central,contact252@amperion.com,0.14814814814814814,0.2523076923076923,0.2631578947368418
SUP-CAT2-0253,NexGen Electronics LLC #253,Electronics,Rotterdam,Central,contact253@voltix.com,1.0,0.45384615384615384,0.5263157894736843
SUP-CAT2-0254,ChipHarbor Partners #254,Electronics,Seattle,South,contact254@circuitsource.com,0.4074074074074074,0.6871794871794872,0.7894736842105261
SUP-CAT2-0255,Amperion Partners #255,Electronics,Denver,South,contact255@amperion.com,0.7407407407407407,0.04461538461538461,0.4210526315789473
SUP-CAT2-0256,ChipHarbor Trading #256,Electronics,Dallas,South,contact256@amperion.com,0.3333333333333333,0.6497435897435897,0.6315789473684212
SUP-CAT2-0257,ChipHarbor Ltd. #257,Electronics,Shenzhen,West,contact257@nexgenelectronics.com,0.5555555555555556,0.15794871794871795,0.6842105263157897
SUP-CAT2-0258,NexGen Electronics Group #258,Electronics,Osaka,East,contact258@amperion.com,0.9629629629629629,0.11641025641025642,0.10526315789473638
SUP-CAT2-0259,Amperion Group #259,Electronics,Seattle,West,contact259@nexgenelectronics.com,0.1111111111111111,0.658974358974359,0.2631578947368418
SUP-CAT2-0260,Voltix Inc. #260,Electronics,Columbus,Central,contact260@amperion.com,0.7037037037037037,0.6461538461538462,0.5263157894736843
SUP-CAT2-0261,Voltix Distributors #261,Electronics,Mumbai,West,contact261@amperion.com,0.7777777777777778,0.3779487179487179,0.6315789473684212
SUP-CAT2-0262,NexGen Electronics Supply Chain #262,Electronics,Shenzhen,West,contact262@voltix.com,1.0,0.37846153846153846,0.10526315789473638
SUP-CAT2-0263,ChipHarbor Co. #263,Electronics,Miami,West,contact263@chipharbor.com,0.8888888888888888,0.9138461538461539,0.5263157894736843
SUP-CAT2-0264,NexGen Electronics Wholesale #264,Electronics,Miami,Central,contact264@nexgenelectronics.com,0.6296296296296297,0.7553846153846154,0.15789473684210487
SUP-CAT2-0265,ChipHarbor Inc. #265,Electronics,Atlanta,Central,contact265@circuitsource.com,0.6666666666666666,0.2784615384615385,0.5263157894736843
SUP-CAT2-0266,Circuit Source Co. #266,Electronics,Hanoi,West,contact266@amperion.com,0.25925925925925924,0.9517948717948718,0.47368421052631576
SUP-CAT2-0267,ChipHarbor Inc. #267,Electronics,Portland,Central,contact267@circuitsource.com,1.0,0.04871794871794872,0.2631578947368418
SUP-CAT2-0268,Circuit Source Trading #268,Electronics,Seattle,South,contact268@voltix.com,0.4074074074074074,0.8605128205128205,0.3157894736842103
SUP-CAT2-0269,NexGen Electronics Ltd. #269,Electronics,Newark,West,contact269@amperion.com,0.5185185185185185,0.26564102564102565,0.6842105263157897
SUP-CAT2-0270,Amperion Distributors #270,Electronics,Rotterdam,North,contact270@nexgenelectronics.com,0.4444444444444444,0.5025641025641026,0.9473684210526315
SUP-CAT2-0271,Circuit Source Inc. #271,Electronics,Hanoi,South,contact271@amperion.com,1.0,0.14256410256410257,0.7894736842105261
SUP-CAT2-0272,Amperion Supply Chain #272,Electronics,Mumbai,West,contact272@amperion.com,0.4444444444444444,0.8861538461538462,0.6315789473684212
SUP-CAT2-0273,NexGen Electronics Supply Chain #273,Electronics,Mumbai,East,contact273@nexgenelectronics.com,0.2962962962962963,0.9994871794871795,0.7894736842105261
SUP-CAT2-0274,Voltix Trading #274,Electronics,Chicago,West,contact274@amperion.com,0.037037037037037035,0.2841025641025641,0.5789473684210528
SUP-CAT2-0275,Amperion Inc. #275,Electronics,Denver,Central,contact275@amperion.com,0.7777777777777778,0.027692307692307693,0.47368421052631576
SUP-CAT2-0276,Circuit Source Distributors #276,Electronics,Columbus,West,contact276@nexgenelectronics.com,0.6296296296296297,0.03487179487179487,0.7894736842105261
SUP-CAT2-0277,ChipHarbor Wholesale #277,Electronics,Shenzhen,West,contact277@circuitsource.com,0.3333333333333333,0.4876923076923077,0.5789473684210528
SUP-CAT2-0278,ChipHarbor LLC #278,Electronics,Seattle,East,contact278@nexgenelectronics.com,0.6666666666666666,0.9451282051282052,0.3157894736842103
SUP-CAT2-0279,Circuit Source Supply Chain #279,Electronics,Phoenix,South,contact279@chipharbor.com,0.6666666666666666,0.038974358974358976,0.9473684210526315
SUP-CAT2-0280,Voltix LLC #280,Electronics,Atlanta,Central,contact280@voltix.com,0.1111111111111111,0.9687179487179487,0.6842105263157897
SUP-CAT2-0281,NexGen Electronics Partners #281,Electronics,Denver,East,contact281@voltix.com,0.037037037037037035,0.6887179487179487,0.7894736842105261
SUP-CAT2-0282,Circuit Source Supply Chain #282,Electronics,Rotterdam,South,contact282@nexgenelectronics.com,0.25925925925925924,0.7128205128205128,0.3157894736842103
SUP-CAT2-0283,NexGen Electronics Partners #283,Electronics,Shenzhen,South,contact283@amperion.com,0.37037037037037035,0.26256410256410256,0.5263157894736843
SUP-CAT2-0284,ChipHarbor Wholesale #284,Electronics,Columbus,Central,contact284@circuitsource.com,0.48148148148148145,0.3071794871794872,0.2631578947368418
SUP-CAT2-0285,Amperion Supply Chain #285,Electronics,Phoenix,North,contact285@nexgenelectronics.com,0.9259259259259259,0.8538461538461538,0.7894736842105261
SUP-CAT2-0286,Amperion Ltd. #286,Electronics,Phoenix,East,contact286@chipharbor.com,0.4074074074074074,0.34205128205128205,0.2631578947368418
SUP-CAT2-0287,Circuit Source LLC #287,Electronics,Phoenix,West,contact287@amperion.com,0.8888888888888888,0.7779487179487179,0.6842105263157897
SUP-CAT2-0288,ChipHarbor Ltd. #288,Electronics,Rotterdam,South,contact288@nexgenelectronics.com,0.1111111111111111,0.27076923076923076,0.21052631578947334
SUP-CAT2-0289,Voltix LLC #289,Electronics,Osaka,South,contact289@circuitsource.com,0.037037037037037035,0.6133333333333333,0.10526315789473638
SUP-CAT2-0290,NexGen Electronics LLC #290,Electronics,Phoenix,South,contact290@voltix.com,0.8148148148148148,0.3353846153846154,0.7368421052631576
SUP-CAT2-0291,Circuit Source Group #291,Electronics,Hanoi,Central,contact291@voltix.com,0.8148148148148148,0.8,0.2631578947368418
SUP-CAT2-0292,Amperion Wholesale #292,Electronics,Newark,East,contact292@voltix.com,0.5925925925925926,0.4087179487179487,0.3157894736842103
SUP-CAT2-0293,Voltix Group #293,Electronics,Seattle,West,contact293@nexgenelectronics.com,0.5925925925925926,0.09435897435897436,0.8421052631578946
SUP-CAT2-0294,ChipHarbor LLC #294,Electronics,Newark,North,contact294@amperion.com,0.25925925925925924,0.4041025641025641,0.21052631578947334
SUP-CAT2-0295,Amperion Group #295,Electronics,Newark,South,contact295@chipharbor.com,0.25925925925925924,0.02666666666666667,0.894736842105263
SUP-CAT2-0296,Circuit Source Co. #296,Electronics,Denver,West,contact296@amperion.com,0.48148148148148145,0.9117948717948718,1.0
SUP-CAT2-0297,NexGen Electronics Group #297,Electronics,Phoenix,North,contact297@amperion.com,0.7777777777777778,0.12307692307692308,0.894736842105263
SUP-CAT2-0298,ChipHarbor Co. #298,Electronics,Columbus,West,contact298@amperion.com,0.14814814814814814,0.3251282051282051,0.05263157894736848
SUP-CAT2-0299,Voltix Co. #299,Electronics,Shenzhen,Central,contact299@nexgenelectronics.com,0.7777777777777778,0.6723076923076923,0.3684210526315788
SUP-CAT2-0300,Circuit Source Ltd. #300,Electronics,Columbus,West,contact300@amperion.com,0.8888888888888888,0.8215384615384616,0.21052631578947334
SUP-CAT2-0301,Voltix Co. #301,Electronics,Rotterdam,Central,contact301@chipharbor.com,0.7777777777777778,0.14205128205128206,0.3684210526315788
SUP-CAT2-0302,ChipHarbor Co. #302,Electronics,Osaka,South,contact302@circuitsource.com,0.8148148148148148,0.031794871794871796,0.9473684210526315
SUP-CAT2-0303,NexGen Electronics Inc. #303,Electronics,Newark,North,contact303@chipharbor.com,0.8148148148148148,0.4123076923076923,0.9473684210526315
SUP-CAT2-0304,NexGen Electronics Inc. #304,Electronics,Columbus,West,contact304@chipharbor.com,0.4444444444444444,0.4512820512820513,0.5263157894736843
SUP-CAT2-0305,NexGen Electronics Co. #305,Electronics,Denver,North,contact305@voltix.com,0.48148148148148145,0.4046153846153846,0.6315789473684212
SUP-CAT2-0306,NexGen Electronics Group #306,Electronics,Dallas,Central,contact306@voltix.com,1.0,0.10666666666666667,0.0
SUP-CAT2-0307,Voltix Co. #307,Electronics,Dallas,North,contact307@voltix.com,0.18518518518518517,0.008717948717948718,0.5263157894736843
SUP-CAT2-0308,NexGen Electronics Wholesale #308,Electronics,Seattle,South,contact308@circuitsource.com,0.7777777777777778,0.9338461538461539,1.0
SUP-CAT2-0309,Amperion Group #309,Electronics,Dallas,West,contact309@nexgenelectronics.com,0.1111111111111111,0.45384615384615384,0.21052631578947334
SUP-CAT2-0310,ChipHarbor Partners #310,Electronics,Columbus,North,contact310@amperion.com,0.9629629629629629,0.762051282051282,0.2631578947368418
SUP-CAT2-0311,ChipHarbor Trading #311,Electronics,Miami,South,contact311@nexgenelectronics.com,0.7037037037037037,0.10923076923076923,0.894736842105263
SUP-CAT2-0312,Voltix Distributors #312,Electronics,Atlanta,West,contact312@voltix.com,0.5925925925925926,0.6446153846153846,0.05263157894736848
SUP-CAT2-0313,Voltix Partners #313,Electronics,Dallas,South,contact313@nexgenelectronics.com,0.8518518518518519,0.13538461538461538,0.6315789473684212
SUP-CAT2-0314,Voltix Ltd. #314,Electronics,Columbus,Central,contact314@amperion.com,0.14814814814814814,0.2856410256410256,0.05263157894736848
SUP-CAT2-0315,Circuit Source LLC #315,Electronics,Newark,South,contact315@voltix.com,0.8518518518518519,0.8205128205128205,0.3157894736842103
SUP-CAT2-0316,Voltix Trading #316,Electronics,Seattle,West,contact316@chipharbor.com,0.2222222222222222,0.16102564102564101,0.6842105263157897
SUP-CAT2-0317,Circuit Source Supply Chain #317,Electronics,Phoenix,East,contact317@voltix.com,0.8518518518518519,0.05641025641025641,0.6842105263157897
SUP-CAT2-0318,Circuit Source Supply Chain #318,Electronics,Portland,East,contact318@voltix.com,0.7037037037037037,0.013333333333333334,0.894736842105263
SUP-CAT2-0319,NexGen Electronics Distributors #319,Electronics,Columbus,Central,contact319@nexgenelectronics.com,0.5925925925925926,0.6225641025641026,0.6315789473684212
SUP-CAT2-0320,Voltix Ltd. #320,Electronics,Rotterdam,North,contact320@circuitsource.com,0.7777777777777778,0.9830769230769231,0.3157894736842103
SUP-CAT2-0321,Voltix Supply Chain #321,Electronics,Chicago,East,contact321@chipharbor.com,0.1111111111111111,0.8179487179487179,0.3157894736842103
SUP-CAT2-0322,Voltix Distributors #322,Electronics,Seattle,West,contact322@circuitsource.com,0.25925925925925924,0.742051282051282,0.894736842105263
SUP-CAT2-0323,Circuit Source Co. #323,Electronics,Dallas,North,contact323@amperion.com,0.6296296296296297,0.34102564102564104,0.10526315789473638
SUP-CAT2-0324,NexGen Electronics Inc. #324,Electronics,Osaka,South,contact324@chipharbor.com,0.6296296296296297,0.8025641025641026,0.10526315789473638
SUP-CAT2-0325,Amperion Supply Chain #325,Electronics,Miami,West,contact325@voltix.com,0.4074074074074074,0.7938461538461539,0.9473684210526315
SUP-CAT2-0326,Amperion Distributors #326,Electronics,Shenzhen,West,contact326@voltix.com,0.3333333333333333,0.3964102564102564,0.5263157894736843
SUP-CAT2-0327,ChipHarbor Inc. #327,Electronics,Newark,West,contact327@nexgenelectronics.com,0.7407407407407407,0.7164102564102565,0.7368421052631576
SUP-CAT2-0328,Circuit Source Ltd. #328,Electronics,Miami,South,contact328@chipharbor.com,0.5925925925925926,0.15128205128205127,0.7368421052631576
SUP-CAT2-0329,Amperion Co. #329,Electronics,Dallas,East,contact329@chipharbor.com,0.8888888888888888,0.10102564102564103,0.3684210526315788
SUP-CAT2-0330,ChipHarbor Trading #330,Electronics,Osaka,East,contact330@circuitsource.com,0.48148148148148145,0.13230769230769232,0.7894736842105261
SUP-CAT2-0331,NexGen Electronics Group #331,Electronics,Rotterdam,West,contact331@voltix.com,0.037037037037037035,0.8943589743589744,0.47368421052631576
SUP-CAT2-0332,Circuit Source Distributors #332,Electronics,Phoenix,East,contact332@chipharbor.com,0.4444444444444444,0.5476923076923077,0.894736842105263
SUP-CAT2-0333,Voltix Ltd. #333,Electronics,Shenzhen,East,contact333@nexgenelectronics.com,0.6666666666666666,0.5066666666666667,0.894736842105263
SUP-CAT2-0334,Circuit Source Wholesale #334,Electronics,Mumbai,Central,contact334@nexgenelectronics.com,0.18518518518518517,0.622051282051282,0.2631578947368418
SUP-CAT2-0335,NexGen Electronics Supply Chain #335,Electronics,Phoenix,North,contact335@chipharbor.com,0.037037037037037035,0.502051282051282,0.7894736842105261
SUP-CAT2-0336,Voltix Ltd. #336,Electronics,Seattle,East,contact336@chipharbor.com,0.7037037037037037,0.8984615384615384,0.15789473684210487
SUP-CAT2-0337,Amperion Partners #337,Electronics,Rotterdam,East,contact337@chipharbor.com,0.6296296296296297,0.3425641025641026,0.7894736842105261
SUP-CAT2-0338,Amperion Partners #338,Electronics,Hanoi,North,contact338@circuitsource.com,0.037037037037037035,0.8220512820512821,0.9473684210526315
SUP-CAT2-0339,NexGen Electronics LLC #339,Electronics,Seattle,West,contact339@circuitsource.com,0.8518518518518519,0.014358974358974359,0.9473684210526315
SUP-CAT2-0340,NexGen Electronics Partners #340,Electronics,Shenzhen,West,contact340@circuitsource.com,0.07407407407407407,0.36615384615384616,0.10526315789473638
SUP-CAT2-0341,ChipHarbor LLC #341,Electronics,Phoenix,North,contact341@chipharbor.com,0.5185185185185185,0.18769230769230769,0.4210526315789473
SUP-CAT2-0342,ChipHarbor Group #342,Electronics,Osaka,Central,contact342@voltix.com,0.5925925925925926,0.38153846153846155,0.21052631578947334
SUP-CAT2-0343,Amperion Trading #343,Electronics,Columbus,West,contact343@chipharbor.com,0.7407407407407407,0.8789743589743589,0.4210526315789473
SUP-CAT2-0344,NexGen Electronics Supply Chain #344,Electronics,Chicago,North,contact344@chipharbor.com,0.18518518518518517,0.9564102564102565,0.21052631578947334
SUP-CAT2-0345,ChipHarbor Wholesale #345,Electronics,Newark,West,contact345@voltix.com,0.037037037037037035,0.4687179487179487,0.6842105263157897
SUP-CAT2-0346,NexGen Electronics Partners #346,Electronics,Hanoi,North,contact346@nexgenelectronics.com,0.4074074074074074,0.0035897435897435897,0.5263157894736843
SUP-CAT2-0347,Voltix LLC #347,Electronics,Atlanta,East,contact347@circuitsource.com,0.6666666666666666,0.45897435897435895,0.8421052631578946
SUP-CAT2-0348,Circuit Source Inc. #348,Electronics,Newark,Central,contact348@circuitsource.com,0.5925925925925926,0.8692307692307693,0.3157894736842103
SUP-CAT2-0349,Amperion Trading #349,Electronics,Mumbai,South,contact349@nexgenelectronics.com,0.18518518518518517,0.24871794871794872,0.0
SUP-CAT2-0350,Amperion Ltd. #350,Electronics,Phoenix,Central,contact350@chipharbor.com,0.48148148148148145,0.9441025641025641,0.5789473684210528
SUP-CAT2-0351,Amperion Supply Chain #351,Electronics,Mumbai,South,contact351@voltix.com,0.2962962962962963,0.7733333333333333,0.47368421052631576
SUP-CAT2-0352,Voltix Co. #352,Electronics,Dallas,North,contact352@amperion.com,0.2222222222222222,0.9035897435897436,0.3684210526315788
SUP-CAT2-0353,ChipHarbor Wholesale #353,Electronics,Seattle,Central,contact353@voltix.com,0.8148148148148148,0.8661538461538462,0.05263157894736848
SUP-CAT2-0354,NexGen Electronics Co. #354,Electronics,Phoenix,North,contact354@voltix.com,0.7407407407407407,0.07538461538461538,0.10526315789473638
SUP-CAT2-0355,Circuit Source Distributors #355,Electronics,Portland,West,contact355@circuitsource.com,0.037037037037037035,0.7605128205128205,0.05263157894736848
SUP-CAT2-0356,Voltix Ltd. #356,Electronics,Mumbai,West,contact356@chipharbor.com,0.2222222222222222,0.19743589743589743,0.7368421052631576
SUP-CAT2-0357,Voltix Supply Chain #357,Electronics,Shenzhen,Central,contact357@amperion.com,0.8888888888888888,0.004615384615384616,0.7368421052631576
SUP-CAT2-0358,Amperion LLC #358,Electronics,Rotterdam,East,contact358@chipharbor.com,0.6666666666666666,0.6774358974358974,0.05263157894736848
SUP-CAT2-0359,Voltix Distributors #359,Electronics,Chicago,West,contact359@nexgenelectronics.com,0.8518518518518519,0.0056410256410256415,0.9473684210526315
SUP-CAT2-0360,Circuit Source Supply Chain #360,Electronics,Seattle,East,contact360@circuitsource.com,0.9629629629629629,0.018974358974358976,0.3157894736842103
SUP-CAT2-0361,Circuit Source Trading #361,Electronics,Newark,East,contact361@voltix.com,0.0,0.8456410256410256,0.47368421052631576
SUP-CAT2-0362,NexGen Electronics LLC #362,Electronics,Shenzhen,North,contact362@chipharbor.com,0.037037037037037035,0.23435897435897435,0.6842105263157897
SUP-CAT2-0363,NexGen Electronics Distributors #363,Electronics,Mumbai,North,contact363@chipharbor.com,0.7037037037037037,0.5307692307692308,0.8421052631578946
SUP-CAT2-0364,ChipHarbor Distributors #364,Electronics,Miami,South,contact364@chipharbor.com,0.6666666666666666,0.34615384615384615,0.6842105263157897
SUP-CAT2-0365,NexGen Electronics Ltd. #365,Electronics,Denver,West,contact365@chipharbor.com,0.0,0.8441025641025641,0.5263157894736843
SUP-CAT2-0366,NexGen Electronics Ltd. #366,Electronics,Dallas,Central,contact366@nexgenelectronics.com,0.037037037037037035,0.22615384615384615,0.7894736842105261
SUP-CAT2-0367,ChipHarbor Supply Chain #367,Electronics,Shenzhen,East,contact367@chipharbor.com,0.07407407407407407,0.1517948717948718,0.2631578947368418
SUP-CAT2-0368,ChipHarbor Trading #368,Electronics,Hanoi,South,contact368@amperion.com,0.3333333333333333,0.07333333333333333,0.21052631578947334
SUP-CAT2-0369,Voltix Inc. #369,Electronics,Seattle,Central,contact369@chipharbor.com,0.6666666666666666,0.4082051282051282,0.5789473684210528
SUP-CAT2-0370,Circuit Source Ltd. #370,Electronics,Shenzhen,South,contact370@circuitsource.com,0.0,0.21487179487179486,0.21052631578947334
SUP-CAT2-0371,Voltix Inc. #371,Electronics,Miami,North,contact371@nexgenelectronics.com,0.6296296296296297,0.10615384615384615,0.6842105263157897
SUP-CAT2-0372,Circuit Source Ltd. #372,Electronics,Phoenix,East,contact372@circuitsource.com,0.9259259259259259,0.4856410256410256,0.894736842105263
SUP-CAT2-0373,ChipHarbor Trading #373,Electronics,Shenzhen,Central,contact373@amperion.com,0.5925925925925926,0.14717948717948717,0.15789473684210487
SUP-CAT2-0374,Circuit Source Supply Chain #374,Electronics,Shenzhen,East,contact374@nexgenelectronics.com,0.1111111111111111,0.9194871794871795,0.894736842105263
SUP-CAT2-0375,NexGen Electronics Wholesale #375,Electronics,Shenzhen,Central,contact375@chipharbor.com,0.5185185185185185,0.6153846153846154,0.47368421052631576
SUP-CAT2-0376,Amperion Supply Chain #376,Electronics,Portland,West,contact376@amperion.com,0.2962962962962963,0.8020512820512821,0.5789473684210528
SUP-CAT2-0377,Circuit Source Inc. #377,Electronics,Shenzhen,North,contact377@amperion.com,0.8888888888888888,0.9512820512820512,0.6315789473684212
SUP-CAT2-0378,Circuit Source Co. #378,Electronics,Miami,South,contact378@voltix.com,0.48148148148148145,0.22153846153846155,0.5789473684210528
SUP-CAT2-0379,Voltix LLC #379,Electronics,Hanoi,East,contact379@voltix.com,0.6296296296296297,0.8553846153846154,0.21052631578947334
SUP-CAT2-0380,NexGen Electronics Partners #380,Electronics,Miami,Central,contact380@chipharbor.com,1.0,0.5394871794871795,0.894736842105263
SUP-CAT2-0381,Voltix LLC #381,Electronics,Rotterdam,North,contact381@amperion.com,0.25925925925925924,0.9574358974358974,0.5789473684210528
SUP-CAT2-0382,ChipHarbor Distributors #382,Electronics,Dallas,South,contact382@voltix.com,0.07407407407407407,0.35128205128205126,0.9473684210526315
SUP-CAT2-0383,Voltix Inc. #383,Electronics,Columbus,Central,contact383@nexgenelectronics.com,0.9629629629629629,0.897948717948718,0.5263157894736843
SUP-CAT2-0384,Voltix Partners #384,Electronics,Portland,West,contact384@amperion.com,0.2962962962962963,0.26666666666666666,0.5263157894736843
SUP-CAT2-0385,NexGen Electronics Supply Chain #385,Electronics,Shenzhen,Central,contact385@amperion.com,0.9629629629629629,0.46205128205128204,0.6315789473684212
SUP-CAT2-0386,Circuit Source Supply Chain #386,Electronics,Portland,West,contact386@circuitsource.com,0.1111111111111111,0.4856410256410256,0.15789473684210487
SUP-CAT2-0387,NexGen Electronics Co. #387,Electronics,Chicago,East,contact387@nexgenelectronics.com,0.07407407407407407,0.44769230769230767,0.3684210526315788
SUP-CAT2-0388,Voltix Distributors #388,Electronics,Chicago,South,contact388@amperion.com,0.5185185185185185,0.963076923076923,0.6842105263157897
SUP-CAT2-0389,ChipHarbor Partners #389,Electronics,Rotterdam,North,contact389@chipharbor.com,0.48148148148148145,0.37846153846153846,0.21052631578947334
SUP-CAT2-0390,Circuit Source Group #390,Electronics,Dallas,North,contact390@amperion.com,0.7407407407407407,0.8794871794871795,0.15789473684210487
SUP-CAT2-0391,ChipHarbor Ltd. #391,Electronics,Rotterdam,North,contact391@circuitsource.com,0.9629629629629629,0.8323076923076923,0.4210526315789473
SUP-CAT2-0392,Voltix Group #392,Electronics,Osaka,East,contact392@circuitsource.com,0.25925925925925924,0.5892307692307692,0.5263157894736843
SUP-CAT2-0393,NexGen Electronics Inc. #393,Electronics,Chicago,West,contact393@circuitsource.com,0.8888888888888888,0.19487179487179487,0.15789473684210487
SUP-CAT2-0394,Circuit Source Partners #394,Electronics,Portland,South,contact394@chipharbor.com,0.3333333333333333,0.8092307692307692,0.9473684210526315
SUP-CAT2-0395,NexGen Electronics Trading #395,Electronics,Denver,East,contact395@nexgenelectronics.com,0.48148148148148145,0.4158974358974359,0.4210526315789473
SUP-CAT2-0396,NexGen Electronics Wholesale #396,Electronics,Hanoi,North,contact396@circuitsource.com,0.6296296296296297,0.7466666666666667,0.15789473684210487
SUP-CAT2-0397,Circuit Source Co. #397,Electronics,Chicago,East,contact397@amperion.com,0.9259259259259259,0.9261538461538461,0.8421052631578946
SUP-CAT2-0398,Amperion Trading #398,Electronics,Portland,East,contact398@chipharbor.com,0.9259259259259259,0.16615384615384615,0.6315789473684212
SUP-CAT2-0399,Amperion Trading #399,Electronics,Denver,West,contact399@chipharbor.com,0.48148148148148145,0.4076923076923077,0.4210526315789473
SUP-CAT2-0400,Voltix Group #400,Electronics,Newark,East,contact400@nexgenelectronics.com,0.4444444444444444,0.9364102564102564,0.3684210526315788
SUP-CAT2-0401,NexGen Electronics Distributors #401,Electronics,Hanoi,West,contact401@nexgenelectronics.com,0.18518518518518517,0.8112820512820513,0.5789473684210528
SUP-CAT2-0402,ChipHarbor Partners #402,Electronics,Shenzhen,South,contact402@chipharbor.com,0.14814814814814814,0.02358974358974359,0.2631578947368418
SUP-CAT2-0403,ChipHarbor Ltd. #403,Electronics,Seattle,West,contact403@circuitsource.com,0.6666666666666666,0.3005128205128205,0.8421052631578946
SUP-CAT2-0404,ChipHarbor Trading #404,Electronics,Osaka,Central,contact404@voltix.com,0.2222222222222222,0.8497435897435898,0.5263157894736843
SUP-CAT2-0405,Amperion LLC #405,Electronics,Denver,North,contact405@amperion.com,0.1111111111111111,0.09128205128205129,0.15789473684210487
SUP-CAT2-0406,ChipHarbor Trading #406,Electronics,Miami,North,contact406@circuitsource.com,0.1111111111111111,0.862051282051282,0.5263157894736843
SUP-CAT2-0407,Voltix Ltd. #407,Electronics,Miami,South,contact407@chipharbor.com,0.48148148148148145,0.5548717948717948,0.2631578947368418
SUP-CAT2-0408,ChipHarbor Inc. #408,Electronics,Mumbai,Central,contact408@chipharbor.com,0.7777777777777778,0.8815384615384615,0.4210526315789473
SUP-CAT2-0409,Amperion Inc. #409,Electronics,Seattle,South,contact409@nexgenelectronics.com,0.8148148148148148,0.7241025641025641,0.5789473684210528
SUP-CAT2-0410,NexGen Electronics Wholesale #410,Electronics,Seattle,South,contact410@amperion.com,0.8148148148148148,0.052307692307692305,1.0
SUP-CAT2-0411,Amperion Partners #411,Electronics,Newark,South,contact411@circuitsource.com,0.7037037037037037,0.9882051282051282,0.2631578947368418
SUP-CAT2-0412,Voltix Co. #412,Electronics,Portland,East,contact412@nexgenelectronics.com,0.2222222222222222,0.8005128205128205,0.6842105263157897
SUP-CAT2-0413,NexGen Electronics Ltd. #413,Electronics,Portland,North,contact413@voltix.com,0.0,0.7574358974358975,0.6315789473684212
SUP-CAT2-0414,ChipHarbor Group #414,Electronics,Rotterdam,South,contact414@nexgenelectronics.com,0.5555555555555556,0.6215384615384615,0.6842105263157897
SUP-CAT2-0415,Voltix Co. #415,Electronics,Osaka,East,contact415@circuitsource.com,0.7037037037037037,0.4194871794871795,0.5263157894736843
SUP-CAT2-0416,NexGen Electronics LLC #416,Electronics,Chicago,West,contact416@voltix.com,0.4074074074074074,0.40512820512820513,0.7368421052631576
SUP-CAT2-0417,Voltix Partners #417,Electronics,Denver,Central,contact417@chipharbor.com,0.7037037037037037,0.8871794871794871,0.6842105263157897
SUP-CAT2-0418,NexGen Electronics Group #418,Electronics,Columbus,North,contact418@nexgenelectronics.com,0.5925925925925926,0.3553846153846154,0.8421052631578946
SUP-CAT2-0419,Amperion Co. #419,Electronics,Atlanta,North,contact419@chipharbor.com,0.0,0.1641025641025641,0.05263157894736848
SUP-CAT2-0420,Voltix Partners #420,Electronics,Shenzhen,West,contact420@circuitsource.com,0.9259259259259259,0.2692307692307692,0.6842105263157897
SUP-CAT2-0421,NexGen Electronics Trading #421,Electronics,Dallas,West,contact421@amperion.com,0.6296296296296297,0.5958974358974359,0.3157894736842103
SUP-CAT2-0422,ChipHarbor LLC #422,Electronics,Rotterdam,South,contact422@nexgenelectronics.com,0.8148148148148148,0.6712820512820513,0.5263157894736843
SUP-CAT2-0423,ChipHarbor Supply Chain #423,Electronics,Seattle,South,contact423@chipharbor.com,1.0,0.28717948717948716,0.7894736842105261
SUP-CAT2-0424,ChipHarbor Supply Chain #424,Electronics,Portland,South,contact424@voltix.com,0.4444444444444444,0.5461538461538461,0.6315789473684212
SUP-CAT2-0425,ChipHarbor Group #425,Electronics,Denver,North,contact425@nexgenelectronics.com,0.8888888888888888,0.7953846153846154,0.9473684210526315
SUP-CAT2-0426,Voltix Co. #426,Electronics,Osaka,South,contact426@amperion.com,0.9629629629629629,0.05846153846153846,0.5789473684210528
SUP-CAT2-0427,ChipHarbor Partners #427,Electronics,Denver,North,contact427@chipharbor.com,0.6296296296296297,0.7692307692307693,0.7894736842105261
SUP-CAT2-0428,Amperion LLC #428,Electronics,Rotterdam,North,contact428@amperion.com,0.5185185185185185,0.1564102564102564,0.5789473684210528
SUP-CAT2-0429,ChipHarbor Supply Chain #429,Electronics,Columbus,West,contact429@chipharbor.com,0.7777777777777778,0.7235897435897436,1.0
SUP-CAT2-0430,ChipHarbor Trading #430,Electronics,Portland,South,contact430@amperion.com,0.37037037037037035,0.64,0.6842105263157897
SUP-CAT2-0431,Circuit Source Inc. #431,Electronics,Miami,West,contact431@chipharbor.com,0.8148148148148148,0.20256410256410257,0.6315789473684212
SUP-CAT2-0432,Voltix Distributors #432,Electronics,Portland,South,contact432@circuitsource.com,0.037037037037037035,0.3635897435897436,0.7368421052631576
SUP-CAT2-0433,Circuit Source Inc. #433,Electronics,Phoenix,East,contact433@nexgenelectronics.com,0.6666666666666666,0.5205128205128206,0.21052631578947334
SUP-CAT2-0434,ChipHarbor Partners #434,Electronics,Phoenix,West,contact434@chipharbor.com,0.6666666666666666,0.6082051282051282,0.7894736842105261
SUP-CAT2-0435,ChipHarbor Wholesale #435,Electronics,Miami,West,contact435@amperion.com,0.3333333333333333,0.34923076923076923,0.7368421052631576
SUP-CAT2-0436,ChipHarbor LLC #436,Electronics,Phoenix,South,contact436@circuitsource.com,0.7037037037037037,0.8082051282051282,0.6315789473684212
SUP-CAT2-0437,Circuit Source Distributors #437,Electronics,Denver,South,contact437@chipharbor.com,0.6666666666666666,0.7097435897435898,0.894736842105263
SUP-CAT2-0438,Voltix Trading #438,Electronics,Dallas,Central,contact438@amperion.com,0.07407407407407407,0.0056410256410256415,0.8421052631578946
SUP-CAT2-0439,Amperion Co. #439,Electronics,Denver,North,contact439@chipharbor.com,0.18518518518518517,0.8046153846153846,0.7368421052631576
SUP-CAT2-0440,ChipHarbor Trading #440,Electronics,Dallas,East,contact440@voltix.com,0.8148148148148148,0.23384615384615384,0.7368421052631576
SUP-CAT2-0441,ChipHarbor Wholesale #441,Electronics,Phoenix,Central,contact441@voltix.com,0.7037037037037037,0.8902564102564102,0.9473684210526315
SUP-CAT2-0442,NexGen Electronics Distributors #442,Electronics,Denver,Central,contact442@circuitsource.com,0.9629629629629629,0.358974358974359,0.6842105263157897
SUP-CAT2-0443,ChipHarbor Co. #443,Electronics,Denver,Central,contact443@amperion.com,0.2962962962962963,0.34205128205128205,0.894736842105263
SUP-CAT2-0444,Circuit Source Partners #444,Electronics,Denver,North,contact444@circuitsource.com,0.5185185185185185,0.7215384615384616,0.7894736842105261
SUP-CAT2-0445,ChipHarbor Distributors #445,Electronics,Miami,South,contact445@chipharbor.com,1.0,0.5266666666666666,0.6315789473684212
SUP-CAT2-0446,Circuit Source Co. #446,Electronics,Denver,West,contact446@nexgenelectronics.com,0.8518518518518519,0.37384615384615383,0.3684210526315788
SUP-CAT2-0447,ChipHarbor Co. #447,Electronics,Atlanta,West,contact447@nexgenelectronics.com,0.5925925925925926,0.9112820512820513,0.7368421052631576
SUP-CAT2-0448,Amperion Wholesale #448,Electronics,Phoenix,West,contact448@nexgenelectronics.com,0.7777777777777778,0.823076923076923,0.10526315789473638
SUP-CAT2-0449,ChipHarbor Ltd. #449,Electronics,Newark,East,contact449@chipharbor.com,0.4444444444444444,0.25794871794871793,0.5263157894736843
SUP-CAT2-0450,NexGen Electronics LLC #450,Electronics,Denver,Central,contact450@amperion.com,0.2962962962962963,0.9512820512820512,0.2631578947368418
SUP-CAT2-0451,Amperion Group #451,Electronics,Dallas,Central,contact451@amperion.com,0.5925925925925926,0.18,0.894736842105263
SUP-CAT2-0452,NexGen Electronics LLC #452,Electronics,Atlanta,West,contact452@circuitsource.com,0.37037037037037035,0.6625641025641026,0.4210526315789473
SUP-CAT2-0453,ChipHarbor Co. #453,Electronics,Mumbai,North,contact453@amperion.com,0.2222222222222222,0.8553846153846154,0.4210526315789473
SUP-CAT2-0454,Amperion Group #454,Electronics,Dallas,South,contact454@voltix.com,0.6296296296296297,0.16666666666666666,0.9473684210526315
SUP-CAT2-0455,Voltix Co. #455,Electronics,Newark,South,contact455@voltix.com,0.4074074074074074,0.6405128205128205,0.5789473684210528
SUP-CAT2-0456,Circuit Source Trading #456,Electronics,Seattle,North,contact456@amperion.com,0.4074074074074074,0.3851282051282051,0.3157894736842103
SUP-CAT2-0457,Amperion Co. #457,Electronics,Phoenix,East,contact457@voltix.com,0.9259259259259259,0.40974358974358976,0.47368421052631576
SUP-CAT2-0458,Amperion Group #458,Electronics,Hanoi,South,contact458@voltix.com,0.0,0.88,0.5789473684210528
SUP-CAT2-0459,ChipHarbor Group #459,Electronics,Osaka,West,contact459@amperion.com,0.5555555555555556,0.44769230769230767,0.5789473684210528
SUP-CAT2-0460,NexGen Electronics Partners #460,Electronics,Rotterdam,South,contact460@voltix.com,0.2222222222222222,0.23384615384615384,0.6315789473684212
SUP-CAT2-0461,Amperion Wholesale #461,Electronics,Chicago,South,contact461@voltix.com,0.3333333333333333,0.37948717948717947,0.2631578947368418
SUP-CAT2-0462,NexGen Electronics Ltd. #462,Electronics,Chicago,Central,contact462@circuitsource.com,0.6296296296296297,0.3,0.9473684210526315
SUP-CAT2-0463,ChipHarbor Distributors #463,Electronics,Osaka,Central,contact463@chipharbor.com,0.5185185185185185,0.39076923076923076,0.4210526315789473
SUP-CAT2-0464,NexGen Electronics Co. #464,Electronics,Shenzhen,South,contact464@chipharbor.com,0.18518518518518517,0.06871794871794872,0.3684210526315788
SUP-CAT2-0465,Circuit Source Distributors #465,Electronics,Rotterdam,East,contact465@voltix.com,0.037037037037037035,0.3158974358974359,0.7368421052631576
SUP-CAT2-0466,Voltix Group #466,Electronics,Phoenix,Central,contact466@chipharbor.com,0.5185185185185185,0.2641025641025641,0.6842105263157897
SUP-CAT2-0467,ChipHarbor Ltd. #467,Electronics,Denver,West,contact467@nexgenelectronics.com,0.5555555555555556,0.17025641025641025,0.5789473684210528
SUP-CAT2-0468,Amperion Co. #468,Electronics,Portland,North,contact468@circuitsource.com,0.0,0.8933333333333333,0.15789473684210487
SUP-CAT2-0469,NexGen Electronics Supply Chain #469,Electronics,Chicago,Central,contact469@circuitsource.com,0.1111111111111111,0.638974358974359,0.6842105263157897
SUP-CAT2-0470,Amperion Ltd. #470,Electronics,Dallas,Central,contact470@chipharbor.com,0.7037037037037037,0.6071794871794872,0.9473684210526315
SUP-CAT2-0471,ChipHarbor LLC #471,Electronics,Osaka,North,contact471@voltix.com,1.0,0.8548717948717949,0.7894736842105261
SUP-CAT2-0472,Circuit Source Supply Chain #472,Electronics,Phoenix,North,contact472@amperion.com,0.7037037037037037,0.4512820512820513,0.05263157894736848
SUP-CAT2-0473,ChipHarbor LLC #473,Electronics,Phoenix,South,contact473@voltix.com,0.7037037037037037,0.7364102564102564,0.3684210526315788
SUP-CAT2-0474,Amperion Supply Chain #474,Electronics,Mumbai,East,contact474@voltix.com,0.0,0.8364102564102565,1.0
SUP-CAT2-0475,Amperion Co. #475,Electronics,Mumbai,Central,contact475@nexgenelectronics.com,0.9629629629629629,0.8133333333333334,0.10526315789473638
SUP-CAT2-0476,Voltix Supply Chain #476,Electronics,Portland,Central,contact476@chipharbor.com,0.6666666666666666,0.298974358974359,0.0
SUP-CAT2-0477,NexGen Electronics Distributors #477,Electronics,Hanoi,North,contact477@nexgenelectronics.com,0.37037037037037035,0.6512820512820513,0.15789473684210487
SUP-CAT2-0478,ChipHarbor Trading #478,Electronics,Columbus,North,contact478@voltix.com,0.5555555555555556,0.6523076923076923,0.4210526315789473
SUP-CAT2-0479,Amperion Wholesale #479,Electronics,Columbus,South,contact479@nexgenelectronics.com,0.6666666666666666,0.49025641025641026,0.5789473684210528
SUP-CAT2-0480,Circuit Source Group #480,Electronics,Chicago,North,contact480@chipharbor.com,0.037037037037037035,0.8517948717948718,0.5789473684210528
SUP-CAT2-0481,Amperion Supply Chain #481,Electronics,Miami,Central,contact481@amperion.com,0.7407407407407407,0.13538461538461538,0.6315789473684212
SUP-CAT2-0482,Amperion Supply Chain #482,Electronics,Osaka,West,contact482@amperion.com,0.4074074074074074,0.36974358974358973,0.9473684210526315
SUP-CAT2-0483,Circuit Source Trading #483,Electronics,Hanoi,South,contact483@voltix.com,0.18518518518518517,0.6251282051282051,0.8421052631578946
SUP-CAT2-0484,NexGen Electronics Wholesale #484,Electronics,Chicago,West,contact484@chipharbor.com,0.0,0.44153846153846155,0.8421052631578946
SUP-CAT2-0485,Circuit Source Ltd. #485,Electronics,Osaka,West,contact485@voltix.com,0.2962962962962963,0.04205128205128205,0.05263157894736848
SUP-CAT2-0486,ChipHarbor Co. #486,Electronics,Rotterdam,Central,contact486@amperion.com,0.3333333333333333,0.38051282051282054,0.47368421052631576
SUP-CAT2-0487,Amperion LLC #487,Electronics,Phoenix,West,contact487@circuitsource.com,0.48148148148148145,0.661025641025641,0.2631578947368418
SUP-CAT2-0488,Circuit Source Group #488,Electronics,Miami,Central,contact488@amperion.com,0.9259259259259259,0.18512820512820513,0.6315789473684212
SUP-CAT2-0489,Voltix Group #489,Electronics,Atlanta,Central,contact489@voltix.com,0.07407407407407407,0.013333333333333334,0.7368421052631576
SUP-CAT2-0490,Circuit Source Ltd. #490,Electronics,Dallas,West,contact490@amperion.com,0.1111111111111111,0.9302564102564103,0.6842105263157897
SUP-CAT2-0491,Circuit Source LLC #491,Electronics,Phoenix,West,contact491@nexgenelectronics.com,0.9629629629629629,0.009230769230769232,0.05263157894736848
SUP-CAT2-0492,Amperion LLC #492,Electronics,Dallas,South,contact492@circuitsource.com,0.9259259259259259,0.7025641025641025,1.0
SUP-CAT2-0493,Voltix Trading #493,Electronics,Chicago,North,contact493@amperion.com,1.0,0.23435897435897435,0.10526315789473638
SUP-CAT2-0494,Amperion Wholesale #494,Electronics,Denver,Central,contact494@circuitsource.com,0.7407407407407407,0.7651282051282051,0.894736842105263
SUP-CAT2-0495,Voltix Co. #495,Electronics,Osaka,Central,contact495@voltix.com,0.4074074074074074,0.7230769230769231,0.6842105263157897
SUP-CAT2-0496,ChipHarbor Co. #496,Electronics,Seattle,West,contact496@amperion.com,0.37037037037037035,0.2953846153846154,0.8421052631578946
SUP-CAT2-0497,Amperion Group #497,Electronics,Shenzhen,South,contact497@nexgenelectronics.com,0.1111111111111111,0.8374358974358974,0.5789473684210528
SUP-CAT2-0498,NexGen Electronics Co. #498,Electronics,Phoenix,Central,contact498@amperion.com,0.7777777777777778,0.9687179487179487,0.15789473684210487
SUP-CAT2-0499,Amperion Wholesale #499,Electronics,Shenzhen,North,contact499@chipharbor.com,0.8888888888888888,0.6451282051282051,0.4210526315789473
SUP-CAT2-0500,Voltix LLC #500,Electronics,Denver,North,contact500@voltix.com,0.8148148148148148,0.857948717948718,0.3157894736842103
SUP-CAT2-0501,Circuit Source Co. #501,Electronics,Newark,Central,contact501@chipharbor.com,0.48148148148148145,0.8958974358974359,0.6842105263157897
SUP-CAT2-0502,ChipHarbor Group #502,Electronics,Dallas,North,contact502@chipharbor.com,0.37037037037037035,0.036923076923076927,0.6842105263157897
SUP-CAT2-0503,NexGen Electronics Partners #503,Electronics,Newark,West,contact503@circuitsource.com,0.5555555555555556,0.4123076923076923,0.894736842105263
SUP-CAT2-0504,ChipHarbor Supply Chain #504,Electronics,Seattle,West,contact504@chipharbor.com,0.5555555555555556,0.7148717948717949,0.47368421052631576
SUP-CAT2-0505,Circuit Source Trading #505,Electronics,Shenzhen,Central,contact505@chipharbor.com,0.4444444444444444,0.6512820512820513,0.4210526315789473
SUP-CAT2-0506,Amperion Partners #506,Electronics,Shenzhen,Central,contact506@circuitsource.com,0.7407407407407407,0.8076923076923077,0.21052631578947334
SUP-CAT2-0507,NexGen Electronics Trading #507,Electronics,Dallas,North,contact507@amperion.com,0.5925925925925926,0.56,0.47368421052631576
SUP-CAT2-0508,Circuit Source Trading #508,Electronics,Phoenix,South,contact508@amperion.com,0.25925925925925924,0.9184615384615384,0.6315789473684212
SUP-CAT2-0509,NexGen Electronics Distributors #509,Electronics,Newark,Central,contact509@nexgenelectronics.com,0.5555555555555556,0.3405128205128205,0.05263157894736848
SUP-CAT2-0510,NexGen Electronics Co. #510,Electronics,Hanoi,West,contact510@nexgenelectronics.com,0.25925925925925924,0.23282051282051283,0.15789473684210487
SUP-CAT2-0511,NexGen Electronics Group #511,Electronics,Seattle,East,contact511@nexgenelectronics.com,0.8148148148148148,0.9758974358974359,0.9473684210526315
SUP-CAT2-0512,NexGen Electronics Partners #512,Electronics,Chicago,Central,contact512@nexgenelectronics.com,0.3333333333333333,0.13025641025641024,0.2631578947368418
SUP-CAT2-0513,Amperion Ltd. #513,Electronics,Seattle,Central,contact513@amperion.com,0.25925925925925924,0.6112820512820513,0.21052631578947334
SUP-CAT2-0514,NexGen Electronics Trading #514,Electronics,Seattle,South,contact514@amperion.com,0.9259259259259259,0.3082051282051282,0.21052631578947334
SUP-CAT2-0515,Voltix Co. #515,Electronics,Dallas,Central,contact515@amperion.com,0.6296296296296297,0.9697435897435898,0.15789473684210487
SUP-CAT2-0516,ChipHarbor Distributors #516,Electronics,Phoenix,Central,contact516@voltix.com,0.5925925925925926,0.7728205128205128,0.0
SUP-CAT2-0517,NexGen Electronics Distributors #517,Electronics,Shenzhen,North,contact517@chipharbor.com,0.25925925925925924,0.15794871794871795,0.6842105263157897
SUP-CAT2-0518,Voltix Ltd. #518,Electronics,Shenzhen,West,contact518@chipharbor.com,0.7777777777777778,0.6128205128205129,0.6842105263157897
SUP-CAT2-0519,Circuit Source Distributors #519,Electronics,Seattle,East,contact519@chipharbor.com,0.7407407407407407,0.717948717948718,0.05263157894736848
SUP-CAT2-0520,NexGen Electronics Ltd. #520,Electronics,Shenzhen,South,contact520@chipharbor.com,0.25925925925925924,0.5348717948717949,0.0
SUP-CAT2-0521,Voltix Partners #521,Electronics,Newark,East,contact521@circuitsource.com,0.9259259259259259,0.6471794871794871,0.7894736842105261
SUP-CAT2-0522,Voltix Co. #522,Electronics,Seattle,North,contact522@nexgenelectronics.com,0.7037037037037037,0.23692307692307693,0.47368421052631576
SUP-CAT2-0523,Circuit Source Co. #523,Electronics,Miami,West,contact523@amperion.com,0.48148148148148145,0.0841025641025641,0.3157894736842103
SUP-CAT2-0524,ChipHarbor Wholesale #524,Electronics,Shenzhen,Central,contact524@circuitsource.com,0.14814814814814814,0.5548717948717948,0.21052631578947334
SUP-CAT2-0525,ChipHarbor Co. #525,Electronics,Chicago,West,contact525@chipharbor.com,0.25925925925925924,0.5717948717948718,0.47368421052631576
SUP-CAT2-0526,Voltix LLC #526,Electronics,Denver,Central,contact526@nexgenelectronics.com,0.9629629629629629,0.7184615384615385,0.21052631578947334
SUP-CAT2-0527,NexGen Electronics Group #527,Electronics,Osaka,Central,contact527@circuitsource.com,0.8148148148148148,0.6676923076923077,0.7368421052631576
SUP-CAT2-0528,Voltix Co. #528,Electronics,Mumbai,Central,contact528@chipharbor.com,0.18518518518518517,0.8097435897435897,0.10526315789473638
SUP-CAT2-0529,Amperion Co. #529,Electronics,Atlanta,Central,contact529@nexgenelectronics.com,0.4444444444444444,0.46923076923076923,0.6842105263157897
SUP-CAT2-0530,Circuit Source LLC #530,Electronics,Chicago,West,contact530@circuitsource.com,0.8888888888888888,0.6030769230769231,0.47368421052631576
SUP-CAT2-0531,ChipHarbor Ltd. #531,Electronics,Phoenix,Central,contact531@voltix.com,0.18518518518518517,0.3271794871794872,0.0
SUP-CAT2-0532,ChipHarbor Group #532,Electronics,Phoenix,West,contact532@amperion.com,0.8888888888888888,0.2907692307692308,0.05263157894736848
SUP-CAT2-0533,Voltix Co. #533,Electronics,Rotterdam,West,contact533@circuitsource.com,0.25925925925925924,0.5230769230769231,0.3684210526315788
SUP-CAT2-0534,Circuit Source Supply Chain #534,Electronics,Portland,East,contact534@voltix.com,0.8518518518518519,0.11282051282051282,0.15789473684210487
SUP-CAT2-0535,NexGen Electronics Partners #535,Electronics,Osaka,South,contact535@amperion.com,0.18518518518518517,0.09333333333333334,0.15789473684210487
SUP-CAT2-0536,Voltix Ltd. #536,Electronics,Denver,Central,contact536@chipharbor.com,0.6666666666666666,0.9287179487179488,0.5263157894736843
SUP-CAT2-0537,ChipHarbor Ltd. #537,Electronics,Portland,West,contact537@amperion.com,0.5925925925925926,0.5230769230769231,0.10526315789473638
SUP-CAT2-0538,Circuit Source Wholesale #538,Electronics,Chicago,South,contact538@amperion.com,0.07407407407407407,1.0,0.5789473684210528
SUP-CAT2-0539,Circuit Source Inc. #539,Electronics,Mumbai,Central,contact539@nexgenelectronics.com,0.37037037037037035,0.17333333333333334,0.4210526315789473
SUP-CAT2-0540,ChipHarbor Partners #540,Electronics,Shenzhen,West,contact540@circuitsource.com,0.0,0.6758974358974359,0.6842105263157897
SUP-CAT2-0541,Voltix LLC #541,Electronics,Osaka,East,contact541@amperion.com,0.4074074074074074,0.8051282051282052,0.894736842105263
SUP-CAT2-0542,Voltix Ltd. #542,Electronics,Phoenix,North,contact542@nexgenelectronics.com,0.4444444444444444,0.08102564102564103,0.9473684210526315
SUP-CAT2-0543,Amperion Group #543,Electronics,Columbus,Central,contact543@amperion.com,0.7407407407407407,0.4682051282051282,0.8421052631578946
SUP-CAT2-0544,Circuit Source Trading #544,Electronics,Chicago,Central,contact544@nexgenelectronics.com,0.037037037037037035,0.2774358974358974,0.47368421052631576
SUP-CAT2-0545,Amperion Group #545,Electronics,Seattle,Central,contact545@amperion.com,0.6666666666666666,0.1158974358974359,0.894736842105263
SUP-CAT2-0546,Amperion Distributors #546,Electronics,Miami,West,contact546@chipharbor.com,0.4074074074074074,0.5025641025641026,0.7368421052631576
SUP-CAT2-0547,Voltix Ltd. #547,Electronics,Newark,East,contact547@amperion.com,0.37037037037037035,0.1482051282051282,0.3157894736842103
SUP-CAT2-0548,NexGen Electronics Wholesale #548,Electronics,Phoenix,South,contact548@amperion.com,0.1111111111111111,0.9528205128205128,0.15789473684210487
SUP-CAT2-0549,Amperion Co. #549,Electronics,Phoenix,Central,contact549@amperion.com,0.1111111111111111,0.27384615384615385,0.4210526315789473
SUP-CAT2-0550,Circuit Source Wholesale #550,Electronics,Portland,East,contact550@voltix.com,0.5555555555555556,0.2676923076923077,0.21052631578947334
SUP-CAT2-0551,Voltix Inc. #551,Electronics,Shenzhen,North,contact551@circuitsource.com,0.6666666666666666,0.016923076923076923,0.9473684210526315
SUP-CAT2-0552,NexGen Electronics Ltd. #552,Electronics,Shenzhen,West,contact552@circuitsource.com,0.7407407407407407,0.010256410256410256,0.6315789473684212
SUP-CAT2-0553,ChipHarbor LLC #553,Electronics,Hanoi,North,contact553@nexgenelectronics.com,0.48148148148148145,0.5994871794871794,0.6315789473684212
SUP-CAT2-0554,Circuit Source Trading #554,Electronics,Shenzhen,North,contact554@chipharbor.com,0.9259259259259259,0.8035897435897436,0.0
SUP-CAT2-0555,ChipHarbor Co. #555,Electronics,Columbus,North,contact555@voltix.com,0.4444444444444444,0.3635897435897436,0.4210526315789473
SUP-CAT2-0556,Circuit Source LLC #556,Electronics,Atlanta,Central,contact556@circuitsource.com,0.7037037037037037,0.06358974358974359,0.6842105263157897
SUP-CAT2-0557,Voltix Trading #557,Electronics,Portland,East,contact557@chipharbor.com,0.8888888888888888,0.3958974358974359,0.7368421052631576
SUP-CAT2-0558,Amperion Partners #558,Electronics,Mumbai,North,contact558@nexgenelectronics.com,0.25925925925925924,0.07692307692307693,0.7368421052631576
SUP-CAT2-0559,NexGen Electronics LLC #559,Electronics,Newark,East,contact559@circuitsource.com,0.25925925925925924,0.10205128205128206,0.5263157894736843
SUP-CAT2-0560,ChipHarbor Partners #560,Electronics,Atlanta,South,contact560@chipharbor.com,0.5555555555555556,0.5446153846153846,0.7368421052631576
SUP-CAT2-0561,Circuit Source Partners #561,Electronics,Chicago,East,contact561@chipharbor.com,0.7777777777777778,0.7615384615384615,0.7368421052631576
SUP-CAT2-0562,Voltix LLC #562,Electronics,Atlanta,Central,contact562@circuitsource.com,0.2962962962962963,0.7456410256410256,0.9473684210526315
SUP-CAT2-0563,Amperion Ltd. #563,Electronics,Dallas,Central,contact563@amperion.com,0.07407407407407407,0.45794871794871794,0.5263157894736843
SUP-CAT2-0564,Amperion Supply Chain #564,Electronics,Phoenix,North,contact564@nexgenelectronics.com,0.5925925925925926,0.6676923076923077,0.10526315789473638
SUP-CAT2-0565,NexGen Electronics LLC #565,Electronics,Chicago,South,contact565@nexgenelectronics.com,0.3333333333333333,0.24461538461538462,0.5789473684210528
SUP-CAT2-0566,NexGen Electronics Inc. #566,Electronics,Chicago,West,contact566@voltix.com,0.8518518518518519,0.7097435897435898,0.2631578947368418
SUP-CAT2-0567,ChipHarbor LLC #567,Electronics,Rotterdam,West,contact567@chipharbor.com,0.14814814814814814,0.6066666666666667,0.5263157894736843
SUP-CAT2-0568,Voltix Distributors #568,Electronics,Newark,West,contact568@chipharbor.com,0.4074074074074074,0.5015384615384615,0.3684210526315788
SUP-CAT2-0569,Amperion Wholesale #569,Electronics,Chicago,East,contact569@nexgenelectronics.com,0.2222222222222222,0.8102564102564103,0.4210526315789473
SUP-CAT2-0570,ChipHarbor LLC #570,Electronics,Mumbai,South,contact570@chipharbor.com,0.6666666666666666,0.6682051282051282,0.7894736842105261
SUP-CAT2-0571,Circuit Source Inc. #571,Electronics,Dallas,South,contact571@circuitsource.com,0.037037037037037035,0.09128205128205129,0.4210526315789473
SUP-CAT2-0572,NexGen Electronics Distributors #572,Electronics,Atlanta,East,contact572@nexgenelectronics.com,0.1111111111111111,0.8435897435897436,0.6315789473684212
SUP-CAT2-0573,NexGen Electronics Wholesale #573,Electronics,Mumbai,North,contact573@nexgenelectronics.com,0.4074074074074074,0.6656410256410257,0.47368421052631576
SUP-CAT2-0574,NexGen Electronics Ltd. #574,Electronics,Hanoi,South,contact574@nexgenelectronics.com,0.7777777777777778,0.43846153846153846,0.9473684210526315
SUP-CAT2-0575,ChipHarbor Trading #575,Electronics,Rotterdam,South,contact575@circuitsource.com,0.3333333333333333,0.6861538461538461,0.6315789473684212
SUP-CAT2-0576,Circuit Source Supply Chain #576,Electronics,Newark,West,contact576@circuitsource.com,0.5925925925925926,0.8430769230769231,0.7894736842105261
SUP-CAT2-0577,Circuit Source Co. #577,Electronics,Atlanta,North,contact577@amperion.com,0.5925925925925926,0.5871794871794872,0.9473684210526315
SUP-CAT2-0578,Amperion Distributors #578,Electronics,Hanoi,West,contact578@nexgenelectronics.com,0.48148148148148145,0.8353846153846154,0.8421052631578946
SUP-CAT2-0579,NexGen Electronics Inc. #579,Electronics,Denver,Central,contact579@amperion.com,1.0,0.1841025641025641,1.0
SUP-CAT2-0580,Amperion Co. #580,Electronics,Columbus,Central,contact580@amperion.com,0.8888888888888888,0.3779487179487179,0.8421052631578946
SUP-CAT2-0581,Circuit Source Ltd. #581,Electronics,Chicago,West,contact581@voltix.com,0.7037037037037037,0.11025641025641025,0.894736842105263
SUP-CAT2-0582,Amperion Distributors #582,Electronics,Denver,West,contact582@chipharbor.com,0.1111111111111111,0.20717948717948717,0.5263157894736843
SUP-CAT2-0583,Voltix Distributors #583,Electronics,Newark,South,contact583@chipharbor.com,0.4074074074074074,0.5497435897435897,0.3684210526315788
SUP-CAT2-0584,Amperion Ltd. #584,Electronics,Dallas,North,contact584@amperion.com,0.9259259259259259,0.3425641025641026,0.7894736842105261
SUP-CAT2-0585,NexGen Electronics Wholesale #585,Electronics,Mumbai,North,contact585@circuitsource.com,0.14814814814814814,0.7153846153846154,0.3684210526315788
SUP-CAT2-0586,ChipHarbor Partners #586,Electronics,Rotterdam,Central,contact586@chipharbor.com,0.6296296296296297,0.02205128205128205,0.15789473684210487
SUP-CAT2-0587,Amperion Partners #587,Electronics,Hanoi,West,contact587@amperion.com,0.25925925925925924,0.7343589743589743,0.15789473684210487
SUP-CAT2-0588,Voltix Trading #588,Electronics,Newark,North,contact588@circuitsource.com,0.9629629629629629,0.5671794871794872,0.05263157894736848
SUP-CAT2-0589,Amperion Inc. #589,Electronics,Newark,South,contact589@amperion.com,0.7037037037037037,0.7117948717948718,0.0
SUP-CAT2-0590,Voltix Group #590,Electronics,Chicago,North,contact590@nexgenelectronics.com,0.037037037037037035,0.07794871794871795,0.894736842105263
SUP-CAT2-0591,Amperion Inc. #591,Electronics,Atlanta,East,contact591@chipharbor.com,0.18518518518518517,0.9476923076923077,0.7368421052631576
SUP-CAT2-0592,NexGen Electronics Supply Chain #592,Electronics,Miami,West,contact592@voltix.com,0.8888888888888888,0.36153846153846153,0.7368421052631576
SUP-CAT2-0593,Circuit Source Wholesale #593,Electronics,Newark,North,contact593@nexgenelectronics.com,0.07407407407407407,0.8487179487179487,0.6315789473684212
SUP-CAT2-0594,Voltix Trading #594,Electronics,Columbus,South,contact594@amperion.com,0.4444444444444444,0.5271794871794871,0.4210526315789473
SUP-CAT2-0595,Circuit Source Co. #595,Electronics,Denver,South,contact595@voltix.com,0.7037037037037037,0.7071794871794872,0.10526315789473638
SUP-CAT2-0596,Voltix Distributors #596,Electronics,Mumbai,Central,contact596@voltix.com,0.1111111111111111,0.01641025641025641,0.9473684210526315
SUP-CAT2-0597,Voltix Trading #597,Electronics,Rotterdam,Central,contact597@circuitsource.com,0.7037037037037037,0.7897435897435897,0.8421052631578946
SUP-CAT2-0598,Voltix Inc. #598,Electronics,Hanoi,North,contact598@voltix.com,0.0,0.556923076923077,0.3157894736842103
SUP-CAT2-0599,Circuit Source Wholesale #599,Electronics,Chicago,East,contact599@amperion.com,0.1111111111111111,0.2682051282051282,0.47368421052631576
SUP-CAT2-0600,Circuit Source Distributors #600,Electronics,Columbus,East,contact600@nexgenelectronics.com,0.9629629629629629,0.37846153846153846,0.6842105263157897
SUP-CAT2-0601,ChipHarbor Wholesale #601,Electronics,Rotterdam,East,contact601@circuitsource.com,0.48148148148148145,0.6230769230769231,0.7368421052631576
SUP-CAT2-0602,NexGen Electronics Co. #602,Electronics,Denver,South,contact602@amperion.com,0.5185185185185185,0.8405128205128205,0.7894736842105261
SUP-CAT2-0603,Circuit Source Co. #603,Electronics,Chicago,South,contact603@amperion.com,0.14814814814814814,0.015897435897435898,0.3157894736842103
SUP-CAT2-0604,NexGen Electronics LLC #604,Electronics,Phoenix,East,contact604@nexgenelectronics.com,0.8148148148148148,0.5497435897435897,0.894736842105263
SUP-CAT2-0605,Amperion Group #605,Electronics,Denver,South,contact605@circuitsource.com,0.5185185185185185,0.3425641025641026,0.5789473684210528
SUP-CAT2-0606,NexGen Electronics Co. #606,Electronics,Dallas,West,contact606@circuitsource.com,0.37037037037037035,0.8861538461538462,0.5789473684210528
SUP-CAT2-0607,ChipHarbor Ltd. #607,Electronics,Newark,North,contact607@amperion.com,0.6296296296296297,0.9405128205128205,0.10526315789473638
SUP-CAT2-0608,Amperion Partners #608,Electronics,Osaka,North,contact608@amperion.com,0.2962962962962963,0.4712820512820513,0.05263157894736848
SUP-CAT2-0609,ChipHarbor Group #609,Electronics,Rotterdam,Central,contact609@voltix.com,0.8518518518518519,0.502051282051282,0.47368421052631576
SUP-CAT2-0610,Circuit Source Distributors #610,Electronics,Osaka,Central,contact610@voltix.com,0.6666666666666666,0.5353846153846153,0.10526315789473638
SUP-CAT2-0611,Circuit Source Supply Chain #611,Electronics,Atlanta,North,contact611@circuitsource.com,0.8888888888888888,0.583076923076923,0.05263157894736848
SUP-CAT2-0612,NexGen Electronics Partners #612,Electronics,Denver,West,contact612@chipharbor.com,0.4444444444444444,0.9179487179487179,0.9473684210526315
SUP-CAT2-0613,Amperion Partners #613,Electronics,Mumbai,North,contact613@amperion.com,0.7037037037037037,0.2846153846153846,0.5789473684210528
SUP-CAT2-0614,NexGen Electronics Wholesale #614,Electronics,Denver,Central,contact614@circuitsource.com,0.6666666666666666,0.7338461538461538,0.47368421052631576
SUP-CAT2-0615,ChipHarbor Wholesale #615,Electronics,Columbus,West,contact615@chipharbor.com,0.18518518518518517,0.21076923076923076,0.9473684210526315
SUP-CAT2-0616,NexGen Electronics Partners #616,Electronics,Phoenix,North,contact616@nexgenelectronics.com,0.9629629629629629,0.31846153846153846,0.5789473684210528
SUP-CAT2-0617,Voltix Trading #617,Electronics,Mumbai,South,contact617@voltix.com,0.4444444444444444,0.6287179487179487,0.8421052631578946
SUP-CAT2-0618,Voltix Co. #618,Electronics,Atlanta,East,contact618@voltix.com,0.8888888888888888,0.5338461538461539,0.3157894736842103
SUP-CAT2-0619,NexGen Electronics Inc. #619,Electronics,Columbus,South,contact619@voltix.com,0.2962962962962963,0.35743589743589743,0.894736842105263
SUP-CAT2-0620,ChipHarbor Co. #620,Electronics,Atlanta,Central,contact620@circuitsource.com,0.7037037037037037,0.583076923076923,0.10526315789473638
SUP-CAT2-0621,Circuit Source Supply Chain #621,Electronics,Dallas,South,contact621@circuitsource.com,0.2962962962962963,0.6164102564102564,0.6315789473684212
SUP-CAT2-0622,ChipHarbor Wholesale #622,Electronics,Rotterdam,South,contact622@chipharbor.com,0.4444444444444444,0.5348717948717949,0.2631578947368418
SUP-CAT2-0623,Amperion Distributors #623,Electronics,Mumbai,West,contact623@circuitsource.com,0.037037037037037035,0.26615384615384613,0.9473684210526315
SUP-CAT2-0624,Amperion Ltd. #624,Electronics,Phoenix,North,contact624@nexgenelectronics.com,0.037037037037037035,0.012307692307692308,0.0
SUP-CAT2-0625,ChipHarbor Co. #625,Electronics,Hanoi,West,contact625@nexgenelectronics.com,0.1111111111111111,0.42923076923076925,0.9473684210526315
SUP-CAT2-0626,Amperion Wholesale #626,Electronics,Miami,West,contact626@voltix.com,0.8888888888888888,0.9876923076923076,0.2631578947368418
SUP-CAT2-0627,Amperion Supply Chain #627,Electronics,Shenzhen,Central,contact627@nexgenelectronics.com,0.3333333333333333,0.19743589743589743,1.0
SUP-CAT2-0628,Voltix Inc. #628,Electronics,Mumbai,Central,contact628@voltix.com,0.5925925925925926,0.13435897435897437,0.10526315789473638
SUP-CAT2-0629,NexGen Electronics Co. #629,Electronics,Miami,East,contact629@amperion.com,0.7407407407407407,0.36512820512820515,0.3684210526315788
SUP-CAT2-0630,Circuit Source Group #630,Electronics,Rotterdam,South,contact630@circuitsource.com,0.8888888888888888,0.9056410256410257,0.47368421052631576
SUP-CAT2-0631,NexGen Electronics Partners #631,Electronics,Denver,South,contact631@chipharbor.com,0.5925925925925926,0.21128205128205127,0.15789473684210487
SUP-CAT2-0632,Voltix Ltd. #632,Electronics,Miami,North,contact632@voltix.com,0.5185185185185185,0.13794871794871794,0.5263157894736843
SUP-CAT2-0633,Amperion Distributors #633,Electronics,Rotterdam,North,contact633@voltix.com,0.037037037037037035,0.1835897435897436,0.10526315789473638
SUP-CAT2-0634,Amperion Supply Chain #634,Electronics,Seattle,East,contact634@nexgenelectronics.com,0.037037037037037035,0.5605128205128205,0.9473684210526315
SUP-CAT2-0635,ChipHarbor Wholesale #635,Electronics,Atlanta,South,contact635@circuitsource.com,0.14814814814814814,0.49230769230769234,0.05263157894736848
SUP-CAT2-0636,Voltix Group #636,Electronics,Rotterdam,East,contact636@amperion.com,0.9629629629629629,0.8441025641025641,0.0
SUP-CAT2-0637,NexGen Electronics Trading #637,Electronics,Dallas,North,contact637@nexgenelectronics.com,0.18518518518518517,0.2764102564102564,0.3684210526315788
SUP-CAT2-0638,Amperion Ltd. #638,Electronics,Mumbai,East,contact638@voltix.com,0.5555555555555556,0.26615384615384613,0.8421052631578946
SUP-CAT2-0639,Amperion LLC #639,Electronics,Seattle,East,contact639@nexgenelectronics.com,0.6296296296296297,0.6723076923076923,0.0
SUP-CAT2-0640,Circuit Source Ltd. #640,Electronics,Shenzhen,East,contact640@circuitsource.com,0.2962962962962963,0.9348717948717948,0.894736842105263
SUP-CAT2-0641,Amperion Trading #641,Electronics,Columbus,Central,contact641@nexgenelectronics.com,0.7407407407407407,0.3071794871794872,0.05263157894736848
SUP-CAT2-0642,Voltix Distributors #642,Electronics,Shenzhen,West,contact642@circuitsource.com,0.3333333333333333,0.958974358974359,0.3157894736842103
SUP-CAT2-0643,ChipHarbor Supply Chain #643,Electronics,Phoenix,South,contact643@circuitsource.com,0.8148148148148148,0.7635897435897436,0.9473684210526315
SUP-CAT2-0644,Amperion Inc. #644,Electronics,Miami,Central,contact644@nexgenelectronics.com,0.4074074074074074,0.8451282051282051,0.5263157894736843
SUP-CAT2-0645,ChipHarbor Trading #645,Electronics,Rotterdam,West,contact645@nexgenelectronics.com,0.8518518518518519,0.12564102564102564,0.4210526315789473
SUP-CAT2-0646,Amperion Distributors #646,Electronics,Atlanta,East,contact646@nexgenelectronics.com,0.2222222222222222,0.057435897435897436,0.47368421052631576
SUP-CAT2-0647,Amperion Supply Chain #647,Electronics,Miami,Central,contact647@voltix.com,0.6296296296296297,0.8302564102564103,0.47368421052631576
SUP-CAT2-0648,NexGen Electronics Co. #648,Electronics,Osaka,West,contact648@circuitsource.com,0.4074074074074074,0.8451282051282051,0.47368421052631576
SUP-CAT2-0649,ChipHarbor Supply Chain #649,Electronics,Dallas,South,contact649@circuitsource.com,0.48148148148148145,0.6169230769230769,0.8421052631578946
SUP-CAT2-0650,Circuit Source Distributors #650,Electronics,Miami,North,contact650@amperion.com,0.37037037037037035,0.7574358974358975,0.2631578947368418
SUP-CAT2-0651,Amperion Inc. #651,Electronics,Newark,Central,contact651@circuitsource.com,0.7407407407407407,0.5692307692307692,0.894736842105263
SUP-CAT2-0652,Voltix Distributors #652,Electronics,Seattle,Central,contact652@voltix.com,0.4074074074074074,0.19487179487179487,0.5789473684210528
SUP-CAT2-0653,ChipHarbor LLC #653,Electronics,Hanoi,South,contact653@chipharbor.com,0.14814814814814814,0.13128205128205128,0.894736842105263
SUP-CAT2-0654,Amperion Inc. #654,Electronics,Newark,South,contact654@nexgenelectronics.com,0.7407407407407407,0.2194871794871795,0.4210526315789473
SUP-CAT2-0655,Voltix Distributors #655,Electronics,Mumbai,East,contact655@amperion.com,0.9259259259259259,0.3466666666666667,0.9473684210526315
SUP-CAT2-0656,Voltix Supply Chain #656,Electronics,Mumbai,West,contact656@amperion.com,0.5925925925925926,0.9456410256410256,0.894736842105263
SUP-CAT2-0657,NexGen Electronics Inc. #657,Electronics,Miami,Central,contact657@nexgenelectronics.com,0.8888888888888888,0.2164102564102564,0.05263157894736848
SUP-CAT2-0658,Voltix Co. #658,Electronics,Phoenix,North,contact658@chipharbor.com,0.7037037037037037,0.2774358974358974,0.21052631578947334
SUP-CAT2-0659,Circuit Source Co. #659,Electronics,Osaka,South,contact659@circuitsource.com,0.3333333333333333,0.07282051282051281,0.2631578947368418
SUP-CAT2-0660,Amperion Group #660,Electronics,Atlanta,South,contact660@nexgenelectronics.com,0.5185185185185185,0.921025641025641,0.21052631578947334
SUP-CAT2-0661,Circuit Source Co. #661,Electronics,Osaka,South,contact661@voltix.com,0.5925925925925926,0.378974358974359,0.6842105263157897
SUP-CAT2-0662,Voltix Partners #662,Electronics,Mumbai,North,contact662@circuitsource.com,0.7037037037037037,0.3682051282051282,1.0
SUP-CAT2-0663,Voltix Co. #663,Electronics,Dallas,North,contact663@voltix.com,0.8518518518518519,0.35846153846153844,0.4210526315789473
SUP-CAT2-0664,Amperion Group #664,Electronics,Seattle,North,contact664@amperion.com,0.3333333333333333,0.07282051282051281,0.5789473684210528
SUP-CAT2-0665,ChipHarbor Co. #665,Electronics,Phoenix,Central,contact665@circuitsource.com,0.5555555555555556,0.438974358974359,0.5263157894736843
SUP-CAT2-0666,Voltix LLC #666,Electronics,Columbus,West,contact666@amperion.com,1.0,0.0558974358974359,0.6315789473684212
SUP-CAT2-0667,Circuit Source Partners #667,Electronics,Rotterdam,South,contact667@voltix.com,0.4444444444444444,0.9225641025641026,0.3157894736842103
SUP-CAT2-0668,Voltix Supply Chain #668,Electronics,Atlanta,East,contact668@chipharbor.com,0.37037037037037035,0.14307692307692307,0.7894736842105261
SUP-CAT2-0669,Amperion Co. #669,Electronics,Portland,East,contact669@voltix.com,0.07407407407407407,0.7666666666666667,0.7894736842105261
SUP-CAT2-0670,Voltix Group #670,Electronics,Newark,South,contact670@chipharbor.com,0.3333333333333333,0.7897435897435897,0.9473684210526315
SUP-CAT2-0671,Voltix Group #671,Electronics,Shenzhen,Central,contact671@chipharbor.com,0.9259259259259259,0.12974358974358974,0.15789473684210487
SUP-CAT2-0672,Voltix Partners #672,Electronics,Dallas,South,contact672@chipharbor.com,0.4444444444444444,0.9271794871794872,0.6315789473684212
SUP-CAT2-0673,Circuit Source Group #673,Electronics,Columbus,West,contact673@chipharbor.com,0.9259259259259259,0.12102564102564102,0.6315789473684212
SUP-CAT2-0674,Amperion Trading #674,Electronics,Dallas,South,contact674@amperion.com,0.5185185185185185,0.703076923076923,0.05263157894736848
SUP-CAT2-0675,ChipHarbor Trading #675,Electronics,Newark,West,contact675@amperion.com,0.5555555555555556,0.7015384615384616,0.21052631578947334
SUP-CAT2-0676,Voltix Ltd. #676,Electronics,Newark,North,contact676@chipharbor.com,0.4074074074074074,0.15076923076923077,0.4210526315789473
SUP-CAT2-0677,NexGen Electronics Inc. #677,Electronics,Mumbai,North,contact677@chipharbor.com,0.37037037037037035,0.22153846153846155,0.3684210526315788
SUP-CAT2-0678,Circuit Source Supply Chain #678,Electronics,Shenzhen,North,contact678@circuitsource.com,0.0,0.11794871794871795,0.3684210526315788
SUP-CAT2-0679,Circuit Source LLC #679,Electronics,Shenzhen,West,contact679@voltix.com,0.5555555555555556,0.8276923076923077,0.0
SUP-CAT2-0680,Circuit Source Supply Chain #680,Electronics,Rotterdam,South,contact680@nexgenelectronics.com,0.9259259259259259,0.18666666666666668,0.5263157894736843
SUP-CAT2-0681,ChipHarbor Co. #681,Electronics,Shenzhen,South,contact681@voltix.com,0.7777777777777778,0.22974358974358974,0.6842105263157897
SUP-CAT2-0682,ChipHarbor Inc. #682,Electronics,Rotterdam,Central,contact682@circuitsource.com,0.7777777777777778,0.47384615384615386,0.6842105263157897
SUP-CAT2-0683,Amperion Co. #683,Electronics,Phoenix,West,contact683@voltix.com,0.48148148148148145,0.5097435897435898,0.05263157894736848
SUP-CAT2-0684,NexGen Electronics Wholesale #684,Electronics,Osaka,East,contact684@amperion.com,0.2222222222222222,0.3528205128205128,0.3684210526315788
SUP-CAT2-0685,NexGen Electronics LLC #685,Electronics,Columbus,East,contact685@voltix.com,0.5925925925925926,0.03641025641025641,0.6842105263157897
SUP-CAT2-0686,Amperion Group #686,Electronics,Portland,South,contact686@amperion.com,0.4444444444444444,0.8902564102564102,0.894736842105263
SUP-CAT2-0687,Voltix LLC #687,Electronics,Miami,West,contact687@amperion.com,0.18518518518518517,0.9051282051282051,0.05263157894736848
SUP-CAT2-0688,Amperion Group #688,Electronics,Osaka,Central,contact688@circuitsource.com,0.5555555555555556,0.3046153846153846,0.10526315789473638
SUP-CAT2-0689,Voltix Inc. #689,Electronics,Columbus,West,contact689@amperion.com,0.48148148148148145,0.2528205128205128,0.7368421052631576
SUP-CAT2-0690,Circuit Source Trading #690,Electronics,Atlanta,West,contact690@circuitsource.com,0.9629629629629629,0.14666666666666667,0.5789473684210528
SUP-CAT2-0691,Voltix Wholesale #691,Electronics,Mumbai,South,contact691@circuitsource.com,0.07407407407407407,0.4502564102564103,0.10526315789473638
SUP-CAT2-0692,Circuit Source Partners #692,Electronics,Phoenix,West,contact692@chipharbor.com,0.6296296296296297,0.24615384615384617,0.05263157894736848
SUP-CAT2-0693,Voltix Wholesale #693,Electronics,Shenzhen,South,contact693@voltix.com,0.7037037037037037,0.8958974358974359,0.8421052631578946
SUP-CAT2-0694,Voltix Group #694,Electronics,Osaka,Central,contact694@chipharbor.com,0.18518518518518517,0.19230769230769232,0.15789473684210487
SUP-CAT2-0695,Amperion Distributors #695,Electronics,Denver,East,contact695@nexgenelectronics.com,0.8888888888888888,0.9723076923076923,0.7894736842105261
SUP-CAT2-0696,Voltix Distributors #696,Electronics,Seattle,West,contact696@amperion.com,0.18518518518518517,0.9938461538461538,0.05263157894736848
SUP-CAT2-0697,NexGen Electronics LLC #697,Electronics,Seattle,West,contact697@chipharbor.com,0.0,0.09948717948717949,0.894736842105263
SUP-CAT2-0698,Voltix LLC #698,Electronics,Hanoi,North,contact698@circuitsource.com,0.8148148148148148,0.961025641025641,0.9473684210526315
SUP-CAT2-0699,ChipHarbor Trading #699,Electronics,Portland,West,contact699@amperion.com,0.6296296296296297,0.581025641025641,0.0
SUP-CAT2-0700,NexGen Electronics Partners #700,Electronics,Portland,North,contact700@amperion.com,0.25925925925925924,0.7928205128205128,0.5263157894736843
SUP-CAT2-0701,Amperion Ltd. #701,Electronics,Chicago,Central,contact701@circuitsource.com,0.14814814814814814,0.9933333333333333,0.6315789473684212
SUP-CAT2-0702,ChipHarbor Supply Chain #702,Electronics,Portland,Central,contact702@voltix.com,0.7037037037037037,0.5492307692307692,0.5263157894736843
SUP-CAT2-0703,NexGen Electronics Wholesale #703,Electronics,Columbus,West,contact703@voltix.com,0.5555555555555556,0.02205128205128205,0.7368421052631576
SUP-CAT2-0704,Circuit Source Supply Chain #704,Electronics,Shenzhen,East,contact704@voltix.com,1.0,0.9753846153846154,0.2631578947368418
SUP-CAT2-0705,Amperion Trading #705,Electronics,Miami,North,contact705@nexgenelectronics.com,0.14814814814814814,0.8046153846153846,0.47368421052631576
SUP-CAT2-0706,Amperion Ltd. #706,Electronics,Hanoi,South,contact706@chipharbor.com,0.8888888888888888,0.7430769230769231,0.7894736842105261
SUP-CAT2-0707,ChipHarbor Trading #707,Electronics,Seattle,Central,contact707@chipharbor.com,0.3333333333333333,0.7569230769230769,0.8421052631578946
SUP-CAT2-0708,NexGen Electronics LLC #708,Electronics,Newark,West,contact708@chipharbor.com,0.8148148148148148,0.9584615384615385,0.5789473684210528
SUP-CAT2-0709,Voltix Partners #709,Electronics,Hanoi,South,contact709@voltix.com,0.8148148148148148,0.7276923076923076,0.05263157894736848
SUP-CAT2-0710,ChipHarbor Trading #710,Electronics,Phoenix,South,contact710@nexgenelectronics.com,0.8148148148148148,0.8461538461538461,0.3684210526315788
SUP-CAT2-0711,NexGen Electronics Ltd. #711,Electronics,Dallas,Central,contact711@circuitsource.com,0.25925925925925924,0.7974358974358975,0.5789473684210528
SUP-CAT2-0712,ChipHarbor Distributors #712,Electronics,Phoenix,Central,contact712@voltix.com,0.37037037037037035,0.6948717948717948,0.7894736842105261
SUP-CAT2-0713,ChipHarbor Trading #713,Electronics,Miami,East,contact713@chipharbor.com,0.07407407407407407,0.49538461538461537,0.15789473684210487
SUP-CAT2-0714,Circuit Source Group #714,Electronics,Newark,East,contact714@amperion.com,1.0,0.15897435897435896,0.6315789473684212
SUP-CAT2-0715,ChipHarbor Co. #715,Electronics,Denver,East,contact715@circuitsource.com,0.7777777777777778,0.9635897435897436,0.7894736842105261
SUP-CAT2-0716,ChipHarbor Trading #716,Electronics,Rotterdam,Central,contact716@chipharbor.com,0.8148148148148148,0.19282051282051282,0.9473684210526315
SUP-CAT2-0717,Amperion Co. #717,Electronics,Hanoi,East,contact717@voltix.com,0.9259259259259259,0.8112820512820513,0.5789473684210528
SUP-CAT2-0718,NexGen Electronics Supply Chain #718,Electronics,Miami,Central,contact718@voltix.com,0.7777777777777778,0.35384615384615387,0.47368421052631576
SUP-CAT2-0719,Circuit Source Group #719,Electronics,Columbus,South,contact719@circuitsource.com,0.5185185185185185,0.49435897435897436,1.0
SUP-CAT2-0720,Circuit Source LLC #720,Electronics,Atlanta,North,contact720@amperion.com,0.8148148148148148,0.7671794871794871,0.3684210526315788
SUP-CAT2-0721,Circuit Source Inc. #721,Electronics,Dallas,West,contact721@circuitsource.com,0.8518518518518519,0.9497435897435897,0.4210526315789473
SUP-CAT2-0722,Amperion Trading #722,Electronics,Newark,North,contact722@circuitsource.com,0.9629629629629629,0.22512820512820514,0.7368421052631576
SUP-CAT2-0723,Amperion Distributors #723,Electronics,Portland,Central,contact723@chipharbor.com,1.0,0.5148717948717949,0.0
SUP-CAT2-0724,NexGen Electronics Wholesale #724,Electronics,Phoenix,East,contact724@nexgenelectronics.com,0.25925925925925924,0.5543589743589744,0.47368421052631576
SUP-CAT2-0725,Voltix Inc. #725,Electronics,Mumbai,West,contact725@amperion.com,0.14814814814814814,0.6630769230769231,0.3684210526315788
SUP-CAT2-0726,NexGen Electronics Wholesale #726,Electronics,Shenzhen,South,contact726@voltix.com,0.1111111111111111,0.13025641025641024,0.3684210526315788
SUP-CAT2-0727,Amperion LLC #727,Electronics,Dallas,Central,contact727@nexgenelectronics.com,1.0,0.17794871794871794,0.47368421052631576
SUP-CAT2-0728,NexGen Electronics Group #728,Electronics,Denver,West,contact728@circuitsource.com,0.8518518518518519,0.877948717948718,0.5789473684210528
SUP-CAT2-0729,Voltix Supply Chain #729,Electronics,Hanoi,East,contact729@amperion.com,0.18518518518518517,0.005128205128205128,0.3684210526315788
SUP-CAT2-0730,ChipHarbor Distributors #730,Electronics,Dallas,West,contact730@amperion.com,0.25925925925925924,0.6630769230769231,0.10526315789473638
SUP-CAT2-0731,ChipHarbor Group #731,Electronics,Hanoi,North,contact731@chipharbor.com,0.8888888888888888,0.882051282051282,0.7894736842105261
SUP-CAT2-0732,ChipHarbor Wholesale #732,Electronics,Miami,South,contact732@voltix.com,0.9629629629629629,0.7364102564102564,0.5263157894736843
SUP-CAT2-0733,ChipHarbor LLC #733,Electronics,Atlanta,North,contact733@circuitsource.com,0.2962962962962963,0.7338461538461538,0.5263157894736843
SUP-CAT2-0734,ChipHarbor Supply Chain #734,Electronics,Columbus,West,contact734@chipharbor.com,0.37037037037037035,0.12666666666666668,0.894736842105263
SUP-CAT2-0735,ChipHarbor Group #735,Electronics,Denver,South,contact735@chipharbor.com,0.037037037037037035,0.9723076923076923,0.3157894736842103
SUP-CAT2-0736,NexGen Electronics Ltd. #736,Electronics,Seattle,West,contact736@chipharbor.com,0.0,0.49435897435897436,0.3157894736842103
SUP-CAT2-0737,Circuit Source Group #737,Electronics,Chicago,North,contact737@amperion.com,0.2962962962962963,0.7892307692307692,0.2631578947368418
SUP-CAT2-0738,Circuit Source Inc. #738,Electronics,Atlanta,Central,contact738@voltix.com,0.5555555555555556,0.04512820512820513,0.4210526315789473
SUP-CAT2-0739,Circuit Source Trading #739,Electronics,Dallas,West,contact739@chipharbor.com,0.6296296296296297,0.22205128205128205,0.7894736842105261
SUP-CAT2-0740,Amperion Group #740,Electronics,Shenzhen,South,contact740@amperion.com,0.037037037037037035,0.5723076923076923,0.5789473684210528
SUP-CAT2-0741,Voltix Trading #741,Electronics,Denver,North,contact741@amperion.com,1.0,0.5564102564102564,0.5263157894736843
SUP-CAT2-0742,Amperion Distributors #742,Electronics,Hanoi,South,contact742@chipharbor.com,0.2962962962962963,0.48923076923076925,0.05263157894736848
SUP-CAT2-0743,NexGen Electronics Distributors #743,Electronics,Chicago,South,contact743@amperion.com,0.48148148148148145,0.8564102564102564,0.47368421052631576
SUP-CAT2-0744,Circuit Source Distributors #744,Electronics,Osaka,Central,contact744@amperion.com,0.3333333333333333,0.7148717948717949,0.05263157894736848
SUP-CAT2-0745,NexGen Electronics Wholesale #745,Electronics,Shenzhen,North,contact745@circuitsource.com,0.8518518518518519,0.3764102564102564,0.7894736842105261
SUP-CAT2-0746,Amperion Trading #746,Electronics,Newark,Central,contact746@circuitsource.com,0.5185185185185185,0.9056410256410257,0.10526315789473638
SUP-CAT2-0747,Circuit Source Partners #747,Electronics,Hanoi,South,contact747@amperion.com,0.07407407407407407,0.21794871794871795,0.6842105263157897
SUP-CAT2-0748,ChipHarbor Ltd. #748,Electronics,Osaka,Central,contact748@chipharbor.com,0.14814814814814814,0.8538461538461538,0.6842105263157897
SUP-CAT2-0749,Amperion Co. #749,Electronics,Mumbai,Central,contact749@circuitsource.com,0.5925925925925926,0.94,0.3157894736842103
SUP-CAT2-0750,Circuit Source LLC #750,Electronics,Chicago,West,contact750@voltix.com,0.07407407407407407,0.9543589743589743,0.2631578947368418
SUP-CAT2-0751,ChipHarbor Partners #751,Electronics,Denver,East,contact751@nexgenelectronics.com,0.1111111111111111,0.8558974358974359,0.5789473684210528
SUP-CAT2-0752,NexGen Electronics Ltd. #752,Electronics,Rotterdam,East,contact752@nexgenelectronics.com,0.8518518518518519,0.7225641025641025,0.7368421052631576
SUP-CAT2-0753,Amperion LLC #753,Electronics,Rotterdam,South,contact753@chipharbor.com,0.8888888888888888,0.6974358974358974,0.21052631578947334
SUP-CAT2-0754,Voltix Supply Chain #754,Electronics,Columbus,North,contact754@amperion.com,0.8148148148148148,0.5738461538461539,0.5789473684210528
SUP-CAT2-0755,NexGen Electronics Ltd. #755,Electronics,Osaka,North,contact755@nexgenelectronics.com,1.0,0.5117948717948718,0.4210526315789473
SUP-CAT2-0756,ChipHarbor Distributors #756,Electronics,Miami,West,contact756@amperion.com,0.4444444444444444,0.7271794871794872,0.10526315789473638
SUP-CAT2-0757,Circuit Source Partners #757,Electronics,Phoenix,West,contact757@circuitsource.com,0.5555555555555556,0.8369230769230769,0.3684210526315788
SUP-CAT2-0758,NexGen Electronics Distributors #758,Electronics,Chicago,West,contact758@amperion.com,0.48148148148148145,0.902051282051282,0.5263157894736843
SUP-CAT2-0759,Circuit Source Distributors #759,Electronics,Denver,Central,contact759@circuitsource.com,0.3333333333333333,0.88,0.2631578947368418
SUP-CAT2-0760,Circuit Source Group #760,Electronics,Denver,East,contact760@nexgenelectronics.com,0.5555555555555556,0.28615384615384615,0.8421052631578946
SUP-CAT2-0761,NexGen Electronics Ltd. #761,Electronics,Columbus,Central,contact761@nexgenelectronics.com,0.3333333333333333,0.6328205128205128,0.4210526315789473
SUP-CAT2-0762,NexGen Electronics Partners #762,Electronics,Dallas,South,contact762@nexgenelectronics.com,0.8518518518518519,0.1841025641025641,0.10526315789473638
SUP-CAT2-0763,Voltix Inc. #763,Electronics,Mumbai,South,contact763@nexgenelectronics.com,0.8518518518518519,0.9969230769230769,0.47368421052631576
SUP-CAT2-0764,ChipHarbor Group #764,Electronics,Seattle,Central,contact764@chipharbor.com,0.7777777777777778,0.5266666666666666,0.2631578947368418
SUP-CAT2-0765,Circuit Source Co. #765,Electronics,Seattle,South,contact765@amperion.com,0.8518518518518519,0.6538461538461539,0.5263157894736843
SUP-CAT2-0766,ChipHarbor Wholesale #766,Electronics,Hanoi,West,contact766@chipharbor.com,0.1111111111111111,0.9251282051282051,0.2631578947368418
SUP-CAT2-0767,Voltix Supply Chain #767,Electronics,Seattle,Central,contact767@chipharbor.com,0.14814814814814814,0.6415384615384615,0.8421052631578946
SUP-CAT2-0768,NexGen Electronics Group #768,Electronics,Newark,West,contact768@circuitsource.com,0.4074074074074074,0.4153846153846154,0.4210526315789473
SUP-CAT2-0769,ChipHarbor Inc. #769,Electronics,Newark,South,contact769@amperion.com,0.6296296296296297,0.8123076923076923,0.4210526315789473
SUP-CAT2-0770,Amperion Distributors #770,Electronics,Dallas,Central,contact770@voltix.com,0.25925925925925924,0.19846153846153847,0.3157894736842103
SUP-CAT2-0771,Amperion Trading #771,Electronics,Seattle,Central,contact771@nexgenelectronics.com,0.4444444444444444,0.8194871794871795,0.7894736842105261
SUP-CAT2-0772,Amperion Wholesale #772,Electronics,Hanoi,North,contact772@amperion.com,0.25925925925925924,0.961025641025641,0.15789473684210487
SUP-CAT2-0773,NexGen Electronics Wholesale #773,Electronics,Chicago,Central,contact773@circuitsource.com,0.5925925925925926,0.15282051282051282,0.6842105263157897
SUP-CAT2-0774,ChipHarbor Ltd. #774,Electronics,Atlanta,Central,contact774@chipharbor.com,0.2962962962962963,0.5061538461538462,0.05263157894736848
SUP-CAT2-0775,Circuit Source Wholesale #775,Electronics,Portland,Central,contact775@nexgenelectronics.com,0.5185185185185185,0.21846153846153846,0.05263157894736848
SUP-CAT2-0776,Voltix Distributors #776,Electronics,Newark,South,contact776@voltix.com,0.2222222222222222,0.054871794871794874,0.7894736842105261
SUP-CAT2-0777,Voltix Wholesale #777,Electronics,Osaka,West,contact777@chipharbor.com,0.4444444444444444,0.8369230769230769,0.10526315789473638
SUP-CAT2-0778,Circuit Source Inc. #778,Electronics,Osaka,South,contact778@nexgenelectronics.com,0.7037037037037037,0.06564102564102564,0.6842105263157897
SUP-CAT2-0779,Amperion Supply Chain #779,Electronics,Hanoi,West,contact779@amperion.com,0.7037037037037037,0.358974358974359,0.4210526315789473
SUP-CAT2-0780,ChipHarbor Inc. #780,Electronics,Newark,South,contact780@circuitsource.com,0.9259259259259259,0.10307692307692308,0.6842105263157897
SUP-CAT2-0781,Amperion LLC #781,Electronics,Atlanta,West,contact781@nexgenelectronics.com,0.4074074074074074,0.3712820512820513,0.05263157894736848
SUP-CAT2-0782,NexGen Electronics Wholesale #782,Electronics,Hanoi,North,contact782@circuitsource.com,0.2962962962962963,0.22,1.0
SUP-CAT2-0783,Circuit Source Supply Chain #783,Electronics,Miami,South,contact783@chipharbor.com,0.8518518518518519,0.9117948717948718,0.3684210526315788
SUP-CAT2-0784,ChipHarbor Inc. #784,Electronics,Miami,South,contact784@nexgenelectronics.com,0.48148148148148145,0.7164102564102565,0.05263157894736848
SUP-CAT2-0785,Amperion Wholesale #785,Electronics,Denver,North,contact785@circuitsource.com,0.18518518518518517,0.9015384615384615,0.7368421052631576
SUP-CAT2-0786,Voltix Ltd. #786,Electronics,Osaka,West,contact786@nexgenelectronics.com,0.5185185185185185,0.7107692307692308,0.5789473684210528
SUP-CAT2-0787,ChipHarbor Supply Chain #787,Electronics,Atlanta,Central,contact787@voltix.com,0.7777777777777778,0.14307692307692307,0.894736842105263
SUP-CAT2-0788,NexGen Electronics Distributors #788,Electronics,Dallas,Central,contact788@chipharbor.com,0.2222222222222222,0.24666666666666667,0.3157894736842103
SUP-CAT2-0789,Amperion Supply Chain #789,Electronics,Denver,North,contact789@chipharbor.com,0.4074074074074074,0.617948717948718,0.7894736842105261
SUP-CAT2-0790,Circuit Source Supply Chain #790,Electronics,Newark,Central,contact790@voltix.com,1.0,0.11282051282051282,0.6842105263157897
SUP-CAT2-0791,ChipHarbor Group #791,Electronics,Miami,North,contact791@voltix.com,0.9259259259259259,0.041025641025641026,0.05263157894736848
SUP-CAT2-0792,Voltix Co. #792,Electronics,Seattle,Central,contact792@chipharbor.com,0.9629629629629629,0.9194871794871795,0.894736842105263
SUP-CAT2-0793,NexGen Electronics Supply Chain #793,Electronics,Osaka,South,contact793@amperion.com,0.0,0.9497435897435897,0.8421052631578946
SUP-CAT2-0794,NexGen Electronics Group #794,Electronics,Shenzhen,South,contact794@chipharbor.com,0.25925925925925924,0.25435897435897437,0.2631578947368418
SUP-CAT2-0795,Voltix Group #795,Electronics,Seattle,East,contact795@chipharbor.com,0.37037037037037035,0.6841025641025641,0.3157894736842103
SUP-CAT2-0796,Amperion Supply Chain #796,Electronics,Dallas,North,contact796@nexgenelectronics.com,0.07407407407407407,0.0041025641025641026,0.05263157894736848
SUP-CAT2-0797,NexGen Electronics Supply Chain #797,Electronics,Shenzhen,West,contact797@voltix.com,0.5925925925925926,0.8615384615384616,0.4210526315789473
SUP-CAT2-0798,Voltix Supply Chain #798,Electronics,Denver,Central,contact798@circuitsource.com,0.2962962962962963,0.42102564102564105,0.5789473684210528
SUP-CAT2-0799,ChipHarbor Group #799,Electronics,Denver,East,contact799@circuitsource.com,0.7407407407407407,0.43641025641025644,0.0
SUP-CAT2-0800,Circuit Source Group #800,Electronics,Phoenix,West,contact800@nexgenelectronics.com,0.7037037037037037,0.884102564102564,0.7894736842105261
SUP-CAT2-0801,Amperion Co. #801,Electronics,Chicago,Central,contact801@circuitsource.com,0.4444444444444444,0.9887179487179487,0.21052631578947334
SUP-CAT2-0802,ChipHarbor Supply Chain #802,Electronics,Seattle,West,contact802@amperion.com,1.0,0.1641025641025641,0.05263157894736848
SUP-CAT2-0803,Circuit Source Ltd. #803,Electronics,Portland,East,contact803@chipharbor.com,0.4444444444444444,0.882051282051282,0.3684210526315788
SUP-CAT2-0804,ChipHarbor Inc. #804,Electronics,Dallas,Central,contact804@circuitsource.com,0.6296296296296297,0.9717948717948718,0.7894736842105261
SUP-CAT2-0805,NexGen Electronics Wholesale #805,Electronics,Osaka,Central,contact805@circuitsource.com,0.7037037037037037,0.08051282051282051,0.3157894736842103
SUP-CAT2-0806,Circuit Source Supply Chain #806,Electronics,Mumbai,Central,contact806@amperion.com,0.9259259259259259,0.7261538461538461,0.8421052631578946
SUP-CAT2-0807,NexGen Electronics Supply Chain #807,Electronics,Osaka,North,contact807@chipharbor.com,0.5555555555555556,0.43025641025641026,0.7894736842105261
SUP-CAT2-0808,ChipHarbor Group #808,Electronics,Dallas,East,contact808@circuitsource.com,0.7777777777777778,0.9282051282051282,0.7368421052631576
SUP-CAT2-0809,Circuit Source Group #809,Electronics,Hanoi,North,contact809@chipharbor.com,0.6296296296296297,0.10923076923076923,0.10526315789473638
SUP-CAT2-0810,ChipHarbor Distributors #810,Electronics,Rotterdam,West,contact810@voltix.com,0.6296296296296297,0.6512820512820513,0.3684210526315788
SUP-CAT2-0811,Amperion Ltd. #811,Electronics,Seattle,North,contact811@amperion.com,0.5925925925925926,0.6441025641025641,0.894736842105263
SUP-CAT2-0812,Amperion Ltd. #812,Electronics,Columbus,Central,contact812@voltix.com,0.0,0.23076923076923078,0.0
SUP-CAT2-0813,NexGen Electronics Trading #813,Electronics,Osaka,North,contact813@chipharbor.com,0.37037037037037035,0.2794871794871795,0.6842105263157897
SUP-CAT2-0814,ChipHarbor Inc. #814,Electronics,Rotterdam,North,contact814@voltix.com,0.7777777777777778,0.31743589743589745,0.4210526315789473
SUP-CAT2-0815,ChipHarbor Trading #815,Electronics,Shenzhen,West,contact815@circuitsource.com,0.9629629629629629,0.06871794871794872,0.6315789473684212
SUP-CAT2-0816,Voltix Distributors #816,Electronics,Portland,East,contact816@circuitsource.com,0.7037037037037037,0.18769230769230769,0.5789473684210528
SUP-CAT2-0817,NexGen Electronics Ltd. #817,Electronics,Atlanta,West,contact817@chipharbor.com,0.3333333333333333,0.8856410256410256,0.9473684210526315
SUP-CAT2-0818,Circuit Source Group #818,Electronics,Rotterdam,Central,contact818@voltix.com,0.0,0.47897435897435897,0.6315789473684212
SUP-CAT2-0819,ChipHarbor Trading #819,Electronics,Chicago,South,contact819@voltix.com,0.7037037037037037,0.5856410256410256,0.5263157894736843
SUP-CAT2-0820,NexGen Electronics Ltd. #820,Electronics,Newark,West,contact820@nexgenelectronics.com,0.37037037037037035,0.1641025641025641,0.7894736842105261
SUP-CAT2-0821,Amperion Distributors #821,Electronics,Miami,West,contact821@voltix.com,0.7037037037037037,0.9374358974358974,0.4210526315789473
SUP-CAT2-0822,NexGen Electronics Ltd. #822,Electronics,Newark,Central,contact822@voltix.com,0.7777777777777778,0.4107692307692308,0.5263157894736843
SUP-CAT2-0823,NexGen Electronics Partners #823,Electronics,Rotterdam,Central,contact823@amperion.com,0.7407407407407407,0.8220512820512821,0.9473684210526315
SUP-CAT2-0824,Amperion Wholesale #824,Electronics,Hanoi,West,contact824@amperion.com,0.5185185185185185,0.38974358974358975,0.5263157894736843
SUP-CAT2-0825,Circuit Source Wholesale #825,Electronics,Miami,Central,contact825@nexgenelectronics.com,0.037037037037037035,0.5548717948717948,0.4210526315789473
SUP-CAT2-0826,NexGen Electronics Ltd. #826,Electronics,Chicago,West,contact826@chipharbor.com,0.48148148148148145,0.11487179487179487,0.6315789473684212
SUP-CAT2-0827,Amperion Ltd. #827,Electronics,Columbus,South,contact827@circuitsource.com,0.9259259259259259,0.7543589743589744,0.3157894736842103
SUP-CAT2-0828,NexGen Electronics LLC #828,Electronics,Atlanta,West,contact828@circuitsource.com,0.0,0.8892307692307693,0.6315789473684212
SUP-CAT2-0829,NexGen Electronics Inc. #829,Electronics,Columbus,East,contact829@voltix.com,0.1111111111111111,0.25076923076923074,0.6315789473684212
SUP-CAT2-0830,Voltix Group #830,Electronics,Hanoi,South,contact830@amperion.com,0.037037037037037035,0.9205128205128205,0.47368421052631576
SUP-CAT2-0831,NexGen Electronics Group #831,Electronics,Dallas,West,contact831@voltix.com,0.5925925925925926,0.2969230769230769,0.4210526315789473
SUP-CAT2-0832,Circuit Source LLC #832,Electronics,Phoenix,South,contact832@voltix.com,1.0,0.2907692307692308,0.10526315789473638
SUP-CAT2-0833,Amperion Trading #833,Electronics,Mumbai,West,contact833@voltix.com,0.14814814814814814,0.49743589743589745,0.3684210526315788
SUP-CAT2-0834,Amperion LLC #834,Electronics,Shenzhen,North,contact834@voltix.com,0.48148148148148145,0.9374358974358974,0.7368421052631576
SUP-CAT2-0835,Circuit Source Partners #835,Electronics,Newark,Central,contact835@voltix.com,0.7037037037037037,0.050256410256410255,0.3157894736842103
SUP-CAT2-0836,Amperion Distributors #836,Electronics,Shenzhen,West,contact836@chipharbor.com,1.0,0.5333333333333333,0.9473684210526315
SUP-CAT2-0837,ChipHarbor Supply Chain #837,Electronics,Hanoi,East,contact837@voltix.com,0.1111111111111111,0.6861538461538461,0.6842105263157897
SUP-CAT2-0838,Voltix LLC #838,Electronics,Atlanta,North,contact838@circuitsource.com,0.8148148148148148,0.8276923076923077,0.10526315789473638
SUP-CAT2-0839,ChipHarbor LLC #839,Electronics,Newark,South,contact839@circuitsource.com,0.9259259259259259,0.4230769230769231,0.2631578947368418
SUP-CAT2-0840,NexGen Electronics Supply Chain #840,Electronics,Columbus,East,contact840@chipharbor.com,0.7407407407407407,0.7405128205128205,1.0
SUP-CAT2-0841,ChipHarbor Inc. #841,Electronics,Seattle,North,contact841@voltix.com,0.5555555555555556,0.2876923076923077,0.05263157894736848
SUP-CAT2-0842,Voltix Ltd. #842,Electronics,Portland,South,contact842@chipharbor.com,0.9259259259259259,0.9153846153846154,0.3157894736842103
SUP-CAT2-0843,ChipHarbor Distributors #843,Electronics,Denver,West,contact843@nexgenelectronics.com,0.0,0.8184615384615385,0.10526315789473638
SUP-CAT2-0844,ChipHarbor Supply Chain #844,Electronics,Columbus,West,contact844@chipharbor.com,1.0,0.3758974358974359,0.894736842105263
SUP-CAT2-0845,Voltix Group #845,Electronics,Atlanta,South,contact845@amperion.com,0.25925925925925924,0.1676923076923077,0.15789473684210487
SUP-CAT2-0846,Circuit Source Group #846,Electronics,Portland,Central,contact846@chipharbor.com,0.18518518518518517,0.7558974358974359,0.7894736842105261
SUP-CAT2-0847,Circuit Source Supply Chain #847,Electronics,Columbus,South,contact847@circuitsource.com,0.37037037037037035,0.2164102564102564,0.0
SUP-CAT2-0848,Voltix Ltd. #848,Electronics,Portland,East,contact848@amperion.com,1.0,0.1476923076923077,0.2631578947368418
SUP-CAT2-0849,Voltix Distributors #849,Electronics,Portland,East,contact849@amperion.com,0.5555555555555556,0.6076923076923076,0.47368421052631576
SUP-CAT2-0850,ChipHarbor Co. #850,Electronics,Denver,Central,contact850@circuitsource.com,1.0,0.11692307692307692,0.15789473684210487
SUP-CAT2-0851,ChipHarbor Group #851,Electronics,Seattle,Central,contact851@voltix.com,0.2222222222222222,0.9846153846153847,0.10526315789473638
SUP-CAT2-0852,Circuit Source Trading #852,Electronics,Portland,South,contact852@nexgenelectronics.com,0.48148148148148145,0.5594871794871795,0.10526315789473638
SUP-CAT2-0853,NexGen Electronics Ltd. #853,Electronics,Dallas,North,contact853@circuitsource.com,0.3333333333333333,0.6594871794871795,1.0
SUP-CAT2-0854,Amperion Partners #854,Electronics,Rotterdam,North,contact854@voltix.com,0.6666666666666666,0.598974358974359,0.0
SUP-CAT2-0855,NexGen Electronics Wholesale #855,Electronics,Columbus,North,contact855@voltix.com,0.18518518518518517,0.6687179487179488,0.21052631578947334
SUP-CAT2-0856,ChipHarbor Group #856,Electronics,Newark,West,contact856@chipharbor.com,0.8518518518518519,0.27897435897435896,0.47368421052631576
SUP-CAT2-0857,NexGen Electronics Group #857,Electronics,Seattle,East,contact857@nexgenelectronics.com,0.037037037037037035,0.41384615384615386,0.8421052631578946
SUP-CAT2-0858,Voltix LLC #858,Electronics,Hanoi,Central,contact858@voltix.com,0.07407407407407407,0.14923076923076922,0.3157894736842103
SUP-CAT2-0859,NexGen Electronics Co. #859,Electronics,Seattle,West,contact859@circuitsource.com,0.2962962962962963,0.7984615384615384,0.6315789473684212
SUP-CAT2-0860,NexGen Electronics Wholesale #860,Electronics,Denver,South,contact860@circuitsource.com,0.5185185185185185,0.5558974358974359,0.10526315789473638
SUP-CAT2-0861,Voltix Partners #861,Electronics,Newark,North,contact861@nexgenelectronics.com,0.4074074074074074,0.8697435897435898,0.6315789473684212
SUP-CAT2-0862,Voltix LLC #862,Electronics,Denver,South,contact862@circuitsource.com,0.7037037037037037,0.8923076923076924,0.0
SUP-CAT2-0863,NexGen Electronics Inc. #863,Electronics,Rotterdam,South,contact863@nexgenelectronics.com,0.037037037037037035,0.6887179487179487,0.3157894736842103
SUP-CAT2-0864,ChipHarbor Partners #864,Electronics,Columbus,South,contact864@voltix.com,1.0,0.5671794871794872,0.3684210526315788
SUP-CAT2-0865,Amperion Inc. #865,Electronics,Seattle,West,contact865@chipharbor.com,0.48148148148148145,0.358974358974359,0.5263157894736843
SUP-CAT2-0866,Voltix Distributors #866,Electronics,Shenzhen,North,contact866@nexgenelectronics.com,0.5555555555555556,0.6405128205128205,0.21052631578947334
SUP-CAT2-0867,ChipHarbor Wholesale #867,Electronics,Mumbai,South,contact867@amperion.com,0.9629629629629629,0.1358974358974359,0.15789473684210487
SUP-CAT2-0868,NexGen Electronics Supply Chain #868,Electronics,Hanoi,Central,contact868@circuitsource.com,0.9259259259259259,0.6061538461538462,0.6315789473684212
SUP-CAT2-0869,NexGen Electronics Ltd. #869,Electronics,Osaka,West,contact869@nexgenelectronics.com,0.7407407407407407,0.6820512820512821,0.6842105263157897
SUP-CAT2-0870,Amperion Co. #870,Electronics,Columbus,West,contact870@voltix.com,0.6666666666666666,0.1758974358974359,0.6842105263157897
SUP-CAT2-0871,ChipHarbor LLC #871,Electronics,Osaka,Central,contact871@nexgenelectronics.com,0.37037037037037035,0.04153846153846154,0.3157894736842103
SUP-CAT2-0872,Voltix Distributors #872,Electronics,Dallas,North,contact872@circuitsource.com,0.18518518518518517,0.8830769230769231,0.2631578947368418
SUP-CAT2-0873,Amperion Co. #873,Electronics,Hanoi,West,contact873@nexgenelectronics.com,0.9259259259259259,0.1117948717948718,0.5263157894736843
SUP-CAT2-0874,ChipHarbor Ltd. #874,Electronics,Columbus,North,contact874@amperion.com,0.5185185185185185,0.6153846153846154,0.5263157894736843
SUP-CAT2-0875,Amperion Distributors #875,Electronics,Miami,Central,contact875@chipharbor.com,0.8518518518518519,0.34564102564102567,0.05263157894736848
SUP-CAT2-0876,Amperion Inc. #876,Electronics,Miami,East,contact876@voltix.com,0.7407407407407407,0.2928205128205128,0.9473684210526315
SUP-CAT2-0877,Circuit Source Partners #877,Electronics,Phoenix,Central,contact877@circuitsource.com,0.25925925925925924,0.7938461538461539,0.2631578947368418
SUP-CAT2-0878,Circuit Source Distributors #878,Electronics,Denver,West,contact878@voltix.com,0.9259259259259259,0.6194871794871795,0.21052631578947334
SUP-CAT2-0879,Voltix Distributors #879,Electronics,Atlanta,Central,contact879@circuitsource.com,0.4074074074074074,0.43948717948717947,0.05263157894736848
SUP-CAT2-0880,NexGen Electronics Partners #880,Electronics,Seattle,South,contact880@chipharbor.com,0.9259259259259259,0.4841025641025641,0.6315789473684212
SUP-CAT2-0881,Circuit Source Co. #881,Electronics,Mumbai,Central,contact881@amperion.com,0.8518518518518519,0.4482051282051282,0.7368421052631576
SUP-CAT2-0882,ChipHarbor Ltd. #882,Electronics,Hanoi,East,contact882@nexgenelectronics.com,0.4074074074074074,0.22615384615384615,1.0
SUP-CAT2-0883,Voltix Group #883,Electronics,Rotterdam,North,contact883@circuitsource.com,0.25925925925925924,0.40717948717948715,0.5263157894736843
SUP-CAT2-0884,NexGen Electronics Distributors #884,Electronics,Mumbai,East,contact884@nexgenelectronics.com,0.8888888888888888,0.9107692307692308,0.894736842105263
SUP-CAT2-0885,Circuit Source Group #885,Electronics,Dallas,West,contact885@amperion.com,0.7777777777777778,0.6825641025641026,1.0
SUP-CAT2-0886,Voltix Ltd. #886,Electronics,Phoenix,West,contact886@nexgenelectronics.com,0.8888888888888888,0.09487179487179487,0.15789473684210487
SUP-CAT2-0887,ChipHarbor Distributors #887,Electronics,Mumbai,East,contact887@chipharbor.com,0.8518518518518519,0.16102564102564101,0.05263157894736848
SUP-CAT2-0888,Amperion Supply Chain #888,Electronics,Chicago,East,contact888@voltix.com,0.2222222222222222,0.8138461538461539,0.3684210526315788
SUP-CAT2-0889,ChipHarbor Inc. #889,Electronics,Columbus,North,contact889@circuitsource.com,0.7407407407407407,0.21333333333333335,0.6315789473684212
SUP-CAT2-0890,NexGen Electronics Supply Chain #890,Electronics,Osaka,West,contact890@chipharbor.com,0.18518518518518517,0.12666666666666668,0.3684210526315788
SUP-CAT2-0891,ChipHarbor Partners #891,Electronics,Denver,North,contact891@amperion.com,0.9259259259259259,0.32051282051282054,0.21052631578947334
SUP-CAT2-0892,Amperion Co. #892,Electronics,Rotterdam,South,contact892@nexgenelectronics.com,0.6666666666666666,0.19948717948717948,0.6842105263157897
SUP-CAT2-0893,Circuit Source Partners #893,Electronics,Hanoi,West,contact893@chipharbor.com,0.9259259259259259,0.08512820512820513,0.05263157894736848
SUP-CAT2-0894,Amperion Group #894,Electronics,Seattle,East,contact894@chipharbor.com,0.6296296296296297,0.4117948717948718,0.4210526315789473
SUP-CAT2-0895,NexGen Electronics Co. #895,Electronics,Dallas,East,contact895@circuitsource.com,0.0,0.6282051282051282,0.894736842105263
SUP-CAT2-0896,NexGen Electronics Partners #896,Electronics,Seattle,South,contact896@amperion.com,0.6666666666666666,0.08615384615384615,0.8421052631578946
SUP-CAT2-0897,Amperion Co. #897,Electronics,Mumbai,West,contact897@nexgenelectronics.com,0.5555555555555556,0.39384615384615385,0.4210526315789473
SUP-CAT2-0898,ChipHarbor Inc. #898,Electronics,Phoenix,North,contact898@voltix.com,0.3333333333333333,0.4046153846153846,0.894736842105263
SUP-CAT2-0899,ChipHarbor Distributors #899,Electronics,Denver,East,contact899@voltix.com,1.0,0.27897435897435896,0.5789473684210528
SUP-CAT2-0900,NexGen Electronics Distributors #900,Electronics,Hanoi,South,contact900@voltix.com,0.2222222222222222,0.9405128205128205,0.6315789473684212
SUP-CAT2-0901,Amperion Supply Chain #901,Electronics,Columbus,Central,contact901@chipharbor.com,0.9259259259259259,0.5061538461538462,0.6315789473684212
SUP-CAT2-0902,Voltix Partners #902,Electronics,Columbus,North,contact902@circuitsource.com,0.5925925925925926,0.4379487179487179,0.6842105263157897
SUP-CAT2-0903,Circuit Source Partners #903,Electronics,Atlanta,Central,contact903@circuitsource.com,0.5185185185185185,0.3251282051282051,0.6315789473684212
SUP-CAT2-0904,Voltix Partners #904,Electronics,Seattle,South,contact904@voltix.com,0.3333333333333333,0.10153846153846154,0.6315789473684212
SUP-CAT2-0905,NexGen Electronics Inc. #905,Electronics,Mumbai,Central,contact905@chipharbor.com,0.7777777777777778,0.12717948717948718,0.7368421052631576
SUP-CAT2-0906,ChipHarbor Supply Chain #906,Electronics,Atlanta,West,contact906@circuitsource.com,0.7407407407407407,0.6876923076923077,0.3157894736842103
SUP-CAT2-0907,Voltix Wholesale #907,Electronics,Osaka,West,contact907@chipharbor.com,0.6666666666666666,0.8687179487179487,0.9473684210526315
SUP-CAT2-0908,Voltix Distributors #908,Electronics,Rotterdam,East,contact908@nexgenelectronics.com,0.7777777777777778,0.36256410256410254,0.2631578947368418
SUP-CAT2-0909,Voltix Distributors #909,Electronics,Denver,South,contact909@voltix.com,0.8888888888888888,0.2558974358974359,0.894736842105263
SUP-CAT2-0910,Voltix LLC #910,Electronics,Mumbai,West,contact910@voltix.com,0.5185185185185185,0.6707692307692308,0.10526315789473638
SUP-CAT2-0911,Voltix LLC #911,Electronics,Osaka,West,contact911@amperion.com,0.8148148148148148,0.07282051282051281,0.5789473684210528
SUP-CAT2-0912,Voltix LLC #912,Electronics,Atlanta,South,contact912@circuitsource.com,0.5925925925925926,0.15128205128205127,0.4210526315789473
SUP-CAT2-0913,Amperion Wholesale #913,Electronics,Atlanta,West,contact913@circuitsource.com,0.18518518518518517,0.8082051282051282,0.4210526315789473
SUP-CAT2-0914,ChipHarbor Distributors #914,Electronics,Denver,North,contact914@circuitsource.com,0.8518518518518519,0.2712820512820513,0.6315789473684212
SUP-CAT2-0915,ChipHarbor Group #915,Electronics,Dallas,South,contact915@voltix.com,0.8888888888888888,0.0,0.2631578947368418
SUP-CAT2-0916,ChipHarbor Supply Chain #916,Electronics,Portland,Central,contact916@voltix.com,0.7777777777777778,0.21384615384615385,0.7368421052631576
SUP-CAT2-0917,Voltix Group #917,Electronics,Newark,Central,contact917@amperion.com,0.037037037037037035,0.3087179487179487,0.4210526315789473
SUP-CAT2-0918,Circuit Source Distributors #918,Electronics,Shenzhen,North,contact918@circuitsource.com,0.3333333333333333,0.42256410256410254,0.4210526315789473
SUP-CAT2-0919,ChipHarbor Ltd. #919,Electronics,Seattle,South,contact919@voltix.com,0.0,0.9841025641025641,0.6842105263157897
SUP-CAT2-0920,Circuit Source LLC #920,Electronics,Hanoi,North,contact920@nexgenelectronics.com,0.7407407407407407,0.4246153846153846,0.3684210526315788
SUP-CAT2-0921,Amperion Distributors #921,Electronics,Mumbai,South,contact921@nexgenelectronics.com,0.0,0.3569230769230769,0.3157894736842103
SUP-CAT2-0922,ChipHarbor Group #922,Electronics,Portland,North,contact922@nexgenelectronics.com,0.9629629629629629,0.2651282051282051,0.4210526315789473
SUP-CAT2-0923,Voltix Inc. #923,Electronics,Hanoi,South,contact923@amperion.com,0.48148148148148145,0.7374358974358974,0.3157894736842103
SUP-CAT2-0924,Amperion LLC #924,Electronics,Miami,North,contact924@voltix.com,0.9259259259259259,0.4866666666666667,0.10526315789473638
SUP-CAT2-0925,ChipHarbor Group #925,Electronics,Rotterdam,Central,contact925@circuitsource.com,0.7037037037037037,0.7574358974358975,0.21052631578947334
SUP-CAT2-0926,NexGen Electronics Distributors #926,Electronics,Atlanta,East,contact926@chipharbor.com,0.7407407407407407,0.28102564102564104,0.2631578947368418
SUP-CAT2-0927,NexGen Electronics Co. #927,Electronics,Osaka,West,contact927@voltix.com,0.037037037037037035,0.6841025641025641,0.3157894736842103
SUP-CAT2-0928,NexGen Electronics Wholesale #928,Electronics,Phoenix,Central,contact928@voltix.com,0.7407407407407407,0.7666666666666667,0.47368421052631576
SUP-CAT2-0929,Amperion Partners #929,Electronics,Portland,North,contact929@chipharbor.com,0.5555555555555556,0.8794871794871795,0.47368421052631576
SUP-CAT2-0930,Voltix Ltd. #930,Electronics,Rotterdam,North,contact930@circuitsource.com,1.0,0.18615384615384614,0.6842105263157897
SUP-CAT2-0931,NexGen Electronics Partners #931,Electronics,Rotterdam,North,contact931@nexgenelectronics.com,0.5185185185185185,0.12102564102564102,0.3157894736842103
SUP-CAT2-0932,Voltix Partners #932,Electronics,Hanoi,East,contact932@nexgenelectronics.com,0.18518518518518517,0.8948717948717949,0.6315789473684212
SUP-CAT2-0933,Voltix Co. #933,Electronics,Newark,Central,contact933@circuitsource.com,0.0,0.9066666666666666,0.10526315789473638
SUP-CAT2-0934,Amperion Distributors #934,Electronics,Osaka,South,contact934@circuitsource.com,0.7777777777777778,0.1764102564102564,0.3157894736842103
SUP-CAT2-0935,NexGen Electronics LLC #935,Electronics,Shenzhen,East,contact935@amperion.com,0.8518518518518519,0.5420512820512821,0.7894736842105261
SUP-CAT2-0936,Voltix Ltd. #936,Electronics,Columbus,West,contact936@chipharbor.com,0.3333333333333333,0.6517948717948718,0.7368421052631576
SUP-CAT2-0937,Circuit Source Inc. #937,Electronics,Portland,North,contact937@circuitsource.com,0.1111111111111111,0.2512820512820513,0.5789473684210528
SUP-CAT2-0938,Amperion Co. #938,Electronics,Denver,North,contact938@nexgenelectronics.com,0.7037037037037037,0.7297435897435898,0.6315789473684212
SUP-CAT2-0939,NexGen Electronics Wholesale #939,Electronics,Phoenix,West,contact939@circuitsource.com,0.8888888888888888,0.9835897435897436,0.21052631578947334
SUP-CAT2-0940,NexGen Electronics Group #940,Electronics,Osaka,West,contact940@amperion.com,0.6666666666666666,0.3,0.7368421052631576
SUP-CAT2-0941,NexGen Electronics Distributors #941,Electronics,Denver,West,contact941@circuitsource.com,0.8888888888888888,0.3148717948717949,0.7894736842105261
SUP-CAT2-0942,NexGen Electronics Group #942,Electronics,Seattle,East,contact942@chipharbor.com,0.07407407407407407,0.38256410256410256,0.9473684210526315
SUP-CAT2-0943,Circuit Source Ltd. #943,Electronics,Atlanta,South,contact943@chipharbor.com,0.4444444444444444,0.04,0.4210526315789473
SUP-CAT2-0944,Circuit Source Wholesale #944,Electronics,Seattle,North,contact944@nexgenelectronics.com,0.8148148148148148,0.24512820512820513,0.21052631578947334
SUP-CAT2-0945,Circuit Source Ltd. #945,Electronics,Osaka,South,contact945@nexgenelectronics.com,0.07407407407407407,0.5205128205128206,0.6315789473684212
SUP-CAT2-0946,ChipHarbor Partners #946,Electronics,Portland,Central,contact946@chipharbor.com,0.7037037037037037,0.7846153846153846,0.9473684210526315
SUP-CAT2-0947,Amperion Trading #947,Electronics,Seattle,Central,contact947@chipharbor.com,0.14814814814814814,0.9794871794871794,0.7894736842105261
SUP-CAT2-0948,NexGen Electronics Partners #948,Electronics,Mumbai,West,contact948@nexgenelectronics.com,0.7037037037037037,0.28923076923076924,1.0
SUP-CAT2-0949,Voltix Ltd. #949,Electronics,Seattle,North,contact949@circuitsource.com,0.6296296296296297,0.27025641025641023,0.7368421052631576
SUP-CAT2-0950,NexGen Electronics Trading #950,Electronics,Dallas,East,contact950@amperion.com,0.2222222222222222,0.7912820512820513,0.6842105263157897
SUP-CAT2-0951,NexGen Electronics Trading #951,Electronics,Miami,East,contact951@amperion.com,0.2962962962962963,0.9687179487179487,0.3684210526315788
SUP-CAT2-0952,ChipHarbor Co. #952,Electronics,Dallas,East,contact952@nexgenelectronics.com,0.3333333333333333,0.7825641025641026,0.47368421052631576
SUP-CAT2-0953,Amperion Inc. #953,Electronics,Osaka,Central,contact953@nexgenelectronics.com,1.0,0.43948717948717947,0.3684210526315788
SUP-CAT2-0954,NexGen Electronics Co. #954,Electronics,Denver,Central,contact954@voltix.com,0.1111111111111111,0.8892307692307693,0.15789473684210487
SUP-CAT2-0955,Amperion Co. #955,Electronics,Rotterdam,West,contact955@amperion.com,0.37037037037037035,0.536923076923077,0.7894736842105261
SUP-CAT2-0956,Amperion Inc. #956,Electronics,Dallas,Central,contact956@nexgenelectronics.com,0.6666666666666666,0.017435897435897435,0.894736842105263
SUP-CAT2-0957,Amperion Trading #957,Electronics,Rotterdam,South,contact957@amperion.com,0.037037037037037035,0.8758974358974358,0.8421052631578946
SUP-CAT2-0958,ChipHarbor Inc. #958,Electronics,Mumbai,Central,contact958@voltix.com,0.9629629629629629,0.5697435897435897,0.7368421052631576
SUP-CAT2-0959,Voltix Wholesale #959,Electronics,Chicago,West,contact959@voltix.com,0.2962962962962963,0.22,0.8421052631578946
SUP-CAT2-0960,Circuit Source Trading #960,Electronics,Newark,East,contact960@voltix.com,0.5925925925925926,0.1082051282051282,0.894736842105263
SUP-CAT2-0961,Amperion Inc. #961,Electronics,Rotterdam,South,contact961@voltix.com,0.18518518518518517,0.41435897435897434,0.3157894736842103
SUP-CAT2-0962,Amperion Ltd. #962,Electronics,Columbus,South,contact962@chipharbor.com,0.0,0.11948717948717949,0.5263157894736843
SUP-CAT2-0963,ChipHarbor LLC #963,Electronics,Chicago,Central,contact963@voltix.com,0.9259259259259259,0.5241025641025641,0.3157894736842103
SUP-CAT2-0964,Voltix Group #964,Electronics,Dallas,North,contact964@amperion.com,0.8518518518518519,0.014358974358974359,0.0
SUP-CAT2-0965,NexGen Electronics Inc. #965,Electronics,Shenzhen,South,contact965@chipharbor.com,0.8518518518518519,0.4666666666666667,0.5789473684210528
SUP-CAT2-0966,NexGen Electronics Ltd. #966,Electronics,Chicago,Central,contact966@chipharbor.com,0.8518518518518519,0.8656410256410256,0.05263157894736848
SUP-CAT2-0967,Circuit Source Partners #967,Electronics,Columbus,East,contact967@chipharbor.com,0.2962962962962963,0.34102564102564104,0.15789473684210487
SUP-CAT2-0968,ChipHarbor Partners #968,Electronics,Phoenix,East,contact968@chipharbor.com,0.2222222222222222,0.4758974358974359,0.47368421052631576
SUP-CAT2-0969,Voltix Supply Chain #969,Electronics,Denver,South,contact969@voltix.com,0.9259259259259259,0.7671794871794871,0.8421052631578946
SUP-CAT2-0970,Circuit Source LLC #970,Electronics,Denver,East,contact970@circuitsource.com,0.2222222222222222,0.7851282051282051,0.5263157894736843
SUP-CAT2-0971,NexGen Electronics Wholesale #971,Electronics,Dallas,East,contact971@voltix.com,0.8518518518518519,0.30205128205128207,0.47368421052631576
SUP-CAT2-0972,Amperion Trading #972,Electronics,Hanoi,East,contact972@amperion.com,0.2962962962962963,0.5256410256410257,0.9473684210526315
SUP-CAT2-0973,Circuit Source Ltd. #973,Electronics,Mumbai,East,contact973@chipharbor.com,0.5185185185185185,0.3169230769230769,0.10526315789473638
SUP-CAT2-0974,Circuit Source Distributors #974,Electronics,Miami,Central,contact974@circuitsource.com,0.2962962962962963,0.9230769230769231,1.0
SUP-CAT2-0975,Voltix Inc. #975,Electronics,Rotterdam,North,contact975@amperion.com,0.8518518518518519,0.764102564102564,0.6315789473684212
SUP-CAT2-0976,Amperion Ltd. #976,Electronics,Portland,East,contact976@chipharbor.com,0.18518518518518517,0.33487179487179486,0.7368421052631576
SUP-CAT2-0977,Circuit Source Co. #977,Electronics,Dallas,East,contact977@nexgenelectronics.com,0.9259259259259259,0.7892307692307692,0.5263157894736843
SUP-CAT2-0978,Voltix Inc. #978,Electronics,Newark,North,contact978@voltix.com,0.25925925925925924,0.02923076923076923,0.7368421052631576
SUP-CAT2-0979,Amperion LLC #979,Electronics,Osaka,Central,contact979@amperion.com,0.4074074074074074,0.04666666666666667,0.7368421052631576
SUP-CAT2-0980,Voltix Distributors #980,Electronics,Columbus,South,contact980@nexgenelectronics.com,0.5555555555555556,0.4451282051282051,0.7894736842105261
SUP-CAT2-0981,Voltix Distributors #981,Electronics,Osaka,North,contact981@voltix.com,0.4444444444444444,0.5579487179487179,0.9473684210526315
SUP-CAT2-0982,ChipHarbor LLC #982,Electronics,Seattle,West,contact982@chipharbor.com,0.37037037037037035,0.34717948717948716,0.47368421052631576
SUP-CAT2-0983,Circuit Source LLC #983,Electronics,Hanoi,East,contact983@chipharbor.com,0.3333333333333333,0.5825641025641025,0.47368421052631576
SUP-CAT2-0984,NexGen Electronics Trading #984,Electronics,Portland,South,contact984@amperion.com,0.2222222222222222,0.877948717948718,0.10526315789473638
SUP-CAT2-0985,Circuit Source Distributors #985,Electronics,Chicago,Central,contact985@voltix.com,0.7777777777777778,0.8871794871794871,0.10526315789473638
SUP-CAT2-0986,Circuit Source Trading #986,Electronics,Miami,Central,contact986@amperion.com,0.0,0.8225641025641026,0.7368421052631576
SUP-CAT2-0987,Voltix Partners #987,Electronics,Rotterdam,East,contact987@amperion.com,0.4074074074074074,0.4287179487179487,0.9473684210526315
SUP-CAT2-0988,Voltix Supply Chain #988,Electronics,Seattle,South,contact988@circuitsource.com,0.4444444444444444,0.6282051282051282,0.9473684210526315
SUP-CAT2-0989,Voltix Distributors #989,Electronics,Atlanta,East,contact989@nexgenelectronics.com,0.5925925925925926,0.3851282051282051,0.21052631578947334
SUP-CAT2-0990,ChipHarbor Wholesale #990,Electronics,Chicago,Central,contact990@nexgenelectronics.com,0.3333333333333333,0.13897435897435897,0.5789473684210528
SUP-CAT2-0991,NexGen Electronics Partners #991,Electronics,Portland,East,contact991@circuitsource.com,0.14814814814814814,0.7589743589743589,0.2631578947368418
SUP-CAT2-0992,Voltix Wholesale #992,Electronics,Osaka,West,contact992@chipharbor.com,0.25925925925925924,0.13846153846153847,0.05263157894736848
SUP-CAT2-0993,Voltix Trading #993,Electronics,Mumbai,East,contact993@chipharbor.com,0.14814814814814814,0.2733333333333333,0.15789473684210487
SUP-CAT2-0994,NexGen Electronics LLC #994,Electronics,Mumbai,West,contact994@chipharbor.com,1.0,0.94,0.6315789473684212
SUP-CAT2-0995,NexGen Electronics Group #995,Electronics,Newark,East,contact995@voltix.com,0.7777777777777778,0.2082051282051282,0.4210526315789473
SUP-CAT2-0996,Amperion LLC #996,Electronics,Osaka,West,contact996@nexgenelectronics.com,0.18518518518518517,0.30615384615384617,0.6842105263157897
SUP-CAT2-0997,Voltix LLC #997,Electronics,Rotterdam,Central,contact997@chipharbor.com,0.8888888888888888,0.3769230769230769,0.6842105263157897
SUP-CAT2-0998,ChipHarbor Partners #998,Electronics,Newark,South,contact998@chipharbor.com,0.4444444444444444,0.5974358974358974,0.4210526315789473
SUP-CAT2-0999,Amperion LLC #999,Electronics,Seattle,North,contact999@chipharbor.com,0.2222222222222222,0.9451282051282052,0.0
SUP-CAT2-1000,ChipHarbor Trading #1000,Electronics,Portland,South,contact1000@circuitsource.com,0.7407407407407407,0.4076923076923077,0.894736842105263
SUP-CAT3-0001,Comfort Works Supply Chain #1,Furniture,Miami,South,contact1@woodcraftsupply.com,0.5185185185185185,0.7353846153846154,0.4210526315789473
SUP-CAT3-0002,WoodCraft Supply Distributors #2,Furniture,Chicago,West,contact2@comfortworks.com,0.6296296296296297,0.16256410256410256,0.7368421052631576
SUP-CAT3-0003,Comfort Works Group #3,Furniture,Chicago,South,contact3@solidframe.com,0.2222222222222222,0.4748717948717949,0.10526315789473638
SUP-CAT3-0004,Oakline Supply Chain #4,Furniture,Shenzhen,South,contact4@comfortworks.com,0.037037037037037035,0.37384615384615383,0.3684210526315788
SUP-CAT3-0005,WoodCraft Supply Group #5,Furniture,Chicago,West,contact5@oakline.com,0.9259259259259259,0.8892307692307693,0.7894736842105261
SUP-CAT3-0006,Comfort Works Supply Chain #6,Furniture,Hanoi,Central,contact6@oakline.com,0.4074074074074074,0.34923076923076923,0.4210526315789473
SUP-CAT3-0007,Comfort Works Partners #7,Furniture,Phoenix,Central,contact7@heritagefurnishings.com,0.5185185185185185,0.5912820512820512,0.4210526315789473
SUP-CAT3-0008,Oakline Trading #8,Furniture,Osaka,Central,contact8@solidframe.com,0.2222222222222222,0.18153846153846154,0.7368421052631576
SUP-CAT3-0009,WoodCraft Supply Ltd. #9,Furniture,Portland,North,contact9@heritagefurnishings.com,0.2962962962962963,0.02358974358974359,0.7368421052631576
SUP-CAT3-0010,Comfort Works Supply Chain #10,Furniture,Miami,South,contact10@heritagefurnishings.com,0.7777777777777778,0.7092307692307692,0.6315789473684212
SUP-CAT3-0011,Solidframe Partners #11,Furniture,Newark,South,contact11@comfortworks.com,0.7777777777777778,0.09897435897435898,0.21052631578947334
SUP-CAT3-0012,Oakline Ltd. #12,Furniture,Mumbai,North,contact12@heritagefurnishings.com,0.5555555555555556,0.7943589743589744,0.9473684210526315
SUP-CAT3-0013,Solidframe Co. #13,Furniture,Osaka,West,contact13@comfortworks.com,0.2222222222222222,0.5553846153846154,0.6315789473684212
SUP-CAT3-0014,Solidframe Inc. #14,Furniture,Portland,East,contact14@solidframe.com,0.0,0.8251282051282052,0.4210526315789473
SUP-CAT3-0015,Comfort Works Co. #15,Furniture,Newark,East,contact15@oakline.com,0.14814814814814814,0.4948717948717949,0.2631578947368418
SUP-CAT3-0016,Solidframe Ltd. #16,Furniture,Miami,South,contact16@comfortworks.com,0.037037037037037035,0.8764102564102564,0.894736842105263
SUP-CAT3-0017,WoodCraft Supply Ltd. #17,Furniture,Columbus,Central,contact17@comfortworks.com,0.6296296296296297,0.6917948717948718,0.4210526315789473
SUP-CAT3-0018,Oakline Trading #18,Furniture,Rotterdam,Central,contact18@comfortworks.com,0.037037037037037035,0.5374358974358975,0.8421052631578946
SUP-CAT3-0019,Solidframe Inc. #19,Furniture,Seattle,East,contact19@oakline.com,0.037037037037037035,0.062051282051282054,0.21052631578947334
SUP-CAT3-0020,Heritage Furnishings LLC #20,Furniture,Dallas,West,contact20@comfortworks.com,0.2962962962962963,0.09948717948717949,0.6315789473684212
SUP-CAT3-0021,Heritage Furnishings Inc. #21,Furniture,Seattle,West,contact21@solidframe.com,0.2222222222222222,0.28,0.6315789473684212
SUP-CAT3-0022,Heritage Furnishings Group #22,Furniture,Portland,East,contact22@woodcraftsupply.com,0.48148148148148145,0.7794871794871795,0.7368421052631576
SUP-CAT3-0023,WoodCraft Supply Trading #23,Furniture,Shenzhen,East,contact23@comfortworks.com,0.0,0.25743589743589745,0.3684210526315788
SUP-CAT3-0024,Oakline Wholesale #24,Furniture,Columbus,West,contact24@solidframe.com,0.6666666666666666,0.6235897435897436,0.7368421052631576
SUP-CAT3-0025,WoodCraft Supply Inc. #25,Furniture,Dallas,Central,contact25@oakline.com,0.3333333333333333,0.48923076923076925,0.9473684210526315
SUP-CAT3-0026,WoodCraft Supply Wholesale #26,Furniture,Shenzhen,South,contact26@solidframe.com,0.5185185185185185,0.9512820512820512,0.5263157894736843
SUP-CAT3-0027,Solidframe Supply Chain #27,Furniture,Miami,East,contact27@solidframe.com,0.5925925925925926,0.3071794871794872,0.7894736842105261
SUP-CAT3-0028,WoodCraft Supply Trading #28,Furniture,Phoenix,Central,contact28@comfortworks.com,0.7037037037037037,0.46205128205128204,0.4210526315789473
SUP-CAT3-0029,Oakline LLC #29,Furniture,Newark,South,contact29@oakline.com,0.2222222222222222,0.06153846153846154,0.3684210526315788
SUP-CAT3-0030,WoodCraft Supply Wholesale #30,Furniture,Seattle,South,contact30@oakline.com,0.5185185185185185,0.6164102564102564,0.7894736842105261
SUP-CAT3-0031,Heritage Furnishings Trading #31,Furniture,Chicago,East,contact31@oakline.com,0.5925925925925926,0.6461538461538462,0.7368421052631576
SUP-CAT3-0032,WoodCraft Supply Distributors #32,Furniture,Shenzhen,West,contact32@oakline.com,0.07407407407407407,0.8928205128205128,0.4210526315789473
SUP-CAT3-0033,Heritage Furnishings Partners #33,Furniture,Seattle,West,contact33@comfortworks.com,0.8148148148148148,0.4533333333333333,0.9473684210526315
SUP-CAT3-0034,Solidframe Distributors #34,Furniture,Columbus,Central,contact34@comfortworks.com,0.3333333333333333,0.5030769230769231,0.2631578947368418
SUP-CAT3-0035,Comfort Works Trading #35,Furniture,Portland,Central,contact35@woodcraftsupply.com,0.1111111111111111,0.6887179487179487,0.3157894736842103
SUP-CAT3-0036,Comfort Works LLC #36,Furniture,Denver,South,contact36@heritagefurnishings.com,0.5185185185185185,0.8635897435897436,0.47368421052631576
SUP-CAT3-0037,Comfort Works Group #37,Furniture,Miami,South,contact37@comfortworks.com,0.9629629629629629,0.4046153846153846,0.7368421052631576
SUP-CAT3-0038,Oakline Partners #38,Furniture,Portland,West,contact38@woodcraftsupply.com,0.2222222222222222,0.1605128205128205,0.3157894736842103
SUP-CAT3-0039,Comfort Works Wholesale #39,Furniture,Chicago,East,contact39@oakline.com,0.8888888888888888,0.1076923076923077,0.3157894736842103
SUP-CAT3-0040,Oakline Partners #40,Furniture,Newark,East,contact40@woodcraftsupply.com,0.4444444444444444,0.898974358974359,0.21052631578947334
SUP-CAT3-0041,Solidframe Inc. #41,Furniture,Newark,East,contact41@heritagefurnishings.com,0.18518518518518517,0.6523076923076923,0.6842105263157897
SUP-CAT3-0042,Solidframe Ltd. #42,Furniture,Seattle,Central,contact42@solidframe.com,0.5555555555555556,0.9615384615384616,0.05263157894736848
SUP-CAT3-0043,WoodCraft Supply Wholesale #43,Furniture,Seattle,North,contact43@woodcraftsupply.com,0.8148148148148148,0.6492307692307693,0.5263157894736843
SUP-CAT3-0044,WoodCraft Supply Co. #44,Furniture,Seattle,East,contact44@solidframe.com,0.37037037037037035,0.05076923076923077,0.10526315789473638
SUP-CAT3-0045,Oakline Supply Chain #45,Furniture,Columbus,East,contact45@heritagefurnishings.com,0.037037037037037035,0.5502564102564103,0.0
SUP-CAT3-0046,Oakline Trading #46,Furniture,Rotterdam,Central,contact46@woodcraftsupply.com,0.0,0.7574358974358975,0.15789473684210487
SUP-CAT3-0047,Oakline Co. #47,Furniture,Osaka,West,contact47@heritagefurnishings.com,0.37037037037037035,0.9328205128205128,0.8421052631578946
SUP-CAT3-0048,WoodCraft Supply Trading #48,Furniture,Portland,South,contact48@comfortworks.com,0.1111111111111111,0.29846153846153844,0.6315789473684212
SUP-CAT3-0049,Heritage Furnishings Inc. #49,Furniture,Atlanta,North,contact49@oakline.com,0.4074074074074074,0.021025641025641025,0.5263157894736843
SUP-CAT3-0050,Solidframe Supply Chain #50,Furniture,Atlanta,West,contact50@solidframe.com,0.2962962962962963,0.9769230769230769,0.9473684210526315
SUP-CAT3-0051,Oakline Inc. #51,Furniture,Hanoi,South,contact51@oakline.com,0.3333333333333333,0.521025641025641,0.6842105263157897
SUP-CAT3-0052,Oakline Supply Chain #52,Furniture,Hanoi,North,contact52@heritagefurnishings.com,0.6296296296296297,0.721025641025641,0.9473684210526315
SUP-CAT3-0053,Comfort Works LLC #53,Furniture,Chicago,East,contact53@heritagefurnishings.com,0.18518518518518517,0.6805128205128205,0.8421052631578946
SUP-CAT3-0054,Solidframe Ltd. #54,Furniture,Atlanta,North,contact54@oakline.com,0.4444444444444444,0.8805128205128205,0.6315789473684212
SUP-CAT3-0055,WoodCraft Supply Ltd. #55,Furniture,Denver,Central,contact55@woodcraftsupply.com,0.48148148148148145,0.2241025641025641,0.6842105263157897
SUP-CAT3-0056,Solidframe Inc. #56,Furniture,Atlanta,South,contact56@woodcraftsupply.com,0.9629629629629629,0.3748717948717949,0.5789473684210528
SUP-CAT3-0057,Solidframe Trading #57,Furniture,Hanoi,West,contact57@oakline.com,0.5185185185185185,0.03333333333333333,0.5789473684210528
SUP-CAT3-0058,Oakline Inc. #58,Furniture,Rotterdam,Central,contact58@heritagefurnishings.com,0.0,0.5897435897435898,0.3157894736842103
SUP-CAT3-0059,Solidframe Inc. #59,Furniture,Phoenix,South,contact59@solidframe.com,0.0,0.05076923076923077,0.5789473684210528
SUP-CAT3-0060,Heritage Furnishings Ltd. #60,Furniture,Newark,West,contact60@woodcraftsupply.com,0.5555555555555556,0.9102564102564102,0.4210526315789473
SUP-CAT3-0061,WoodCraft Supply Supply Chain #61,Furniture,Phoenix,Central,contact61@comfortworks.com,0.5185185185185185,0.8097435897435897,0.0
SUP-CAT3-0062,Heritage Furnishings Inc. #62,Furniture,Phoenix,East,contact62@oakline.com,0.48148148148148145,0.31846153846153846,0.5789473684210528
SUP-CAT3-0063,Solidframe Wholesale #63,Furniture,Miami,South,contact63@solidframe.com,0.5925925925925926,0.5615384615384615,0.3684210526315788
SUP-CAT3-0064,Comfort Works Ltd. #64,Furniture,Rotterdam,South,contact64@woodcraftsupply.com,0.7407407407407407,0.03794871794871795,0.6315789473684212
SUP-CAT3-0065,Solidframe Ltd. #65,Furniture,Hanoi,South,contact65@comfortworks.com,0.5555555555555556,0.4897435897435897,0.4210526315789473
SUP-CAT3-0066,Oakline Wholesale #66,Furniture,Shenzhen,East,contact66@woodcraftsupply.com,0.7407407407407407,0.8984615384615384,0.47368421052631576
SUP-CAT3-0067,Oakline Group #67,Furniture,Hanoi,South,contact67@solidframe.com,0.4074074074074074,0.10051282051282051,0.4210526315789473
SUP-CAT3-0068,Oakline Trading #68,Furniture,Atlanta,North,contact68@solidframe.com,0.6666666666666666,0.46,0.2631578947368418
SUP-CAT3-0069,Oakline Co. #69,Furniture,Osaka,West,contact69@woodcraftsupply.com,0.07407407407407407,0.13743589743589743,0.47368421052631576
SUP-CAT3-0070,Oakline Group #70,Furniture,Mumbai,North,contact70@comfortworks.com,0.7777777777777778,0.10717948717948718,0.5789473684210528
SUP-CAT3-0071,Solidframe LLC #71,Furniture,Phoenix,North,contact71@woodcraftsupply.com,0.037037037037037035,0.6205128205128205,0.6842105263157897
SUP-CAT3-0072,Oakline Group #72,Furniture,Rotterdam,South,contact72@woodcraftsupply.com,0.2222222222222222,0.6035897435897436,0.6315789473684212
SUP-CAT3-0073,Solidframe Distributors #73,Furniture,Osaka,North,contact73@woodcraftsupply.com,0.9629629629629629,0.6687179487179488,0.05263157894736848
SUP-CAT3-0074,Heritage Furnishings Distributors #74,Furniture,Mumbai,South,contact74@solidframe.com,0.1111111111111111,0.6364102564102564,0.2631578947368418
SUP-CAT3-0075,Comfort Works Wholesale #75,Furniture,Miami,North,contact75@comfortworks.com,0.4074074074074074,0.014358974358974359,0.0
SUP-CAT3-0076,Solidframe Distributors #76,Furniture,Seattle,Central,contact76@oakline.com,0.0,0.35128205128205126,0.9473684210526315
SUP-CAT3-0077,Oakline Ltd. #77,Furniture,Columbus,South,contact77@solidframe.com,1.0,0.502051282051282,0.5263157894736843
SUP-CAT3-0078,Oakline Distributors #78,Furniture,Mumbai,North,contact78@comfortworks.com,0.18518518518518517,0.7861538461538462,0.3684210526315788
SUP-CAT3-0079,Oakline Partners #79,Furniture,Chicago,South,contact79@comfortworks.com,0.7037037037037037,0.9594871794871795,0.7894736842105261
SUP-CAT3-0080,Comfort Works Inc. #80,Furniture,Mumbai,Central,contact80@solidframe.com,0.037037037037037035,0.7676923076923077,0.894736842105263
SUP-CAT3-0081,WoodCraft Supply Co. #81,Furniture,Denver,South,contact81@woodcraftsupply.com,1.0,0.19641025641025642,0.3684210526315788
SUP-CAT3-0082,Oakline Distributors #82,Furniture,Seattle,Central,contact82@comfortworks.com,0.5555555555555556,0.6964102564102564,0.0
SUP-CAT3-0083,Heritage Furnishings Group #83,Furniture,Newark,North,contact83@heritagefurnishings.com,0.7037037037037037,0.2794871794871795,0.7894736842105261
SUP-CAT3-0084,Oakline Ltd. #84,Furniture,Shenzhen,North,contact84@comfortworks.com,1.0,0.21846153846153846,0.2631578947368418
SUP-CAT3-0085,Comfort Works Inc. #85,Furniture,Hanoi,North,contact85@oakline.com,1.0,0.5666666666666667,0.8421052631578946
SUP-CAT3-0086,Comfort Works Partners #86,Furniture,Columbus,East,contact86@woodcraftsupply.com,0.1111111111111111,0.23435897435897435,0.05263157894736848
SUP-CAT3-0087,WoodCraft Supply Group #87,Furniture,Mumbai,East,contact87@woodcraftsupply.com,0.18518518518518517,0.5328205128205128,0.05263157894736848
SUP-CAT3-0088,Comfort Works Partners #88,Furniture,Atlanta,South,contact88@oakline.com,0.48148148148148145,0.901025641025641,0.8421052631578946
SUP-CAT3-0089,Oakline Inc. #89,Furniture,Atlanta,East,contact89@comfortworks.com,0.25925925925925924,0.7912820512820513,0.7368421052631576
SUP-CAT3-0090,Comfort Works Inc. #90,Furniture,Chicago,Central,contact90@oakline.com,0.9629629629629629,0.02666666666666667,0.5263157894736843
SUP-CAT3-0091,Oakline Co. #91,Furniture,Newark,Central,contact91@comfortworks.com,0.7777777777777778,0.40205128205128204,0.7894736842105261
SUP-CAT3-0092,Oakline Wholesale #92,Furniture,Osaka,Central,contact92@comfortworks.com,0.5925925925925926,0.3487179487179487,0.3684210526315788
SUP-CAT3-0093,Heritage Furnishings Distributors #93,Furniture,Atlanta,South,contact93@woodcraftsupply.com,0.1111111111111111,0.5646153846153846,0.5263157894736843
SUP-CAT3-0094,Comfort Works Inc. #94,Furniture,Seattle,Central,contact94@heritagefurnishings.com,0.6666666666666666,0.9497435897435897,0.15789473684210487
SUP-CAT3-0095,Comfort Works Supply Chain #95,Furniture,Miami,Central,contact95@woodcraftsupply.com,0.1111111111111111,0.43641025641025644,0.3157894736842103
SUP-CAT3-0096,WoodCraft Supply Partners #96,Furniture,Atlanta,Central,contact96@woodcraftsupply.com,0.0,0.8994871794871795,0.15789473684210487
SUP-CAT3-0097,Heritage Furnishings Group #97,Furniture,Rotterdam,Central,contact97@woodcraftsupply.com,0.4444444444444444,0.32666666666666666,0.3684210526315788
SUP-CAT3-0098,Heritage Furnishings Supply Chain #98,Furniture,Osaka,South,contact98@woodcraftsupply.com,0.8518518518518519,0.9692307692307692,0.05263157894736848
SUP-CAT3-0099,Heritage Furnishings Inc. #99,Furniture,Seattle,Central,contact99@oakline.com,0.18518518518518517,0.5066666666666667,0.4210526315789473
SUP-CAT3-0100,Oakline Group #100,Furniture,Mumbai,Central,contact100@heritagefurnishings.com,0.2222222222222222,0.378974358974359,0.3157894736842103
SUP-CAT3-0101,Comfort Works Distributors #101,Furniture,Rotterdam,Central,contact101@comfortworks.com,0.2222222222222222,0.4512820512820513,0.15789473684210487
SUP-CAT3-0102,Heritage Furnishings Distributors #102,Furniture,Hanoi,East,contact102@woodcraftsupply.com,0.8148148148148148,0.22205128205128205,0.05263157894736848
SUP-CAT3-0103,Oakline Partners #103,Furniture,Mumbai,East,contact103@oakline.com,0.7777777777777778,0.3569230769230769,0.5789473684210528
SUP-CAT3-0104,Oakline Trading #104,Furniture,Shenzhen,South,contact104@solidframe.com,0.037037037037037035,0.9933333333333333,0.0
SUP-CAT3-0105,WoodCraft Supply Wholesale #105,Furniture,Columbus,South,contact105@woodcraftsupply.com,0.9259259259259259,0.703076923076923,0.3157894736842103
SUP-CAT3-0106,Heritage Furnishings Partners #106,Furniture,Dallas,West,contact106@comfortworks.com,0.7407407407407407,0.8394871794871794,0.5263157894736843
SUP-CAT3-0107,Comfort Works Supply Chain #107,Furniture,Seattle,Central,contact107@heritagefurnishings.com,0.6296296296296297,0.5507692307692308,0.21052631578947334
SUP-CAT3-0108,Oakline Group #108,Furniture,Seattle,East,contact108@heritagefurnishings.com,0.0,0.5892307692307692,0.2631578947368418
SUP-CAT3-0109,Oakline Group #109,Furniture,Rotterdam,East,contact109@woodcraftsupply.com,0.6296296296296297,0.005128205128205128,0.47368421052631576
SUP-CAT3-0110,WoodCraft Supply Co. #110,Furniture,Mumbai,East,contact110@solidframe.com,0.6296296296296297,0.4328205128205128,0.9473684210526315
SUP-CAT3-0111,Heritage Furnishings Wholesale #111,Furniture,Seattle,North,contact111@comfortworks.com,0.5555555555555556,0.20307692307692307,0.47368421052631576
SUP-CAT3-0112,Oakline Inc. #112,Furniture,Newark,North,contact112@heritagefurnishings.com,0.9259259259259259,0.318974358974359,0.7894736842105261
SUP-CAT3-0113,Oakline Co. #113,Furniture,Chicago,North,contact113@solidframe.com,0.037037037037037035,0.6307692307692307,0.05263157894736848
SUP-CAT3-0114,Oakline LLC #114,Furniture,Rotterdam,East,contact114@solidframe.com,0.37037037037037035,0.49846153846153846,0.7894736842105261
SUP-CAT3-0115,WoodCraft Supply Ltd. #115,Furniture,Osaka,North,contact115@solidframe.com,0.7777777777777778,0.20461538461538462,0.05263157894736848
SUP-CAT3-0116,WoodCraft Supply Distributors #116,Furniture,Seattle,South,contact116@comfortworks.com,0.2222222222222222,0.6364102564102564,0.4210526315789473
SUP-CAT3-0117,Comfort Works Co. #117,Furniture,Seattle,Central,contact117@comfortworks.com,0.4444444444444444,0.1717948717948718,0.7894736842105261
SUP-CAT3-0118,Heritage Furnishings Group #118,Furniture,Shenzhen,West,contact118@heritagefurnishings.com,0.25925925925925924,0.578974358974359,0.3157894736842103
SUP-CAT3-0119,Solidframe Co. #119,Furniture,Osaka,Central,contact119@solidframe.com,0.037037037037037035,0.5702564102564103,0.3157894736842103
SUP-CAT3-0120,Solidframe Ltd. #120,Furniture,Seattle,North,contact120@comfortworks.com,0.4074074074074074,0.5374358974358975,0.3157894736842103
SUP-CAT3-0121,Comfort Works Trading #121,Furniture,Miami,East,contact121@oakline.com,0.14814814814814814,0.35384615384615387,0.15789473684210487
SUP-CAT3-0122,WoodCraft Supply LLC #122,Furniture,Denver,West,contact122@comfortworks.com,0.8888888888888888,0.3323076923076923,0.7368421052631576
SUP-CAT3-0123,Oakline Ltd. #123,Furniture,Portland,East,contact123@comfortworks.com,0.037037037037037035,0.2594871794871795,0.2631578947368418
SUP-CAT3-0124,Heritage Furnishings Inc. #124,Furniture,Chicago,South,contact124@woodcraftsupply.com,0.6296296296296297,0.022564102564102566,0.7368421052631576
SUP-CAT3-0125,Oakline Ltd. #125,Furniture,Denver,South,contact125@solidframe.com,0.7037037037037037,0.6312820512820513,0.5263157894736843
SUP-CAT3-0126,WoodCraft Supply Co. #126,Furniture,Hanoi,North,contact126@comfortworks.com,0.7777777777777778,0.6984615384615385,0.15789473684210487
SUP-CAT3-0127,Oakline Trading #127,Furniture,Osaka,South,contact127@woodcraftsupply.com,1.0,0.25435897435897437,0.894736842105263
SUP-CAT3-0128,Oakline Distributors #128,Furniture,Phoenix,Central,contact128@comfortworks.com,0.07407407407407407,0.7907692307692308,0.7894736842105261
SUP-CAT3-0129,Oakline Ltd. #129,Furniture,Rotterdam,Central,contact129@heritagefurnishings.com,0.3333333333333333,0.3517948717948718,0.3157894736842103
SUP-CAT3-0130,Oakline Partners #130,Furniture,Osaka,South,contact130@comfortworks.com,0.5925925925925926,0.03435897435897436,0.6842105263157897
SUP-CAT3-0131,WoodCraft Supply Partners #131,Furniture,Denver,West,contact131@woodcraftsupply.com,0.0,0.5661538461538461,0.5789473684210528
SUP-CAT3-0132,Oakline Partners #132,Furniture,Denver,East,contact132@heritagefurnishings.com,0.9629629629629629,0.5133333333333333,0.05263157894736848
SUP-CAT3-0133,Oakline Co. #133,Furniture,Dallas,North,contact133@woodcraftsupply.com,0.6296296296296297,0.38564102564102565,0.9473684210526315
SUP-CAT3-0134,Heritage Furnishings Trading #134,Furniture,Seattle,North,contact134@solidframe.com,0.5925925925925926,0.21897435897435896,0.0
SUP-CAT3-0135,Oakline Partners #135,Furniture,Portland,East,contact135@comfortworks.com,1.0,0.7276923076923076,0.8421052631578946
SUP-CAT3-0136,Oakline Wholesale #136,Furniture,Denver,East,contact136@woodcraftsupply.com,0.6666666666666666,0.19435897435897437,0.9473684210526315
SUP-CAT3-0137,Heritage Furnishings Distributors #137,Furniture,Newark,East,contact137@heritagefurnishings.com,0.5185185185185185,0.21846153846153846,0.6842105263157897
SUP-CAT3-0138,Comfort Works Partners #138,Furniture,Columbus,South,contact138@solidframe.com,0.7037037037037037,0.10205128205128206,0.4210526315789473
SUP-CAT3-0139,Solidframe Group #139,Furniture,Dallas,South,contact139@solidframe.com,0.9259259259259259,0.9451282051282052,1.0
SUP-CAT3-0140,WoodCraft Supply Trading #140,Furniture,Seattle,Central,contact140@woodcraftsupply.com,0.07407407407407407,0.8497435897435898,0.894736842105263
SUP-CAT3-0141,Oakline Wholesale #141,Furniture,Seattle,South,contact141@woodcraftsupply.com,0.7037037037037037,0.18256410256410258,0.6315789473684212
SUP-CAT3-0142,Solidframe Ltd. #142,Furniture,Shenzhen,West,contact142@solidframe.com,0.7777777777777778,0.21435897435897436,0.2631578947368418
SUP-CAT3-0143,Comfort Works Ltd. #143,Furniture,Seattle,Central,contact143@oakline.com,0.037037037037037035,0.8805128205128205,0.47368421052631576
SUP-CAT3-0144,Solidframe Trading #144,Furniture,Osaka,South,contact144@oakline.com,0.7037037037037037,0.9605128205128205,0.15789473684210487
SUP-CAT3-0145,WoodCraft Supply Inc. #145,Furniture,Rotterdam,East,contact145@solidframe.com,0.18518518518518517,0.2630769230769231,0.47368421052631576
SUP-CAT3-0146,Oakline Ltd. #146,Furniture,Miami,South,contact146@woodcraftsupply.com,0.37037037037037035,0.8523076923076923,0.0
SUP-CAT3-0147,Heritage Furnishings Trading #147,Furniture,Dallas,North,contact147@oakline.com,0.14814814814814814,0.8769230769230769,0.3684210526315788
SUP-CAT3-0148,Heritage Furnishings Partners #148,Furniture,Mumbai,East,contact148@heritagefurnishings.com,0.2962962962962963,0.2743589743589744,0.21052631578947334
SUP-CAT3-0149,Comfort Works Inc. #149,Furniture,Seattle,West,contact149@heritagefurnishings.com,0.5925925925925926,0.9158974358974359,0.3157894736842103
SUP-CAT3-0150,Heritage Furnishings Co. #150,Furniture,Denver,North,contact150@woodcraftsupply.com,0.4074074074074074,0.04666666666666667,0.9473684210526315
SUP-CAT3-0151,WoodCraft Supply Partners #151,Furniture,Seattle,South,contact151@comfortworks.com,0.48148148148148145,0.9825641025641025,0.3157894736842103
SUP-CAT3-0152,Comfort Works Inc. #152,Furniture,Rotterdam,West,contact152@comfortworks.com,0.3333333333333333,0.5292307692307693,0.0
SUP-CAT3-0153,Oakline LLC #153,Furniture,Shenzhen,South,contact153@oakline.com,0.14814814814814814,0.7384615384615385,0.0
SUP-CAT3-0154,Oakline Partners #154,Furniture,Atlanta,North,contact154@woodcraftsupply.com,0.14814814814814814,0.08,0.3684210526315788
SUP-CAT3-0155,Comfort Works Partners #155,Furniture,Dallas,West,contact155@comfortworks.com,0.7037037037037037,0.44564102564102565,0.3684210526315788
SUP-CAT3-0156,Comfort Works Group #156,Furniture,Portland,West,contact156@oakline.com,0.4444444444444444,0.5666666666666667,0.5263157894736843
SUP-CAT3-0157,Comfort Works Inc. #157,Furniture,Atlanta,West,contact157@comfortworks.com,0.4074074074074074,0.08051282051282051,0.894736842105263
SUP-CAT3-0158,Heritage Furnishings Trading #158,Furniture,Seattle,North,contact158@heritagefurnishings.com,0.14814814814814814,0.37333333333333335,0.3157894736842103
SUP-CAT3-0159,Heritage Furnishings Distributors #159,Furniture,Dallas,West,contact159@solidframe.com,0.37037037037037035,0.9102564102564102,0.9473684210526315
SUP-CAT3-0160,Solidframe Partners #160,Furniture,Rotterdam,East,contact160@oakline.com,0.9629629629629629,0.8666666666666667,0.6842105263157897
SUP-CAT3-0161,Solidframe Group #161,Furniture,Portland,South,contact161@comfortworks.com,0.3333333333333333,0.803076923076923,0.15789473684210487
SUP-CAT3-0162,Heritage Furnishings Trading #162,Furniture,Chicago,Central,contact162@heritagefurnishings.com,0.5185185185185185,0.5574358974358974,0.05263157894736848
SUP-CAT3-0163,Comfort Works Trading #163,Furniture,Miami,Central,contact163@woodcraftsupply.com,0.9259259259259259,0.2841025641025641,0.6315789473684212
SUP-CAT3-0164,Comfort Works Co. #164,Furniture,Dallas,West,contact164@woodcraftsupply.com,0.9259259259259259,0.6846153846153846,0.8421052631578946
SUP-CAT3-0165,WoodCraft Supply Trading #165,Furniture,Columbus,Central,contact165@oakline.com,0.07407407407407407,0.4625641025641026,0.3684210526315788
SUP-CAT3-0166,Comfort Works Ltd. #166,Furniture,Atlanta,East,contact166@oakline.com,1.0,0.841025641025641,0.7368421052631576
SUP-CAT3-0167,Comfort Works Inc. #167,Furniture,Newark,West,contact167@woodcraftsupply.com,1.0,0.11538461538461539,0.3157894736842103
SUP-CAT3-0168,WoodCraft Supply Inc. #168,Furniture,Seattle,North,contact168@oakline.com,0.5925925925925926,0.5015384615384615,0.7368421052631576
SUP-CAT3-0169,Comfort Works Trading #169,Furniture,Miami,South,contact169@oakline.com,0.8518518518518519,0.4753846153846154,0.3157894736842103
SUP-CAT3-0170,Solidframe Inc. #170,Furniture,Portland,South,contact170@woodcraftsupply.com,0.25925925925925924,0.9035897435897436,0.0
SUP-CAT3-0171,Comfort Works Group #171,Furniture,Dallas,East,contact171@oakline.com,1.0,0.03743589743589744,0.5789473684210528
SUP-CAT3-0172,Comfort Works Group #172,Furniture,Hanoi,Central,contact172@oakline.com,0.7037037037037037,0.10461538461538461,0.3684210526315788
SUP-CAT3-0173,Heritage Furnishings Co. #173,Furniture,Hanoi,South,contact173@heritagefurnishings.com,0.5555555555555556,0.9107692307692308,0.47368421052631576
SUP-CAT3-0174,Oakline Ltd. #174,Furniture,Mumbai,Central,contact174@comfortworks.com,0.2962962962962963,0.578974358974359,0.8421052631578946
SUP-CAT3-0175,Comfort Works Wholesale #175,Furniture,Atlanta,Central,contact175@heritagefurnishings.com,0.7777777777777778,0.09794871794871794,0.05263157894736848
SUP-CAT3-0176,Solidframe Group #176,Furniture,Miami,West,contact176@oakline.com,0.037037037037037035,0.13282051282051283,0.8421052631578946
SUP-CAT3-0177,Comfort Works Wholesale #177,Furniture,Phoenix,West,contact177@comfortworks.com,0.9629629629629629,0.2241025641025641,0.05263157894736848
SUP-CAT3-0178,Oakline Wholesale #178,Furniture,Dallas,East,contact178@solidframe.com,0.037037037037037035,0.6076923076923076,0.15789473684210487
SUP-CAT3-0179,Heritage Furnishings Ltd. #179,Furniture,Miami,West,contact179@woodcraftsupply.com,0.48148148148148145,0.06256410256410257,0.47368421052631576
SUP-CAT3-0180,Oakline Supply Chain #180,Furniture,Mumbai,South,contact180@heritagefurnishings.com,0.18518518518518517,0.5148717948717949,1.0
SUP-CAT3-0181,Comfort Works Ltd. #181,Furniture,Chicago,Central,contact181@oakline.com,0.1111111111111111,0.6,0.8421052631578946
SUP-CAT3-0182,WoodCraft Supply Partners #182,Furniture,Atlanta,Central,contact182@comfortworks.com,0.07407407407407407,0.3082051282051282,0.47368421052631576
SUP-CAT3-0183,WoodCraft Supply Partners #183,Furniture,Dallas,Central,contact183@oakline.com,0.1111111111111111,0.10615384615384615,0.5789473684210528
SUP-CAT3-0184,Heritage Furnishings Ltd. #184,Furniture,Denver,South,contact184@heritagefurnishings.com,0.9629629629629629,0.5230769230769231,0.894736842105263
SUP-CAT3-0185,Solidframe Trading #185,Furniture,Hanoi,Central,contact185@woodcraftsupply.com,0.6666666666666666,0.15384615384615385,0.15789473684210487
SUP-CAT3-0186,WoodCraft Supply Supply Chain #186,Furniture,Shenzhen,North,contact186@woodcraftsupply.com,0.8888888888888888,0.8907692307692308,0.5263157894736843
SUP-CAT3-0187,Oakline Supply Chain #187,Furniture,Columbus,West,contact187@heritagefurnishings.com,0.0,0.09743589743589744,0.6842105263157897
SUP-CAT3-0188,Comfort Works Distributors #188,Furniture,Denver,West,contact188@comfortworks.com,0.1111111111111111,0.08666666666666667,1.0
SUP-CAT3-0189,Oakline Group #189,Furniture,Rotterdam,East,contact189@woodcraftsupply.com,0.37037037037037035,0.5492307692307692,0.5263157894736843
SUP-CAT3-0190,Heritage Furnishings Supply Chain #190,Furniture,Denver,North,contact190@solidframe.com,0.25925925925925924,0.08153846153846153,0.05263157894736848
SUP-CAT3-0191,Oakline Supply Chain #191,Furniture,Shenzhen,Central,contact191@solidframe.com,0.18518518518518517,0.04256410256410256,0.6842105263157897
SUP-CAT3-0192,Heritage Furnishings Supply Chain #192,Furniture,Mumbai,North,contact192@comfortworks.com,0.6296296296296297,0.7594871794871795,0.894736842105263
SUP-CAT3-0193,WoodCraft Supply Partners #193,Furniture,Mumbai,East,contact193@solidframe.com,0.8518518518518519,0.22974358974358974,0.6842105263157897
SUP-CAT3-0194,Solidframe Inc. #194,Furniture,Mumbai,Central,contact194@solidframe.com,0.5925925925925926,0.9251282051282051,0.6315789473684212
SUP-CAT3-0195,Solidframe Group #195,Furniture,Miami,South,contact195@oakline.com,0.8148148148148148,0.33179487179487177,0.10526315789473638
SUP-CAT3-0196,Comfort Works Supply Chain #196,Furniture,Rotterdam,South,contact196@woodcraftsupply.com,0.4444444444444444,0.1687179487179487,0.7894736842105261
SUP-CAT3-0197,Solidframe LLC #197,Furniture,Atlanta,South,contact197@heritagefurnishings.com,1.0,0.6882051282051282,0.6315789473684212
SUP-CAT3-0198,Solidframe Inc. #198,Furniture,Phoenix,Central,contact198@woodcraftsupply.com,0.37037037037037035,0.3912820512820513,0.21052631578947334
SUP-CAT3-0199,Comfort Works Trading #199,Furniture,Osaka,East,contact199@solidframe.com,0.6296296296296297,0.34615384615384615,0.894736842105263
SUP-CAT3-0200,Heritage Furnishings Trading #200,Furniture,Columbus,South,contact200@woodcraftsupply.com,0.2962962962962963,0.3394871794871795,0.894736842105263
SUP-CAT3-0201,Heritage Furnishings Co. #201,Furniture,Denver,Central,contact201@woodcraftsupply.com,0.25925925925925924,0.13641025641025642,0.5263157894736843
SUP-CAT3-0202,Heritage Furnishings Trading #202,Furniture,Hanoi,Central,contact202@comfortworks.com,0.037037037037037035,0.14871794871794872,0.7368421052631576
SUP-CAT3-0203,Solidframe Partners #203,Furniture,Shenzhen,South,contact203@comfortworks.com,0.9629629629629629,0.781025641025641,0.7368421052631576
SUP-CAT3-0204,Heritage Furnishings Ltd. #204,Furniture,Mumbai,South,contact204@oakline.com,0.4074074074074074,0.958974358974359,0.05263157894736848
SUP-CAT3-0205,WoodCraft Supply Co. #205,Furniture,Rotterdam,East,contact205@comfortworks.com,0.7037037037037037,0.0041025641025641026,1.0
SUP-CAT3-0206,Solidframe Inc. #206,Furniture,Newark,North,contact206@comfortworks.com,0.48148148148148145,0.541025641025641,0.7368421052631576
SUP-CAT3-0207,WoodCraft Supply Distributors #207,Furniture,Mumbai,South,contact207@solidframe.com,0.2222222222222222,0.8533333333333334,0.0
SUP-CAT3-0208,Oakline Wholesale #208,Furniture,Shenzhen,Central,contact208@woodcraftsupply.com,0.4074074074074074,0.11692307692307692,0.05263157894736848
SUP-CAT3-0209,Comfort Works LLC #209,Furniture,Miami,South,contact209@heritagefurnishings.com,0.5185185185185185,0.8933333333333333,0.7894736842105261
SUP-CAT3-0210,Solidframe Wholesale #210,Furniture,Shenzhen,East,contact210@heritagefurnishings.com,0.18518518518518517,0.6579487179487179,0.7894736842105261
SUP-CAT3-0211,Solidframe Ltd. #211,Furniture,Denver,South,contact211@oakline.com,0.7037037037037037,0.7394871794871795,0.5263157894736843
SUP-CAT3-0212,WoodCraft Supply Co. #212,Furniture,Hanoi,South,contact212@oakline.com,0.5925925925925926,0.12974358974358974,0.7894736842105261
SUP-CAT3-0213,Oakline Ltd. #213,Furniture,Phoenix,Central,contact213@oakline.com,0.4074074074074074,0.30923076923076925,0.7894736842105261
SUP-CAT3-0214,Heritage Furnishings LLC #214,Furniture,Newark,East,contact214@woodcraftsupply.com,0.6666666666666666,0.0015384615384615385,0.9473684210526315
SUP-CAT3-0215,Heritage Furnishings Trading #215,Furniture,Hanoi,South,contact215@solidframe.com,0.1111111111111111,0.9620512820512821,0.47368421052631576
SUP-CAT3-0216,Comfort Works Partners #216,Furniture,Hanoi,South,contact216@heritagefurnishings.com,0.037037037037037035,0.6369230769230769,0.3684210526315788
SUP-CAT3-0217,WoodCraft Supply Co. #217,Furniture,Shenzhen,Central,contact217@oakline.com,0.07407407407407407,0.378974358974359,0.6315789473684212
SUP-CAT3-0218,WoodCraft Supply LLC #218,Furniture,Dallas,Central,contact218@comfortworks.com,0.8518518518518519,0.8548717948717949,1.0
SUP-CAT3-0219,Comfort Works Trading #219,Furniture,Seattle,West,contact219@oakline.com,0.4074074074074074,0.9707692307692307,0.10526315789473638
SUP-CAT3-0220,Oakline Ltd. #220,Furniture,Atlanta,East,contact220@heritagefurnishings.com,0.1111111111111111,0.21794871794871795,0.15789473684210487
SUP-CAT3-0221,Comfort Works Supply Chain #221,Furniture,Newark,East,contact221@heritagefurnishings.com,0.037037037037037035,0.7728205128205128,0.05263157894736848
SUP-CAT3-0222,Comfort Works Wholesale #222,Furniture,Columbus,South,contact222@solidframe.com,0.6666666666666666,0.8943589743589744,0.6842105263157897
SUP-CAT3-0223,WoodCraft Supply LLC #223,Furniture,Mumbai,East,contact223@solidframe.com,0.5555555555555556,0.9420512820512821,0.6315789473684212
SUP-CAT3-0224,Comfort Works Inc. #224,Furniture,Osaka,South,contact224@heritagefurnishings.com,0.5185185185185185,0.33692307692307694,0.3684210526315788
SUP-CAT3-0225,Comfort Works Co. #225,Furniture,Dallas,West,contact225@woodcraftsupply.com,0.9259259259259259,0.2717948717948718,0.9473684210526315
SUP-CAT3-0226,Solidframe Ltd. #226,Furniture,Portland,Central,contact226@solidframe.com,0.5925925925925926,0.8097435897435897,0.7894736842105261
SUP-CAT3-0227,Heritage Furnishings Supply Chain #227,Furniture,Chicago,East,contact227@woodcraftsupply.com,0.4074074074074074,0.0917948717948718,0.7368421052631576
SUP-CAT3-0228,Heritage Furnishings Trading #228,Furniture,Denver,Central,contact228@solidframe.com,0.25925925925925924,0.3764102564102564,0.2631578947368418
SUP-CAT3-0229,Heritage Furnishings Supply Chain #229,Furniture,Denver,East,contact229@heritagefurnishings.com,0.18518518518518517,0.34205128205128205,0.47368421052631576
SUP-CAT3-0230,Solidframe Inc. #230,Furniture,Miami,West,contact230@woodcraftsupply.com,0.4074074074074074,0.3415384615384615,0.5789473684210528
SUP-CAT3-0231,Comfort Works LLC #231,Furniture,Hanoi,South,contact231@solidframe.com,0.7407407407407407,0.5425641025641026,0.8421052631578946
SUP-CAT3-0232,Heritage Furnishings Wholesale #232,Furniture,Mumbai,East,contact232@woodcraftsupply.com,0.9259259259259259,0.2317948717948718,0.7368421052631576
SUP-CAT3-0233,Comfort Works Co. #233,Furniture,Osaka,South,contact233@solidframe.com,0.2222222222222222,0.06102564102564102,0.3684210526315788
SUP-CAT3-0234,Heritage Furnishings Distributors #234,Furniture,Columbus,West,contact234@woodcraftsupply.com,0.037037037037037035,0.9246153846153846,0.15789473684210487
SUP-CAT3-0235,WoodCraft Supply Distributors #235,Furniture,Chicago,East,contact235@heritagefurnishings.com,0.037037037037037035,0.7071794871794872,0.10526315789473638
SUP-CAT3-0236,Solidframe Supply Chain #236,Furniture,Shenzhen,South,contact236@solidframe.com,0.14814814814814814,0.7415384615384616,0.3157894736842103
SUP-CAT3-0237,Oakline Trading #237,Furniture,Portland,North,contact237@woodcraftsupply.com,0.8888888888888888,0.18666666666666668,0.7894736842105261
SUP-CAT3-0238,WoodCraft Supply Supply Chain #238,Furniture,Seattle,South,contact238@woodcraftsupply.com,0.9259259259259259,0.13076923076923078,0.10526315789473638
SUP-CAT3-0239,Oakline Inc. #239,Furniture,Portland,South,contact239@comfortworks.com,0.7407407407407407,0.4948717948717949,0.15789473684210487
SUP-CAT3-0240,WoodCraft Supply Co. #240,Furniture,Columbus,Central,contact240@comfortworks.com,0.9259259259259259,0.08615384615384615,0.8421052631578946
SUP-CAT3-0241,Solidframe Wholesale #241,Furniture,Portland,West,contact241@woodcraftsupply.com,0.9259259259259259,0.02666666666666667,0.47368421052631576
SUP-CAT3-0242,Oakline Distributors #242,Furniture,Mumbai,South,contact242@comfortworks.com,0.37037037037037035,0.6958974358974359,0.8421052631578946
SUP-CAT3-0243,Solidframe Co. #243,Furniture,Denver,North,contact243@solidframe.com,0.8148148148148148,0.24,0.8421052631578946
SUP-CAT3-0244,Solidframe Supply Chain #244,Furniture,Mumbai,Central,contact244@woodcraftsupply.com,0.6296296296296297,0.5420512820512821,0.47368421052631576
SUP-CAT3-0245,Comfort Works Ltd. #245,Furniture,Columbus,Central,contact245@comfortworks.com,0.4444444444444444,0.06153846153846154,0.21052631578947334
SUP-CAT3-0246,Heritage Furnishings Group #246,Furniture,Rotterdam,South,contact246@woodcraftsupply.com,1.0,0.5656410256410257,0.3684210526315788
SUP-CAT3-0247,Oakline Group #247,Furniture,Atlanta,Central,contact247@oakline.com,0.6296296296296297,0.9902564102564102,0.5789473684210528
SUP-CAT3-0248,Oakline Co. #248,Furniture,Portland,North,contact248@heritagefurnishings.com,0.6296296296296297,0.6410256410256411,0.3684210526315788
SUP-CAT3-0249,Oakline LLC #249,Furniture,Rotterdam,South,contact249@solidframe.com,0.4074074074074074,0.36974358974358973,0.894736842105263
SUP-CAT3-0250,Solidframe Distributors #250,Furniture,Osaka,East,contact250@heritagefurnishings.com,0.7407407407407407,0.9482051282051283,0.10526315789473638
SUP-CAT3-0251,Solidframe Wholesale #251,Furniture,Miami,North,contact251@oakline.com,0.7407407407407407,0.717948717948718,0.7368421052631576
SUP-CAT3-0252,WoodCraft Supply Wholesale #252,Furniture,Mumbai,North,contact252@heritagefurnishings.com,0.5925925925925926,0.15538461538461537,0.15789473684210487
SUP-CAT3-0253,Solidframe Wholesale #253,Furniture,Miami,South,contact253@oakline.com,1.0,0.3646153846153846,0.47368421052631576
SUP-CAT3-0254,Comfort Works Group #254,Furniture,Hanoi,West,contact254@solidframe.com,0.3333333333333333,0.24564102564102563,0.15789473684210487
SUP-CAT3-0255,Solidframe Wholesale #255,Furniture,Phoenix,South,contact255@woodcraftsupply.com,0.7777777777777778,0.9256410256410257,0.9473684210526315
SUP-CAT3-0256,Solidframe Inc. #256,Furniture,Dallas,West,contact256@oakline.com,0.4444444444444444,0.8138461538461539,0.2631578947368418
SUP-CAT3-0257,Heritage Furnishings Inc. #257,Furniture,Shenzhen,South,contact257@solidframe.com,0.1111111111111111,0.662051282051282,0.05263157894736848
SUP-CAT3-0258,Solidframe Wholesale #258,Furniture,Atlanta,South,contact258@oakline.com,0.5185185185185185,0.88,0.3684210526315788
SUP-CAT3-0259,Heritage Furnishings Partners #259,Furniture,Shenzhen,West,contact259@solidframe.com,0.2222222222222222,0.8046153846153846,0.10526315789473638
SUP-CAT3-0260,Heritage Furnishings Co. #260,Furniture,Hanoi,Central,contact260@oakline.com,0.14814814814814814,0.5102564102564102,0.21052631578947334
SUP-CAT3-0261,WoodCraft Supply Ltd. #261,Furniture,Atlanta,East,contact261@heritagefurnishings.com,0.5555555555555556,0.1082051282051282,0.10526315789473638
SUP-CAT3-0262,Solidframe Ltd. #262,Furniture,Hanoi,South,contact262@solidframe.com,0.9259259259259259,0.33794871794871795,0.6842105263157897
SUP-CAT3-0263,Oakline Trading #263,Furniture,Atlanta,North,contact263@oakline.com,0.037037037037037035,0.581025641025641,0.7368421052631576
SUP-CAT3-0264,Comfort Works LLC #264,Furniture,Osaka,Central,contact264@solidframe.com,0.7777777777777778,0.11025641025641025,0.9473684210526315
SUP-CAT3-0265,Solidframe Trading #265,Furniture,Chicago,North,contact265@oakline.com,0.6666666666666666,0.7933333333333333,0.0
SUP-CAT3-0266,Solidframe Wholesale #266,Furniture,Newark,Central,contact266@woodcraftsupply.com,0.4444444444444444,0.09897435897435898,0.21052631578947334
SUP-CAT3-0267,Oakline Co. #267,Furniture,Miami,North,contact267@comfortworks.com,0.037037037037037035,0.3482051282051282,0.2631578947368418
SUP-CAT3-0268,WoodCraft Supply Partners #268,Furniture,Chicago,East,contact268@heritagefurnishings.com,0.18518518518518517,0.9287179487179488,0.6315789473684212
SUP-CAT3-0269,Comfort Works Inc. #269,Furniture,Mumbai,East,contact269@solidframe.com,0.18518518518518517,0.37333333333333335,0.3157894736842103
SUP-CAT3-0270,Oakline Group #270,Furniture,Atlanta,Central,contact270@solidframe.com,0.37037037037037035,0.5584615384615385,0.47368421052631576
SUP-CAT3-0271,Comfort Works Group #271,Furniture,Dallas,South,contact271@woodcraftsupply.com,0.37037037037037035,0.07794871794871795,0.2631578947368418
SUP-CAT3-0272,Solidframe Group #272,Furniture,Columbus,South,contact272@woodcraftsupply.com,0.8888888888888888,0.9117948717948718,0.9473684210526315
SUP-CAT3-0273,Heritage Furnishings Wholesale #273,Furniture,Miami,North,contact273@comfortworks.com,0.8888888888888888,0.5753846153846154,0.7368421052631576
SUP-CAT3-0274,Oakline Wholesale #274,Furniture,Columbus,North,contact274@oakline.com,0.5925925925925926,0.2856410256410256,0.0
SUP-CAT3-0275,Oakline Supply Chain #275,Furniture,Dallas,South,contact275@oakline.com,0.14814814814814814,0.43846153846153846,0.5789473684210528
SUP-CAT3-0276,Comfort Works Ltd. #276,Furniture,Shenzhen,Central,contact276@solidframe.com,0.5555555555555556,0.7056410256410256,0.7368421052631576
SUP-CAT3-0277,WoodCraft Supply LLC #277,Furniture,Denver,East,contact277@solidframe.com,0.9259259259259259,0.8266666666666667,0.7368421052631576
SUP-CAT3-0278,WoodCraft Supply Trading #278,Furniture,Seattle,North,contact278@comfortworks.com,0.037037037037037035,0.31743589743589745,0.2631578947368418
SUP-CAT3-0279,Comfort Works Co. #279,Furniture,Portland,East,contact279@heritagefurnishings.com,0.2222222222222222,0.7143589743589743,0.3157894736842103
SUP-CAT3-0280,Heritage Furnishings Partners #280,Furniture,Columbus,East,contact280@comfortworks.com,0.9259259259259259,0.5892307692307692,0.5263157894736843
SUP-CAT3-0281,Solidframe Partners #281,Furniture,Newark,South,contact281@solidframe.com,0.07407407407407407,0.9958974358974358,0.8421052631578946
SUP-CAT3-0282,Heritage Furnishings Partners #282,Furniture,Atlanta,East,contact282@heritagefurnishings.com,0.8888888888888888,0.08,0.4210526315789473
SUP-CAT3-0283,Heritage Furnishings Wholesale #283,Furniture,Seattle,North,contact283@solidframe.com,0.18518518518518517,0.4282051282051282,0.6315789473684212
SUP-CAT3-0284,Solidframe Inc. #284,Furniture,Chicago,East,contact284@solidframe.com,0.1111111111111111,0.5887179487179487,0.6842105263157897
SUP-CAT3-0285,Comfort Works Supply Chain #285,Furniture,Newark,East,contact285@woodcraftsupply.com,0.6666666666666666,0.5092307692307693,0.47368421052631576
SUP-CAT3-0286,Solidframe Distributors #286,Furniture,Seattle,South,contact286@comfortworks.com,0.25925925925925924,0.5712820512820512,0.7368421052631576
SUP-CAT3-0287,Heritage Furnishings Distributors #287,Furniture,Columbus,Central,contact287@oakline.com,0.18518518518518517,0.7948717948717948,0.10526315789473638
SUP-CAT3-0288,WoodCraft Supply Partners #288,Furniture,Portland,South,contact288@oakline.com,0.7037037037037037,0.6574358974358975,0.2631578947368418
SUP-CAT3-0289,Solidframe Distributors #289,Furniture,Columbus,West,contact289@comfortworks.com,0.18518518518518517,0.16102564102564101,0.0
SUP-CAT3-0290,Solidframe Trading #290,Furniture,Rotterdam,South,contact290@woodcraftsupply.com,0.7037037037037037,0.9774358974358974,0.47368421052631576
SUP-CAT3-0291,Comfort Works Co. #291,Furniture,Portland,West,contact291@oakline.com,0.4444444444444444,0.46615384615384614,0.4210526315789473
SUP-CAT3-0292,Oakline Trading #292,Furniture,Hanoi,East,contact292@oakline.com,0.18518518518518517,0.12,0.0
SUP-CAT3-0293,Solidframe Partners #293,Furniture,Denver,North,contact293@comfortworks.com,0.25925925925925924,0.35743589743589743,0.05263157894736848
SUP-CAT3-0294,Solidframe Distributors #294,Furniture,Hanoi,North,contact294@woodcraftsupply.com,0.48148148148148145,0.7517948717948718,0.8421052631578946
SUP-CAT3-0295,Solidframe Group #295,Furniture,Rotterdam,West,contact295@heritagefurnishings.com,0.5925925925925926,0.07076923076923076,0.7894736842105261
SUP-CAT3-0296,Oakline Co. #296,Furniture,Newark,South,contact296@heritagefurnishings.com,0.25925925925925924,0.3943589743589744,0.21052631578947334
SUP-CAT3-0297,Heritage Furnishings Distributors #297,Furniture,Hanoi,East,contact297@comfortworks.com,0.7037037037037037,0.7805128205128206,0.6315789473684212
SUP-CAT3-0298,Comfort Works Partners #298,Furniture,Chicago,South,contact298@heritagefurnishings.com,0.5925925925925926,0.7097435897435898,0.10526315789473638
SUP-CAT3-0299,Oakline Trading #299,Furniture,Shenzhen,North,contact299@comfortworks.com,0.7777777777777778,0.05333333333333334,0.6315789473684212
SUP-CAT3-0300,Oakline LLC #300,Furniture,Atlanta,East,contact300@solidframe.com,0.8888888888888888,0.4907692307692308,0.6842105263157897
SUP-CAT3-0301,Solidframe Co. #301,Furniture,Miami,East,contact301@comfortworks.com,0.7777777777777778,0.4430769230769231,0.7368421052631576
SUP-CAT3-0302,Solidframe LLC #302,Furniture,Dallas,Central,contact302@comfortworks.com,0.4444444444444444,0.4717948717948718,0.3684210526315788
SUP-CAT3-0303,WoodCraft Supply Group #303,Furniture,Mumbai,West,contact303@heritagefurnishings.com,0.8518518518518519,0.8061538461538461,0.7368421052631576
SUP-CAT3-0304,Heritage Furnishings Co. #304,Furniture,Portland,North,contact304@oakline.com,0.5555555555555556,0.3153846153846154,0.05263157894736848
SUP-CAT3-0305,Comfort Works LLC #305,Furniture,Seattle,East,contact305@heritagefurnishings.com,0.7777777777777778,0.07846153846153846,0.6315789473684212
SUP-CAT3-0306,Heritage Furnishings Inc. #306,Furniture,Denver,West,contact306@comfortworks.com,0.2222222222222222,0.7548717948717949,0.8421052631578946
SUP-CAT3-0307,WoodCraft Supply Co. #307,Furniture,Phoenix,West,contact307@solidframe.com,0.18518518518518517,0.36205128205128206,0.3684210526315788
SUP-CAT3-0308,Comfort Works Co. #308,Furniture,Denver,East,contact308@woodcraftsupply.com,0.5925925925925926,0.6733333333333333,0.7894736842105261
SUP-CAT3-0309,Solidframe Partners #309,Furniture,Columbus,East,contact309@woodcraftsupply.com,0.25925925925925924,0.37384615384615383,0.3157894736842103
SUP-CAT3-0310,Solidframe Ltd. #310,Furniture,Phoenix,Central,contact310@heritagefurnishings.com,0.1111111111111111,0.8641025641025641,0.894736842105263
SUP-CAT3-0311,WoodCraft Supply Distributors #311,Furniture,Denver,South,contact311@heritagefurnishings.com,0.8148148148148148,0.6102564102564103,0.5789473684210528
SUP-CAT3-0312,Comfort Works Group #312,Furniture,Mumbai,Central,contact312@comfortworks.com,0.9629629629629629,0.16666666666666666,0.7894736842105261
SUP-CAT3-0313,WoodCraft Supply Inc. #313,Furniture,Portland,West,contact313@woodcraftsupply.com,0.9629629629629629,0.24717948717948718,0.7368421052631576
SUP-CAT3-0314,WoodCraft Supply Distributors #314,Furniture,Denver,East,contact314@heritagefurnishings.com,0.1111111111111111,0.22615384615384615,0.05263157894736848
SUP-CAT3-0315,Oakline Co. #315,Furniture,Denver,Central,contact315@oakline.com,0.07407407407407407,0.39487179487179486,0.5789473684210528
SUP-CAT3-0316,Solidframe Supply Chain #316,Furniture,Atlanta,South,contact316@oakline.com,0.5185185185185185,0.8876923076923077,0.4210526315789473
SUP-CAT3-0317,Oakline Partners #317,Furniture,Phoenix,West,contact317@woodcraftsupply.com,0.8518518518518519,0.3333333333333333,0.4210526315789473
SUP-CAT3-0318,WoodCraft Supply LLC #318,Furniture,Denver,West,contact318@oakline.com,0.14814814814814814,0.13282051282051283,0.47368421052631576
SUP-CAT3-0319,Comfort Works LLC #319,Furniture,Seattle,West,contact319@comfortworks.com,0.9629629629629629,0.2682051282051282,0.05263157894736848
SUP-CAT3-0320,WoodCraft Supply Partners #320,Furniture,Newark,North,contact320@comfortworks.com,0.8148148148148148,0.7138461538461538,0.21052631578947334
SUP-CAT3-0321,Comfort Works LLC #321,Furniture,Miami,East,contact321@woodcraftsupply.com,0.37037037037037035,0.9948717948717949,0.10526315789473638
SUP-CAT3-0322,Oakline Distributors #322,Furniture,Hanoi,Central,contact322@woodcraftsupply.com,0.8888888888888888,0.5358974358974359,0.3157894736842103
SUP-CAT3-0323,Heritage Furnishings Ltd. #323,Furniture,Atlanta,West,contact323@heritagefurnishings.com,0.48148148148148145,0.1076923076923077,0.9473684210526315
SUP-CAT3-0324,Solidframe Co. #324,Furniture,Seattle,Central,contact324@oakline.com,0.8888888888888888,0.12512820512820513,0.894736842105263
SUP-CAT3-0325,Heritage Furnishings Inc. #325,Furniture,Phoenix,Central,contact325@woodcraftsupply.com,0.9259259259259259,0.10717948717948718,0.6842105263157897
SUP-CAT3-0326,Oakline Distributors #326,Furniture,Mumbai,East,contact326@heritagefurnishings.com,0.48148148148148145,0.8492307692307692,0.21052631578947334
SUP-CAT3-0327,Oakline Ltd. #327,Furniture,Denver,West,contact327@comfortworks.com,0.07407407407407407,0.583076923076923,0.7894736842105261
SUP-CAT3-0328,Solidframe Distributors #328,Furniture,Columbus,South,contact328@heritagefurnishings.com,0.7777777777777778,0.3605128205128205,0.8421052631578946
SUP-CAT3-0329,Oakline Partners #329,Furniture,Atlanta,Central,contact329@oakline.com,0.3333333333333333,0.03794871794871795,0.3684210526315788
SUP-CAT3-0330,Comfort Works Ltd. #330,Furniture,Columbus,West,contact330@woodcraftsupply.com,0.7777777777777778,0.6994871794871795,0.7368421052631576
SUP-CAT3-0331,WoodCraft Supply Group #331,Furniture,Newark,North,contact331@solidframe.com,0.8518518518518519,0.8241025641025641,0.2631578947368418
SUP-CAT3-0332,Oakline Wholesale #332,Furniture,Chicago,North,contact332@heritagefurnishings.com,0.9259259259259259,0.12358974358974359,0.3157894736842103
SUP-CAT3-0333,Comfort Works Inc. #333,Furniture,Phoenix,Central,contact333@comfortworks.com,0.4074074074074074,0.7948717948717948,0.05263157894736848
SUP-CAT3-0334,Comfort Works Inc. #334,Furniture,Portland,South,contact334@comfortworks.com,0.14814814814814814,0.8712820512820513,0.4210526315789473
SUP-CAT3-0335,WoodCraft Supply Trading #335,Furniture,Denver,Central,contact335@comfortworks.com,0.14814814814814814,0.5820512820512821,0.05263157894736848
SUP-CAT3-0336,WoodCraft Supply Partners #336,Furniture,Atlanta,West,contact336@woodcraftsupply.com,0.5925925925925926,0.02358974358974359,0.6842105263157897
SUP-CAT3-0337,Solidframe Trading #337,Furniture,Newark,East,contact337@heritagefurnishings.com,0.1111111111111111,0.6661538461538462,0.894736842105263
SUP-CAT3-0338,Solidframe Wholesale #338,Furniture,Miami,West,contact338@heritagefurnishings.com,0.48148148148148145,0.10102564102564103,0.7368421052631576
SUP-CAT3-0339,Solidframe Partners #339,Furniture,Phoenix,South,contact339@woodcraftsupply.com,0.48148148148148145,0.7497435897435898,1.0
SUP-CAT3-0340,Solidframe Trading #340,Furniture,Hanoi,East,contact340@comfortworks.com,1.0,0.7528205128205128,0.6842105263157897
SUP-CAT3-0341,Comfort Works Supply Chain #341,Furniture,Rotterdam,Central,contact341@heritagefurnishings.com,0.1111111111111111,0.3646153846153846,0.6315789473684212
SUP-CAT3-0342,Solidframe Distributors #342,Furniture,Chicago,Central,contact342@comfortworks.com,0.5185185185185185,0.5615384615384615,0.8421052631578946
SUP-CAT3-0343,Heritage Furnishings Partners #343,Furniture,Miami,North,contact343@woodcraftsupply.com,0.4074074074074074,0.7405128205128205,0.9473684210526315
SUP-CAT3-0344,Comfort Works Partners #344,Furniture,Columbus,South,contact344@heritagefurnishings.com,1.0,0.5517948717948717,0.6315789473684212
SUP-CAT3-0345,Oakline Trading #345,Furniture,Atlanta,West,contact345@heritagefurnishings.com,0.037037037037037035,0.5953846153846154,0.894736842105263
SUP-CAT3-0346,WoodCraft Supply LLC #346,Furniture,Atlanta,Central,contact346@heritagefurnishings.com,0.48148148148148145,0.7764102564102564,0.15789473684210487
SUP-CAT3-0347,Heritage Furnishings Co. #347,Furniture,Shenzhen,Central,contact347@solidframe.com,0.1111111111111111,0.9574358974358974,0.21052631578947334
SUP-CAT3-0348,Comfort Works Inc. #348,Furniture,Osaka,West,contact348@comfortworks.com,0.37037037037037035,0.46717948717948715,0.894736842105263
SUP-CAT3-0349,WoodCraft Supply Wholesale #349,Furniture,Shenzhen,South,contact349@oakline.com,0.9259259259259259,0.3605128205128205,0.0
SUP-CAT3-0350,Solidframe Partners #350,Furniture,Atlanta,Central,contact350@oakline.com,0.037037037037037035,0.9989743589743589,0.8421052631578946
SUP-CAT3-0351,Solidframe Distributors #351,Furniture,Newark,Central,contact351@comfortworks.com,0.6666666666666666,0.5646153846153846,0.9473684210526315
SUP-CAT3-0352,Solidframe Trading #352,Furniture,Hanoi,West,contact352@oakline.com,0.3333333333333333,0.7671794871794871,0.7368421052631576
SUP-CAT3-0353,WoodCraft Supply Ltd. #353,Furniture,Osaka,South,contact353@oakline.com,0.2222222222222222,0.5615384615384615,0.0
SUP-CAT3-0354,WoodCraft Supply Partners #354,Furniture,Atlanta,North,contact354@solidframe.com,0.07407407407407407,0.6369230769230769,0.3157894736842103
SUP-CAT3-0355,Solidframe Wholesale #355,Furniture,Atlanta,South,contact355@comfortworks.com,0.2962962962962963,0.9030769230769231,0.10526315789473638
SUP-CAT3-0356,Solidframe Group #356,Furniture,Newark,North,contact356@oakline.com,0.2222222222222222,0.378974358974359,0.2631578947368418
SUP-CAT3-0357,Solidframe Partners #357,Furniture,Phoenix,North,contact357@comfortworks.com,0.5185185185185185,0.6717948717948717,0.21052631578947334
SUP-CAT3-0358,Oakline Supply Chain #358,Furniture,Shenzhen,North,contact358@comfortworks.com,0.8518518518518519,0.9517948717948718,0.47368421052631576
SUP-CAT3-0359,Oakline Trading #359,Furniture,Rotterdam,Central,contact359@oakline.com,0.8888888888888888,0.02564102564102564,1.0
SUP-CAT3-0360,WoodCraft Supply Trading #360,Furniture,Shenzhen,South,contact360@comfortworks.com,0.18518518518518517,0.5958974358974359,0.5263157894736843
SUP-CAT3-0361,Heritage Furnishings Wholesale #361,Furniture,Mumbai,South,contact361@oakline.com,0.037037037037037035,0.28923076923076924,0.10526315789473638
SUP-CAT3-0362,Comfort Works Partners #362,Furniture,Atlanta,Central,contact362@heritagefurnishings.com,1.0,0.6697435897435897,0.5263157894736843
SUP-CAT3-0363,Oakline Inc. #363,Furniture,Columbus,South,contact363@comfortworks.com,0.4074074074074074,0.11487179487179487,0.15789473684210487
SUP-CAT3-0364,Solidframe Trading #364,Furniture,Hanoi,Central,contact364@solidframe.com,0.2962962962962963,0.8307692307692308,0.0
SUP-CAT3-0365,Solidframe LLC #365,Furniture,Osaka,North,contact365@solidframe.com,0.8148148148148148,0.3384615384615385,0.6315789473684212
SUP-CAT3-0366,WoodCraft Supply Partners #366,Furniture,Osaka,East,contact366@solidframe.com,0.5185185185185185,0.9846153846153847,0.8421052631578946
SUP-CAT3-0367,Comfort Works Trading #367,Furniture,Hanoi,Central,contact367@oakline.com,0.0,0.47692307692307695,0.9473684210526315
SUP-CAT3-0368,WoodCraft Supply Trading #368,Furniture,Shenzhen,North,contact368@solidframe.com,0.07407407407407407,0.4533333333333333,0.05263157894736848
SUP-CAT3-0369,Comfort Works Supply Chain #369,Furniture,Denver,Central,contact369@woodcraftsupply.com,0.6296296296296297,0.7543589743589744,0.894736842105263
SUP-CAT3-0370,Heritage Furnishings Group #370,Furniture,Chicago,North,contact370@heritagefurnishings.com,0.3333333333333333,0.76,0.7368421052631576
SUP-CAT3-0371,WoodCraft Supply Co. #371,Furniture,Hanoi,East,contact371@solidframe.com,0.25925925925925924,0.8630769230769231,0.894736842105263
SUP-CAT3-0372,Heritage Furnishings Wholesale #372,Furniture,Hanoi,East,contact372@woodcraftsupply.com,0.8518518518518519,0.5697435897435897,0.5263157894736843
SUP-CAT3-0373,Oakline Distributors #373,Furniture,Miami,East,contact373@comfortworks.com,1.0,0.7589743589743589,0.5263157894736843
SUP-CAT3-0374,Comfort Works Ltd. #374,Furniture,Osaka,Central,contact374@heritagefurnishings.com,0.2962962962962963,0.5774358974358974,0.15789473684210487
SUP-CAT3-0375,Solidframe Wholesale #375,Furniture,Newark,South,contact375@heritagefurnishings.com,0.7777777777777778,0.42153846153846153,0.9473684210526315
SUP-CAT3-0376,Comfort Works Ltd. #376,Furniture,Columbus,South,contact376@comfortworks.com,0.2222222222222222,0.2923076923076923,0.3684210526315788
SUP-CAT3-0377,Heritage Furnishings LLC #377,Furniture,Mumbai,Central,contact377@solidframe.com,0.3333333333333333,0.8594871794871795,0.15789473684210487
SUP-CAT3-0378,Solidframe Wholesale #378,Furniture,Miami,East,contact378@oakline.com,0.5925925925925926,0.046153846153846156,0.3684210526315788
SUP-CAT3-0379,Comfort Works Supply Chain #379,Furniture,Phoenix,North,contact379@woodcraftsupply.com,1.0,0.2835897435897436,0.9473684210526315
SUP-CAT3-0380,Heritage Furnishings Wholesale #380,Furniture,Chicago,Central,contact380@heritagefurnishings.com,0.8888888888888888,0.221025641025641,0.21052631578947334
SUP-CAT3-0381,Heritage Furnishings Trading #381,Furniture,Mumbai,West,contact381@solidframe.com,0.1111111111111111,0.8292307692307692,0.21052631578947334
SUP-CAT3-0382,WoodCraft Supply LLC #382,Furniture,Shenzhen,West,contact382@heritagefurnishings.com,0.8148148148148148,0.4594871794871795,0.894736842105263
SUP-CAT3-0383,Oakline Group #383,Furniture,Phoenix,North,contact383@oakline.com,0.7037037037037037,0.08717948717948718,0.47368421052631576
SUP-CAT3-0384,Solidframe LLC #384,Furniture,Atlanta,Central,contact384@solidframe.com,0.1111111111111111,0.9271794871794872,1.0
SUP-CAT3-0385,Heritage Furnishings Inc. #385,Furniture,Dallas,Central,contact385@comfortworks.com,0.9259259259259259,0.5666666666666667,0.2631578947368418
SUP-CAT3-0386,WoodCraft Supply Inc. #386,Furniture,Rotterdam,North,contact386@oakline.com,0.5555555555555556,0.24153846153846154,0.2631578947368418
SUP-CAT3-0387,Oakline Supply Chain #387,Furniture,Columbus,West,contact387@heritagefurnishings.com,0.4444444444444444,0.9415384615384615,0.21052631578947334
SUP-CAT3-0388,WoodCraft Supply Co. #388,Furniture,Newark,South,contact388@comfortworks.com,0.25925925925925924,0.22923076923076924,0.10526315789473638
SUP-CAT3-0389,Comfort Works Inc. #389,Furniture,Mumbai,East,contact389@solidframe.com,0.8888888888888888,0.2158974358974359,0.2631578947368418
SUP-CAT3-0390,Heritage Furnishings Wholesale #390,Furniture,Osaka,Central,contact390@heritagefurnishings.com,0.5925925925925926,0.5902564102564103,0.47368421052631576
SUP-CAT3-0391,WoodCraft Supply Co. #391,Furniture,Hanoi,West,contact391@woodcraftsupply.com,0.14814814814814814,0.3384615384615385,0.05263157894736848
SUP-CAT3-0392,Heritage Furnishings Group #392,Furniture,Osaka,Central,contact392@heritagefurnishings.com,0.18518518518518517,0.1441025641025641,0.3684210526315788
SUP-CAT3-0393,Oakline Inc. #393,Furniture,Mumbai,East,contact393@solidframe.com,0.037037037037037035,0.6282051282051282,0.6842105263157897
SUP-CAT3-0394,Oakline Supply Chain #394,Furniture,Portland,North,contact394@comfortworks.com,0.48148148148148145,0.09589743589743589,0.6315789473684212
SUP-CAT3-0395,Solidframe Supply Chain #395,Furniture,Hanoi,South,contact395@solidframe.com,0.4074074074074074,0.32051282051282054,1.0
SUP-CAT3-0396,Comfort Works Distributors #396,Furniture,Portland,West,contact396@solidframe.com,0.9259259259259259,0.0758974358974359,0.05263157894736848
SUP-CAT3-0397,Heritage Furnishings Distributors #397,Furniture,Columbus,North,contact397@oakline.com,1.0,0.19692307692307692,0.10526315789473638
SUP-CAT3-0398,Heritage Furnishings Ltd. #398,Furniture,Portland,East,contact398@woodcraftsupply.com,0.2962962962962963,0.6574358974358975,0.6842105263157897
SUP-CAT3-0399,Comfort Works Group #399,Furniture,Chicago,South,contact399@woodcraftsupply.com,0.5185185185185185,0.2287179487179487,0.5263157894736843
SUP-CAT3-0400,Heritage Furnishings Supply Chain #400,Furniture,Hanoi,Central,contact400@heritagefurnishings.com,0.8518518518518519,0.6087179487179487,0.05263157894736848
SUP-CAT3-0401,WoodCraft Supply Partners #401,Furniture,Osaka,West,contact401@heritagefurnishings.com,0.8148148148148148,0.3446153846153846,0.6842105263157897
SUP-CAT3-0402,Solidframe Distributors #402,Furniture,Miami,South,contact402@oakline.com,0.5925925925925926,0.1594871794871795,0.9473684210526315
SUP-CAT3-0403,WoodCraft Supply LLC #403,Furniture,Shenzhen,South,contact403@heritagefurnishings.com,0.9629629629629629,0.6261538461538462,0.21052631578947334
SUP-CAT3-0404,WoodCraft Supply Partners #404,Furniture,Atlanta,East,contact404@oakline.com,1.0,0.40205128205128204,0.2631578947368418
SUP-CAT3-0405,Comfort Works Group #405,Furniture,Atlanta,South,contact405@comfortworks.com,1.0,0.5010256410256411,0.7368421052631576
SUP-CAT3-0406,Heritage Furnishings Partners #406,Furniture,Atlanta,East,contact406@woodcraftsupply.com,0.14814814814814814,0.26871794871794874,0.6315789473684212
SUP-CAT3-0407,Comfort Works Partners #407,Furniture,Seattle,East,contact407@oakline.com,0.5925925925925926,0.6779487179487179,0.21052631578947334
SUP-CAT3-0408,Solidframe Group #408,Furniture,Rotterdam,East,contact408@comfortworks.com,0.25925925925925924,0.5164102564102564,0.10526315789473638
SUP-CAT3-0409,WoodCraft Supply Wholesale #409,Furniture,Hanoi,West,contact409@comfortworks.com,0.4074074074074074,0.22256410256410256,0.21052631578947334
SUP-CAT3-0410,Heritage Furnishings Co. #410,Furniture,Dallas,North,contact410@woodcraftsupply.com,0.1111111111111111,0.19794871794871796,0.47368421052631576
SUP-CAT3-0411,Solidframe Partners #411,Furniture,Rotterdam,West,contact411@woodcraftsupply.com,1.0,0.4025641025641026,0.2631578947368418
SUP-CAT3-0412,Comfort Works Supply Chain #412,Furniture,Seattle,Central,contact412@woodcraftsupply.com,0.37037037037037035,0.64,0.6842105263157897
SUP-CAT3-0413,WoodCraft Supply Inc. #413,Furniture,Portland,West,contact413@heritagefurnishings.com,0.7407407407407407,0.8476923076923077,0.8421052631578946
SUP-CAT3-0414,Solidframe Co. #414,Furniture,Atlanta,West,contact414@heritagefurnishings.com,0.7037037037037037,0.17025641025641025,0.2631578947368418
SUP-CAT3-0415,Heritage Furnishings Trading #415,Furniture,Osaka,North,contact415@woodcraftsupply.com,0.07407407407407407,0.6415384615384615,0.05263157894736848
SUP-CAT3-0416,WoodCraft Supply LLC #416,Furniture,Hanoi,South,contact416@solidframe.com,0.6296296296296297,0.1517948717948718,0.5789473684210528
SUP-CAT3-0417,Comfort Works Partners #417,Furniture,Seattle,East,contact417@oakline.com,0.5555555555555556,0.15794871794871795,0.5789473684210528
SUP-CAT3-0418,Comfort Works Co. #418,Furniture,Osaka,West,contact418@heritagefurnishings.com,0.48148148148148145,0.4543589743589744,0.21052631578947334
SUP-CAT3-0419,Heritage Furnishings Trading #419,Furniture,Mumbai,Central,contact419@comfortworks.com,0.25925925925925924,0.6907692307692308,0.7894736842105261
SUP-CAT3-0420,Comfort Works Co. #420,Furniture,Seattle,West,contact420@heritagefurnishings.com,0.5185185185185185,0.9138461538461539,0.6842105263157897
SUP-CAT3-0421,WoodCraft Supply Wholesale #421,Furniture,Phoenix,Central,contact421@heritagefurnishings.com,0.8888888888888888,0.47435897435897434,0.6842105263157897
SUP-CAT3-0422,WoodCraft Supply Trading #422,Furniture,Miami,Central,contact422@heritagefurnishings.com,0.9629629629629629,0.12666666666666668,0.10526315789473638
SUP-CAT3-0423,Heritage Furnishings Wholesale #423,Furniture,Miami,Central,contact423@solidframe.com,0.7037037037037037,0.4646153846153846,0.10526315789473638
SUP-CAT3-0424,Oakline Ltd. #424,Furniture,Shenzhen,South,contact424@oakline.com,0.8148148148148148,0.6502564102564102,0.05263157894736848
SUP-CAT3-0425,WoodCraft Supply Partners #425,Furniture,Chicago,South,contact425@woodcraftsupply.com,0.8888888888888888,0.29384615384615387,0.21052631578947334
SUP-CAT3-0426,WoodCraft Supply Co. #426,Furniture,Osaka,East,contact426@solidframe.com,0.2222222222222222,0.7323076923076923,0.9473684210526315
SUP-CAT3-0427,Solidframe Supply Chain #427,Furniture,Shenzhen,West,contact427@solidframe.com,0.9259259259259259,0.8784615384615385,0.3157894736842103
SUP-CAT3-0428,Oakline Trading #428,Furniture,Osaka,Central,contact428@heritagefurnishings.com,0.9629629629629629,0.5456410256410257,0.7368421052631576
SUP-CAT3-0429,WoodCraft Supply Partners #429,Furniture,Miami,South,contact429@comfortworks.com,0.5185185185185185,0.9246153846153846,0.47368421052631576
SUP-CAT3-0430,WoodCraft Supply Co. #430,Furniture,Miami,Central,contact430@heritagefurnishings.com,0.7777777777777778,0.20871794871794871,0.3157894736842103
SUP-CAT3-0431,Comfort Works Supply Chain #431,Furniture,Chicago,West,contact431@woodcraftsupply.com,0.18518518518518517,0.8405128205128205,0.4210526315789473
SUP-CAT3-0432,Heritage Furnishings Co. #432,Furniture,Hanoi,North,contact432@oakline.com,0.0,0.6851282051282052,0.05263157894736848
SUP-CAT3-0433,Oakline Distributors #433,Furniture,Newark,North,contact433@oakline.com,0.3333333333333333,0.638974358974359,0.2631578947368418
SUP-CAT3-0434,Oakline LLC #434,Furniture,Dallas,East,contact434@solidframe.com,0.18518518518518517,0.3671794871794872,0.894736842105263
SUP-CAT3-0435,Solidframe Inc. #435,Furniture,Columbus,West,contact435@heritagefurnishings.com,0.25925925925925924,0.41743589743589743,0.3684210526315788
SUP-CAT3-0436,Heritage Furnishings Group #436,Furniture,Hanoi,East,contact436@solidframe.com,0.25925925925925924,0.1605128205128205,0.05263157894736848
SUP-CAT3-0437,Heritage Furnishings Co. #437,Furniture,Seattle,South,contact437@oakline.com,0.8148148148148148,0.1441025641025641,0.5263157894736843
SUP-CAT3-0438,WoodCraft Supply Group #438,Furniture,Mumbai,North,contact438@comfortworks.com,0.5555555555555556,0.07025641025641026,0.3684210526315788
SUP-CAT3-0439,Oakline Ltd. #439,Furniture,Denver,West,contact439@oakline.com,0.4074074074074074,0.5794871794871795,0.5789473684210528
SUP-CAT3-0440,Oakline Partners #440,Furniture,Phoenix,West,contact440@solidframe.com,0.5185185185185185,0.298974358974359,0.0
SUP-CAT3-0441,Solidframe LLC #441,Furniture,Portland,North,contact441@heritagefurnishings.com,0.8148148148148148,0.8374358974358974,0.3157894736842103
SUP-CAT3-0442,WoodCraft Supply Partners #442,Furniture,Mumbai,South,contact442@oakline.com,0.6296296296296297,0.23487179487179488,0.9473684210526315
SUP-CAT3-0443,WoodCraft Supply Inc. #443,Furniture,Seattle,Central,contact443@oakline.com,0.3333333333333333,0.5420512820512821,0.6842105263157897
SUP-CAT3-0444,Solidframe Co. #444,Furniture,Atlanta,East,contact444@oakline.com,0.6666666666666666,0.6353846153846154,0.15789473684210487
SUP-CAT3-0445,WoodCraft Supply Ltd. #445,Furniture,Seattle,North,contact445@comfortworks.com,0.9259259259259259,0.6015384615384616,1.0
SUP-CAT3-0446,Comfort Works Co. #446,Furniture,Seattle,East,contact446@woodcraftsupply.com,0.9629629629629629,0.37025641025641026,0.7894736842105261
SUP-CAT3-0447,Heritage Furnishings Group #447,Furniture,Osaka,Central,contact447@oakline.com,0.6666666666666666,0.8482051282051282,0.10526315789473638
SUP-CAT3-0448,Oakline Supply Chain #448,Furniture,Columbus,East,contact448@comfortworks.com,0.7037037037037037,0.8887179487179487,0.6842105263157897
SUP-CAT3-0449,Solidframe Supply Chain #449,Furniture,Shenzhen,East,contact449@woodcraftsupply.com,0.8148148148148148,0.43025641025641026,0.3684210526315788
SUP-CAT3-0450,Solidframe Group #450,Furniture,Shenzhen,South,contact450@solidframe.com,0.37037037037037035,0.3164102564102564,0.3684210526315788
SUP-CAT3-0451,Solidframe Partners #451,Furniture,Columbus,South,contact451@oakline.com,0.8518518518518519,0.40512820512820513,0.47368421052631576
SUP-CAT3-0452,Solidframe Distributors #452,Furniture,Miami,West,contact452@heritagefurnishings.com,1.0,0.3123076923076923,0.6842105263157897
SUP-CAT3-0453,Solidframe Distributors #453,Furniture,Portland,Central,contact453@heritagefurnishings.com,0.7777777777777778,0.25846153846153846,0.3684210526315788
SUP-CAT3-0454,Heritage Furnishings Partners #454,Furniture,Portland,North,contact454@oakline.com,0.18518518518518517,0.02358974358974359,0.4210526315789473
SUP-CAT3-0455,Comfort Works Co. #455,Furniture,Seattle,East,contact455@oakline.com,0.4444444444444444,0.04051282051282051,0.15789473684210487
SUP-CAT3-0456,WoodCraft Supply Partners #456,Furniture,Shenzhen,South,contact456@comfortworks.com,0.8148148148148148,0.5441025641025641,0.0
SUP-CAT3-0457,Comfort Works Supply Chain #457,Furniture,Columbus,East,contact457@heritagefurnishings.com,0.3333333333333333,0.902051282051282,0.0
SUP-CAT3-0458,Solidframe Partners #458,Furniture,Mumbai,Central,contact458@oakline.com,0.4074074074074074,0.4041025641025641,0.10526315789473638
SUP-CAT3-0459,Comfort Works Ltd. #459,Furniture,Seattle,East,contact459@heritagefurnishings.com,0.4444444444444444,0.24564102564102563,0.3157894736842103
SUP-CAT3-0460,WoodCraft Supply Wholesale #460,Furniture,Portland,East,contact460@oakline.com,0.5555555555555556,0.49230769230769234,0.9473684210526315
SUP-CAT3-0461,Heritage Furnishings Ltd. #461,Furniture,Newark,West,contact461@woodcraftsupply.com,0.8888888888888888,0.03435897435897436,0.5263157894736843
SUP-CAT3-0462,Comfort Works Trading #462,Furniture,Columbus,West,contact462@solidframe.com,0.48148148148148145,0.27692307692307694,0.5263157894736843
SUP-CAT3-0463,Heritage Furnishings Trading #463,Furniture,Portland,West,contact463@woodcraftsupply.com,0.037037037037037035,0.7984615384615384,0.05263157894736848
SUP-CAT3-0464,Solidframe Distributors #464,Furniture,Hanoi,West,contact464@oakline.com,0.7407407407407407,0.5261538461538462,0.5263157894736843
SUP-CAT3-0465,Heritage Furnishings Partners #465,Furniture,Newark,East,contact465@heritagefurnishings.com,0.48148148148148145,0.442051282051282,0.3684210526315788
SUP-CAT3-0466,Comfort Works Inc. #466,Furniture,Miami,West,contact466@comfortworks.com,0.4074074074074074,0.8420512820512821,0.2631578947368418
SUP-CAT3-0467,Heritage Furnishings LLC #467,Furniture,Mumbai,North,contact467@comfortworks.com,0.4444444444444444,0.8194871794871795,0.6842105263157897
SUP-CAT3-0468,Solidframe Group #468,Furniture,Phoenix,East,contact468@woodcraftsupply.com,0.5555555555555556,0.03230769230769231,0.9473684210526315
SUP-CAT3-0469,Comfort Works Partners #469,Furniture,Denver,East,contact469@woodcraftsupply.com,0.7037037037037037,0.14871794871794872,0.05263157894736848
SUP-CAT3-0470,WoodCraft Supply Inc. #470,Furniture,Seattle,East,contact470@comfortworks.com,0.8518518518518519,0.7128205128205128,0.3684210526315788
SUP-CAT3-0471,Comfort Works Trading #471,Furniture,Chicago,South,contact471@heritagefurnishings.com,0.9259259259259259,0.19897435897435897,0.10526315789473638
SUP-CAT3-0472,Comfort Works Supply Chain #472,Furniture,Seattle,North,contact472@oakline.com,0.48148148148148145,0.9251282051282051,0.8421052631578946
SUP-CAT3-0473,Heritage Furnishings Co. #473,Furniture,Columbus,North,contact473@comfortworks.com,0.6666666666666666,0.8517948717948718,0.15789473684210487
SUP-CAT3-0474,Oakline Trading #474,Furniture,Osaka,North,contact474@oakline.com,0.7037037037037037,0.08871794871794872,0.7894736842105261
SUP-CAT3-0475,Comfort Works Supply Chain #475,Furniture,Miami,North,contact475@solidframe.com,0.0,0.8215384615384616,0.2631578947368418
SUP-CAT3-0476,WoodCraft Supply Co. #476,Furniture,Dallas,East,contact476@solidframe.com,0.37037037037037035,0.8666666666666667,0.6315789473684212
SUP-CAT3-0477,Solidframe Trading #477,Furniture,Seattle,West,contact477@oakline.com,0.48148148148148145,0.7374358974358974,0.2631578947368418
SUP-CAT3-0478,Heritage Furnishings Trading #478,Furniture,Newark,West,contact478@solidframe.com,0.0,0.46923076923076923,0.3157894736842103
SUP-CAT3-0479,Oakline Distributors #479,Furniture,Rotterdam,East,contact479@solidframe.com,0.9259259259259259,0.02923076923076923,0.8421052631578946
SUP-CAT3-0480,Solidframe LLC #480,Furniture,Seattle,East,contact480@woodcraftsupply.com,0.5555555555555556,0.8738461538461538,0.15789473684210487
SUP-CAT3-0481,Solidframe Inc. #481,Furniture,Denver,West,contact481@oakline.com,0.25925925925925924,0.6994871794871795,0.5789473684210528
SUP-CAT3-0482,Oakline Group #482,Furniture,Hanoi,South,contact482@oakline.com,0.1111111111111111,0.18564102564102564,0.2631578947368418
SUP-CAT3-0483,Oakline Trading #483,Furniture,Shenzhen,North,contact483@woodcraftsupply.com,0.7777777777777778,0.1482051282051282,0.5263157894736843
SUP-CAT3-0484,Comfort Works Ltd. #484,Furniture,Shenzhen,West,contact484@solidframe.com,0.6666666666666666,0.8456410256410256,0.894736842105263
SUP-CAT3-0485,Comfort Works Partners #485,Furniture,Phoenix,West,contact485@comfortworks.com,0.37037037037037035,0.12923076923076923,0.10526315789473638
SUP-CAT3-0486,Heritage Furnishings Co. #486,Furniture,Newark,North,contact486@comfortworks.com,0.2962962962962963,0.41025641025641024,0.5789473684210528
SUP-CAT3-0487,WoodCraft Supply Partners #487,Furniture,Miami,East,contact487@woodcraftsupply.com,0.9259259259259259,0.10358974358974359,0.6315789473684212
SUP-CAT3-0488,Comfort Works Trading #488,Furniture,Phoenix,West,contact488@comfortworks.com,0.48148148148148145,0.46153846153846156,0.5263157894736843
SUP-CAT3-0489,WoodCraft Supply Ltd. #489,Furniture,Miami,East,contact489@solidframe.com,0.7037037037037037,0.08256410256410257,0.5789473684210528
SUP-CAT3-0490,Solidframe Ltd. #490,Furniture,Rotterdam,Central,contact490@oakline.com,0.9629629629629629,0.9476923076923077,1.0
SUP-CAT3-0491,Heritage Furnishings Group #491,Furniture,Shenzhen,East,contact491@heritagefurnishings.com,0.2222222222222222,0.10461538461538461,0.8421052631578946
SUP-CAT3-0492,WoodCraft Supply Wholesale #492,Furniture,Osaka,North,contact492@solidframe.com,0.4074074074074074,0.9682051282051282,0.15789473684210487
SUP-CAT3-0493,Oakline Wholesale #493,Furniture,Shenzhen,East,contact493@woodcraftsupply.com,0.0,0.2712820512820513,0.5263157894736843
SUP-CAT3-0494,Heritage Furnishings Wholesale #494,Furniture,Chicago,South,contact494@solidframe.com,0.48148148148148145,0.1558974358974359,0.5263157894736843
SUP-CAT3-0495,Solidframe Group #495,Furniture,Phoenix,North,contact495@woodcraftsupply.com,0.6296296296296297,0.6441025641025641,0.8421052631578946
SUP-CAT3-0496,Oakline Inc. #496,Furniture,Hanoi,West,contact496@woodcraftsupply.com,0.07407407407407407,0.6564102564102564,0.9473684210526315
SUP-CAT3-0497,Solidframe Distributors #497,Furniture,Miami,West,contact497@solidframe.com,0.14814814814814814,0.7651282051282051,0.6842105263157897
SUP-CAT3-0498,WoodCraft Supply Inc. #498,Furniture,Shenzhen,West,contact498@solidframe.com,0.0,0.8784615384615385,0.7368421052631576
SUP-CAT3-0499,Comfort Works Wholesale #499,Furniture,Seattle,Central,contact499@comfortworks.com,0.5925925925925926,0.006153846153846154,0.47368421052631576
SUP-CAT3-0500,Comfort Works Inc. #500,Furniture,Phoenix,West,contact500@oakline.com,0.7777777777777778,0.14307692307692307,0.05263157894736848
SUP-CAT3-0501,WoodCraft Supply Ltd. #501,Furniture,Chicago,North,contact501@comfortworks.com,0.8148148148148148,0.02564102564102564,0.894736842105263
SUP-CAT3-0502,Solidframe Group #502,Furniture,Portland,East,contact502@comfortworks.com,0.4074074074074074,0.8697435897435898,0.894736842105263
SUP-CAT3-0503,Heritage Furnishings Trading #503,Furniture,Mumbai,Central,contact503@oakline.com,0.14814814814814814,0.7856410256410257,0.5789473684210528
SUP-CAT3-0504,Oakline Inc. #504,Furniture,Columbus,North,contact504@oakline.com,0.1111111111111111,0.6948717948717948,0.47368421052631576
SUP-CAT3-0505,WoodCraft Supply Distributors #505,Furniture,Rotterdam,East,contact505@woodcraftsupply.com,0.14814814814814814,0.5723076923076923,0.0
SUP-CAT3-0506,Comfort Works Partners #506,Furniture,Seattle,West,contact506@solidframe.com,0.5555555555555556,0.4502564102564103,0.3684210526315788
SUP-CAT3-0507,Oakline Co. #507,Furniture,Miami,West,contact507@woodcraftsupply.com,1.0,0.28615384615384615,0.6842105263157897
SUP-CAT3-0508,Comfort Works Trading #508,Furniture,Phoenix,Central,contact508@comfortworks.com,0.14814814814814814,0.9123076923076923,0.4210526315789473
SUP-CAT3-0509,Oakline LLC #509,Furniture,Hanoi,West,contact509@oakline.com,0.037037037037037035,0.1682051282051282,0.894736842105263
SUP-CAT3-0510,Solidframe Ltd. #510,Furniture,Seattle,West,contact510@comfortworks.com,0.7777777777777778,0.1523076923076923,0.7368421052631576
SUP-CAT3-0511,WoodCraft Supply Wholesale #511,Furniture,Osaka,North,contact511@oakline.com,0.7407407407407407,0.19333333333333333,0.9473684210526315
SUP-CAT3-0512,Comfort Works LLC #512,Furniture,Atlanta,North,contact512@woodcraftsupply.com,0.3333333333333333,0.7230769230769231,0.6315789473684212
SUP-CAT3-0513,Oakline Partners #513,Furniture,Dallas,North,contact513@comfortworks.com,1.0,0.29435897435897435,0.9473684210526315
SUP-CAT3-0514,Heritage Furnishings Ltd. #514,Furniture,Portland,North,contact514@heritagefurnishings.com,0.48148148148148145,0.02666666666666667,0.6842105263157897
SUP-CAT3-0515,Oakline Partners #515,Furniture,Portland,West,contact515@heritagefurnishings.com,0.1111111111111111,0.9497435897435897,0.15789473684210487
SUP-CAT3-0516,Oakline Ltd. #516,Furniture,Hanoi,East,contact516@comfortworks.com,0.9629629629629629,0.5948717948717949,0.4210526315789473
SUP-CAT3-0517,Comfort Works LLC #517,Furniture,Denver,South,contact517@woodcraftsupply.com,0.0,0.38871794871794874,0.5263157894736843
SUP-CAT3-0518,Solidframe Trading #518,Furniture,Dallas,Central,contact518@woodcraftsupply.com,1.0,0.9148717948717948,0.6842105263157897
SUP-CAT3-0519,Oakline Supply Chain #519,Furniture,Miami,East,contact519@oakline.com,0.5555555555555556,0.37846153846153846,0.15789473684210487
SUP-CAT3-0520,Oakline Distributors #520,Furniture,Seattle,South,contact520@oakline.com,0.6666666666666666,0.8923076923076924,0.47368421052631576
SUP-CAT3-0521,Solidframe Supply Chain #521,Furniture,Osaka,North,contact521@heritagefurnishings.com,0.7407407407407407,0.6071794871794872,0.7894736842105261
SUP-CAT3-0522,Oakline Trading #522,Furniture,Portland,South,contact522@comfortworks.com,0.8518518518518519,0.5030769230769231,0.9473684210526315
SUP-CAT3-0523,Comfort Works Supply Chain #523,Furniture,Dallas,South,contact523@solidframe.com,1.0,0.41435897435897434,0.15789473684210487
SUP-CAT3-0524,Oakline Partners #524,Furniture,Atlanta,East,contact524@woodcraftsupply.com,0.3333333333333333,0.5005128205128205,0.21052631578947334
SUP-CAT3-0525,Heritage Furnishings Distributors #525,Furniture,Atlanta,Central,contact525@solidframe.com,0.5555555555555556,0.27589743589743587,0.3157894736842103
SUP-CAT3-0526,Solidframe Inc. #526,Furniture,Newark,North,contact526@woodcraftsupply.com,0.37037037037037035,0.7215384615384616,0.6842105263157897
SUP-CAT3-0527,Heritage Furnishings Trading #527,Furniture,Miami,East,contact527@oakline.com,0.48148148148148145,0.5676923076923077,1.0
SUP-CAT3-0528,WoodCraft Supply Ltd. #528,Furniture,Phoenix,North,contact528@solidframe.com,0.3333333333333333,0.8312820512820512,0.47368421052631576
SUP-CAT3-0529,Solidframe Inc. #529,Furniture,Miami,Central,contact529@oakline.com,0.4444444444444444,0.9917948717948718,0.9473684210526315
SUP-CAT3-0530,Heritage Furnishings Inc. #530,Furniture,Columbus,West,contact530@heritagefurnishings.com,0.5185185185185185,0.8687179487179487,0.7894736842105261
SUP-CAT3-0531,Heritage Furnishings Ltd. #531,Furniture,Mumbai,East,contact531@heritagefurnishings.com,0.8148148148148148,0.40307692307692305,0.3157894736842103
SUP-CAT3-0532,Comfort Works Ltd. #532,Furniture,Newark,South,contact532@solidframe.com,0.14814814814814814,0.5671794871794872,0.894736842105263
SUP-CAT3-0533,Oakline Trading #533,Furniture,Rotterdam,North,contact533@oakline.com,0.9629629629629629,0.20358974358974358,0.7368421052631576
SUP-CAT3-0534,Solidframe Supply Chain #534,Furniture,Phoenix,North,contact534@heritagefurnishings.com,0.4444444444444444,0.0558974358974359,0.15789473684210487
SUP-CAT3-0535,WoodCraft Supply Partners #535,Furniture,Portland,North,contact535@heritagefurnishings.com,0.6666666666666666,0.6594871794871795,0.7368421052631576
SUP-CAT3-0536,Heritage Furnishings Co. #536,Furniture,Dallas,South,contact536@heritagefurnishings.com,0.8518518518518519,0.01641025641025641,0.0
SUP-CAT3-0537,Solidframe Supply Chain #537,Furniture,Miami,South,contact537@oakline.com,0.4074074074074074,0.4717948717948718,0.05263157894736848
SUP-CAT3-0538,Heritage Furnishings Wholesale #538,Furniture,Shenzhen,North,contact538@heritagefurnishings.com,0.7777777777777778,0.4748717948717949,0.2631578947368418
SUP-CAT3-0539,Heritage Furnishings Ltd. #539,Furniture,Denver,East,contact539@heritagefurnishings.com,1.0,0.3251282051282051,0.7368421052631576
SUP-CAT3-0540,Solidframe Wholesale #540,Furniture,Mumbai,East,contact540@heritagefurnishings.com,0.1111111111111111,0.9174358974358975,0.10526315789473638
SUP-CAT3-0541,WoodCraft Supply Trading #541,Furniture,Denver,West,contact541@oakline.com,0.037037037037037035,0.18461538461538463,0.47368421052631576
SUP-CAT3-0542,Oakline Wholesale #542,Furniture,Denver,North,contact542@solidframe.com,0.037037037037037035,0.6856410256410257,0.9473684210526315
SUP-CAT3-0543,Comfort Works Partners #543,Furniture,Dallas,North,contact543@comfortworks.com,0.4444444444444444,0.5317948717948718,0.0
SUP-CAT3-0544,Heritage Furnishings Group #544,Furniture,Osaka,North,contact544@woodcraftsupply.com,0.5925925925925926,0.02,0.21052631578947334
SUP-CAT3-0545,Heritage Furnishings LLC #545,Furniture,Portland,West,contact545@heritagefurnishings.com,1.0,0.4451282051282051,0.7368421052631576
SUP-CAT3-0546,Heritage Furnishings Distributors #546,Furniture,Seattle,East,contact546@oakline.com,0.25925925925925924,0.3148717948717949,0.7368421052631576
SUP-CAT3-0547,Heritage Furnishings Ltd. #547,Furniture,Mumbai,West,contact547@heritagefurnishings.com,0.7037037037037037,0.2764102564102564,0.5789473684210528
SUP-CAT3-0548,Solidframe Partners #548,Furniture,Osaka,West,contact548@solidframe.com,0.4444444444444444,0.37846153846153846,0.894736842105263
SUP-CAT3-0549,Solidframe Partners #549,Furniture,Columbus,West,contact549@oakline.com,0.07407407407407407,0.7061538461538461,1.0
SUP-CAT3-0550,Comfort Works Partners #550,Furniture,Dallas,South,contact550@heritagefurnishings.com,0.8148148148148148,0.4123076923076923,0.9473684210526315
SUP-CAT3-0551,Comfort Works Wholesale #551,Furniture,Denver,East,contact551@oakline.com,0.5555555555555556,0.09692307692307692,0.894736842105263
SUP-CAT3-0552,Heritage Furnishings Supply Chain #552,Furniture,Seattle,Central,contact552@solidframe.com,0.37037037037037035,0.5271794871794871,0.2631578947368418
SUP-CAT3-0553,Oakline Trading #553,Furniture,Mumbai,Central,contact553@woodcraftsupply.com,0.4074074074074074,0.8953846153846153,0.3684210526315788
SUP-CAT3-0554,Solidframe Partners #554,Furniture,Chicago,South,contact554@solidframe.com,0.7037037037037037,0.3128205128205128,0.5789473684210528
SUP-CAT3-0555,Solidframe Wholesale #555,Furniture,Shenzhen,East,contact555@solidframe.com,0.8518518518518519,0.7887179487179488,0.3684210526315788
SUP-CAT3-0556,Oakline Supply Chain #556,Furniture,Mumbai,Central,contact556@heritagefurnishings.com,0.7407407407407407,0.6430769230769231,0.5789473684210528
SUP-CAT3-0557,Comfort Works Trading #557,Furniture,Newark,West,contact557@solidframe.com,0.7037037037037037,0.28615384615384615,0.6842105263157897
SUP-CAT3-0558,Solidframe Wholesale #558,Furniture,Newark,North,contact558@heritagefurnishings.com,0.9259259259259259,0.8887179487179487,0.894736842105263
SUP-CAT3-0559,Oakline Supply Chain #559,Furniture,Phoenix,West,contact559@solidframe.com,0.9629629629629629,0.803076923076923,0.9473684210526315
SUP-CAT3-0560,Heritage Furnishings Ltd. #560,Furniture,Rotterdam,South,contact560@heritagefurnishings.com,0.4074074074074074,0.13230769230769232,0.2631578947368418
SUP-CAT3-0561,Comfort Works Ltd. #561,Furniture,Denver,North,contact561@heritagefurnishings.com,0.8148148148148148,0.4087179487179487,0.10526315789473638
SUP-CAT3-0562,Solidframe LLC #562,Furniture,Phoenix,South,contact562@solidframe.com,0.4074074074074074,0.2876923076923077,0.5789473684210528
SUP-CAT3-0563,Comfort Works Group #563,Furniture,Atlanta,North,contact563@solidframe.com,0.9259259259259259,0.22,0.5789473684210528
SUP-CAT3-0564,Oakline Ltd. #564,Furniture,Portland,West,contact564@solidframe.com,0.4444444444444444,0.6246153846153846,0.6842105263157897
SUP-CAT3-0565,Heritage Furnishings LLC #565,Furniture,Newark,Central,contact565@solidframe.com,0.6296296296296297,0.98,0.894736842105263
SUP-CAT3-0566,Oakline Wholesale #566,Furniture,Mumbai,South,contact566@comfortworks.com,0.14814814814814814,0.3230769230769231,0.05263157894736848
SUP-CAT3-0567,WoodCraft Supply Supply Chain #567,Furniture,Dallas,East,contact567@comfortworks.com,0.5185185185185185,0.301025641025641,0.8421052631578946
SUP-CAT3-0568,Comfort Works Partners #568,Furniture,Hanoi,Central,contact568@solidframe.com,0.5185185185185185,0.2117948717948718,0.2631578947368418
SUP-CAT3-0569,Oakline Supply Chain #569,Furniture,Atlanta,South,contact569@comfortworks.com,0.6666666666666666,0.4958974358974359,0.15789473684210487
SUP-CAT3-0570,Oakline Co. #570,Furniture,Dallas,South,contact570@heritagefurnishings.com,0.14814814814814814,0.18051282051282053,0.5789473684210528
SUP-CAT3-0571,WoodCraft Supply Partners #571,Furniture,Columbus,East,contact571@oakline.com,0.4074074074074074,0.6723076923076923,0.3157894736842103
SUP-CAT3-0572,WoodCraft Supply Distributors #572,Furniture,Columbus,South,contact572@woodcraftsupply.com,0.2222222222222222,0.9641025641025641,0.894736842105263
SUP-CAT3-0573,WoodCraft Supply Group #573,Furniture,Dallas,South,contact573@solidframe.com,0.37037037037037035,0.64,0.21052631578947334
SUP-CAT3-0574,WoodCraft Supply Inc. #574,Furniture,Osaka,South,contact574@oakline.com,0.5185185185185185,0.07743589743589743,0.894736842105263
SUP-CAT3-0575,WoodCraft Supply Distributors #575,Furniture,Newark,North,contact575@comfortworks.com,0.5555555555555556,0.2958974358974359,0.3684210526315788
SUP-CAT3-0576,Solidframe Partners #576,Furniture,Atlanta,West,contact576@solidframe.com,0.25925925925925924,0.0071794871794871795,0.6315789473684212
SUP-CAT3-0577,WoodCraft Supply LLC #577,Furniture,Portland,Central,contact577@heritagefurnishings.com,0.9259259259259259,0.9861538461538462,0.4210526315789473
SUP-CAT3-0578,Oakline Partners #578,Furniture,Columbus,Central,contact578@woodcraftsupply.com,0.7407407407407407,0.4025641025641026,0.6315789473684212
SUP-CAT3-0579,Oakline Wholesale #579,Furniture,Osaka,West,contact579@solidframe.com,0.25925925925925924,0.06871794871794872,0.05263157894736848
SUP-CAT3-0580,WoodCraft Supply Ltd. #580,Furniture,Chicago,North,contact580@oakline.com,0.8518518518518519,0.20051282051282052,0.3684210526315788
SUP-CAT3-0581,Solidframe Co. #581,Furniture,Miami,North,contact581@woodcraftsupply.com,0.7407407407407407,0.3882051282051282,0.9473684210526315
SUP-CAT3-0582,Oakline LLC #582,Furniture,Seattle,South,contact582@woodcraftsupply.com,0.5185185185185185,0.05128205128205128,0.3684210526315788
SUP-CAT3-0583,WoodCraft Supply Trading #583,Furniture,Chicago,West,contact583@comfortworks.com,0.8518518518518519,0.5353846153846153,0.3157894736842103
SUP-CAT3-0584,Oakline Distributors #584,Furniture,Chicago,East,contact584@heritagefurnishings.com,0.48148148148148145,0.6871794871794872,0.4210526315789473
SUP-CAT3-0585,WoodCraft Supply Wholesale #585,Furniture,Atlanta,South,contact585@woodcraftsupply.com,0.37037037037037035,0.32153846153846155,0.5263157894736843
SUP-CAT3-0586,Oakline Inc. #586,Furniture,Newark,Central,contact586@oakline.com,1.0,0.45897435897435895,0.3684210526315788
SUP-CAT3-0587,Oakline Supply Chain #587,Furniture,Newark,West,contact587@solidframe.com,0.7777777777777778,0.982051282051282,0.894736842105263
SUP-CAT3-0588,Oakline Partners #588,Furniture,Portland,North,contact588@solidframe.com,0.7407407407407407,0.24564102564102563,0.47368421052631576
SUP-CAT3-0589,Solidframe Co. #589,Furniture,Newark,East,contact589@solidframe.com,0.6666666666666666,0.6871794871794872,0.3157894736842103
SUP-CAT3-0590,Solidframe LLC #590,Furniture,Dallas,South,contact590@comfortworks.com,0.6296296296296297,0.8035897435897436,0.2631578947368418
SUP-CAT3-0591,Heritage Furnishings LLC #591,Furniture,Dallas,North,contact591@heritagefurnishings.com,0.7037037037037037,0.34307692307692306,0.10526315789473638
SUP-CAT3-0592,Solidframe Trading #592,Furniture,Newark,South,contact592@solidframe.com,1.0,0.09641025641025641,0.0
SUP-CAT3-0593,Heritage Furnishings Ltd. #593,Furniture,Rotterdam,North,contact593@woodcraftsupply.com,0.6296296296296297,0.8625641025641025,0.7368421052631576
SUP-CAT3-0594,Oakline LLC #594,Furniture,Portland,South,contact594@solidframe.com,0.7777777777777778,0.3564102564102564,0.9473684210526315
SUP-CAT3-0595,Comfort Works Co. #595,Furniture,Rotterdam,North,contact595@oakline.com,0.8518518518518519,0.7841025641025641,0.05263157894736848
SUP-CAT3-0596,Comfort Works Inc. #596,Furniture,Shenzhen,East,contact596@solidframe.com,0.25925925925925924,0.21794871794871795,0.3684210526315788
SUP-CAT3-0597,WoodCraft Supply Partners #597,Furniture,Portland,Central,contact597@heritagefurnishings.com,0.6666666666666666,0.01641025641025641,0.05263157894736848
SUP-CAT3-0598,Heritage Furnishings Distributors #598,Furniture,Seattle,South,contact598@oakline.com,0.9259259259259259,0.6717948717948717,0.3684210526315788
SUP-CAT3-0599,Oakline Partners #599,Furniture,Denver,East,contact599@solidframe.com,0.5555555555555556,0.721025641025641,0.3157894736842103
SUP-CAT3-0600,Comfort Works Partners #600,Furniture,Dallas,West,contact600@solidframe.com,0.5185185185185185,0.8528205128205129,0.4210526315789473
SUP-CAT3-0601,WoodCraft Supply Partners #601,Furniture,Shenzhen,East,contact601@comfortworks.com,0.48148148148148145,0.7097435897435898,0.6842105263157897
SUP-CAT3-0602,Solidframe Trading #602,Furniture,Phoenix,West,contact602@comfortworks.com,0.5925925925925926,0.4897435897435897,0.7894736842105261
SUP-CAT3-0603,Heritage Furnishings Ltd. #603,Furniture,Osaka,Central,contact603@solidframe.com,0.8518518518518519,0.9538461538461539,0.6842105263157897
SUP-CAT3-0604,Oakline Supply Chain #604,Furniture,Newark,North,contact604@heritagefurnishings.com,0.7037037037037037,0.5102564102564102,0.47368421052631576
SUP-CAT3-0605,Comfort Works Wholesale #605,Furniture,Portland,East,contact605@solidframe.com,0.9629629629629629,0.5825641025641025,0.10526315789473638
SUP-CAT3-0606,WoodCraft Supply Partners #606,Furniture,Dallas,West,contact606@comfortworks.com,0.5925925925925926,0.6579487179487179,0.7894736842105261
SUP-CAT3-0607,Solidframe Group #607,Furniture,Miami,South,contact607@woodcraftsupply.com,0.14814814814814814,0.5405128205128205,0.7894736842105261
SUP-CAT3-0608,WoodCraft Supply Wholesale #608,Furniture,Mumbai,East,contact608@solidframe.com,0.4074074074074074,0.005128205128205128,0.7894736842105261
SUP-CAT3-0609,Comfort Works Partners #609,Furniture,Chicago,East,contact609@heritagefurnishings.com,0.1111111111111111,0.6851282051282052,0.4210526315789473
SUP-CAT3-0610,WoodCraft Supply Supply Chain #610,Furniture,Miami,South,contact610@solidframe.com,0.5555555555555556,0.46923076923076923,0.2631578947368418
SUP-CAT3-0611,Solidframe Partners #611,Furniture,Denver,East,contact611@comfortworks.com,0.14814814814814814,0.5112820512820513,0.7368421052631576
SUP-CAT3-0612,Heritage Furnishings Co. #612,Furniture,Chicago,South,contact612@comfortworks.com,0.0,0.5415384615384615,0.7368421052631576
SUP-CAT3-0613,WoodCraft Supply Wholesale #613,Furniture,Phoenix,South,contact613@heritagefurnishings.com,0.0,0.3779487179487179,0.5263157894736843
SUP-CAT3-0614,Heritage Furnishings Distributors #614,Furniture,Phoenix,East,contact614@woodcraftsupply.com,0.25925925925925924,0.41794871794871796,0.05263157894736848
SUP-CAT3-0615,Heritage Furnishings Supply Chain #615,Furniture,Osaka,Central,contact615@comfortworks.com,0.48148148148148145,0.5358974358974359,0.3684210526315788
SUP-CAT3-0616,Oakline Group #616,Furniture,Osaka,Central,contact616@heritagefurnishings.com,0.7407407407407407,0.4087179487179487,0.5789473684210528
SUP-CAT3-0617,Comfort Works LLC #617,Furniture,Newark,West,contact617@heritagefurnishings.com,0.1111111111111111,0.30923076923076925,0.05263157894736848
SUP-CAT3-0618,Heritage Furnishings Inc. #618,Furniture,Columbus,West,contact618@solidframe.com,0.7777777777777778,0.7343589743589743,0.6315789473684212
SUP-CAT3-0619,Solidframe Group #619,Furniture,Portland,East,contact619@comfortworks.com,0.07407407407407407,0.3646153846153846,0.05263157894736848
SUP-CAT3-0620,Heritage Furnishings Supply Chain #620,Furniture,Chicago,Central,contact620@solidframe.com,0.8518518518518519,0.2794871794871795,0.7894736842105261
SUP-CAT3-0621,Solidframe Distributors #621,Furniture,Columbus,North,contact621@oakline.com,0.037037037037037035,0.3333333333333333,0.9473684210526315
SUP-CAT3-0622,Heritage Furnishings Group #622,Furniture,Newark,East,contact622@oakline.com,0.48148148148148145,0.681025641025641,0.4210526315789473
SUP-CAT3-0623,Heritage Furnishings Wholesale #623,Furniture,Shenzhen,South,contact623@heritagefurnishings.com,0.48148148148148145,0.7312820512820513,0.15789473684210487
SUP-CAT3-0624,Comfort Works Distributors #624,Furniture,Denver,Central,contact624@heritagefurnishings.com,0.14814814814814814,0.10512820512820513,0.9473684210526315
SUP-CAT3-0625,WoodCraft Supply Wholesale #625,Furniture,Rotterdam,North,contact625@solidframe.com,0.18518518518518517,0.8728205128205129,0.4210526315789473
SUP-CAT3-0626,WoodCraft Supply Ltd. #626,Furniture,Hanoi,East,contact626@heritagefurnishings.com,0.6666666666666666,0.1671794871794872,0.47368421052631576
SUP-CAT3-0627,WoodCraft Supply Inc. #627,Furniture,Miami,North,contact627@woodcraftsupply.com,0.3333333333333333,0.5887179487179487,0.15789473684210487
SUP-CAT3-0628,Heritage Furnishings Partners #628,Furniture,Chicago,West,contact628@heritagefurnishings.com,0.9629629629629629,0.44564102564102565,0.2631578947368418
SUP-CAT3-0629,Comfort Works Partners #629,Furniture,Phoenix,East,contact629@oakline.com,0.8148148148148148,0.03128205128205128,0.8421052631578946
SUP-CAT3-0630,Solidframe Distributors #630,Furniture,Denver,South,contact630@oakline.com,0.1111111111111111,0.7302564102564103,0.47368421052631576
SUP-CAT3-0631,Oakline Inc. #631,Furniture,Columbus,North,contact631@solidframe.com,0.18518518518518517,0.05846153846153846,0.6842105263157897
SUP-CAT3-0632,Solidframe Supply Chain #632,Furniture,Mumbai,Central,contact632@heritagefurnishings.com,0.6666666666666666,0.5476923076923077,0.05263157894736848
SUP-CAT3-0633,Comfort Works Trading #633,Furniture,Miami,West,contact633@solidframe.com,0.6666666666666666,0.10102564102564103,0.3684210526315788
SUP-CAT3-0634,Heritage Furnishings LLC #634,Furniture,Newark,Central,contact634@heritagefurnishings.com,0.0,0.3523076923076923,0.7368421052631576
SUP-CAT3-0635,Oakline Supply Chain #635,Furniture,Mumbai,Central,contact635@oakline.com,0.6666666666666666,0.8082051282051282,0.21052631578947334
SUP-CAT3-0636,Solidframe Partners #636,Furniture,Mumbai,North,contact636@solidframe.com,0.7037037037037037,0.5364102564102564,0.9473684210526315
SUP-CAT3-0637,WoodCraft Supply Distributors #637,Furniture,Columbus,Central,contact637@heritagefurnishings.com,0.1111111111111111,0.5558974358974359,0.6315789473684212
SUP-CAT3-0638,Oakline Inc. #638,Furniture,Mumbai,Central,contact638@comfortworks.com,0.2222222222222222,0.6758974358974359,0.05263157894736848
SUP-CAT3-0639,Solidframe Trading #639,Furniture,Portland,Central,contact639@comfortworks.com,0.6296296296296297,0.03641025641025641,0.4210526315789473
SUP-CAT3-0640,WoodCraft Supply Inc. #640,Furniture,Atlanta,West,contact640@solidframe.com,0.6666666666666666,0.9425641025641026,0.3684210526315788
SUP-CAT3-0641,WoodCraft Supply Partners #641,Furniture,Atlanta,North,contact641@comfortworks.com,0.07407407407407407,0.7194871794871794,0.5263157894736843
SUP-CAT3-0642,Heritage Furnishings Partners #642,Furniture,Denver,West,contact642@heritagefurnishings.com,0.9259259259259259,0.44,0.3684210526315788
SUP-CAT3-0643,Heritage Furnishings Distributors #643,Furniture,Miami,South,contact643@solidframe.com,0.07407407407407407,0.9343589743589743,0.15789473684210487
SUP-CAT3-0644,Solidframe Group #644,Furniture,Osaka,West,contact644@oakline.com,0.3333333333333333,0.6994871794871795,0.5789473684210528
SUP-CAT3-0645,Oakline Ltd. #645,Furniture,Chicago,West,contact645@oakline.com,0.7407407407407407,0.35384615384615387,0.8421052631578946
SUP-CAT3-0646,Solidframe Trading #646,Furniture,Osaka,South,contact646@comfortworks.com,0.2222222222222222,0.2887179487179487,0.5263157894736843
SUP-CAT3-0647,Solidframe LLC #647,Furniture,Atlanta,West,contact647@heritagefurnishings.com,0.4074074074074074,0.6625641025641026,0.47368421052631576
SUP-CAT3-0648,Solidframe Supply Chain #648,Furniture,Shenzhen,East,contact648@solidframe.com,0.5925925925925926,0.717948717948718,0.3157894736842103
SUP-CAT3-0649,Solidframe Group #649,Furniture,Osaka,East,contact649@solidframe.com,0.9259259259259259,0.9348717948717948,0.9473684210526315
SUP-CAT3-0650,Solidframe Supply Chain #650,Furniture,Chicago,East,contact650@comfortworks.com,0.037037037037037035,0.02564102564102564,0.6315789473684212
SUP-CAT3-0651,Oakline Partners #651,Furniture,Phoenix,Central,contact651@oakline.com,1.0,0.4297435897435897,0.05263157894736848
SUP-CAT3-0652,Oakline LLC #652,Furniture,Newark,South,contact652@woodcraftsupply.com,1.0,0.04358974358974359,0.894736842105263
SUP-CAT3-0653,Comfort Works Trading #653,Furniture,Columbus,South,contact653@heritagefurnishings.com,0.4444444444444444,0.3717948717948718,0.5263157894736843
SUP-CAT3-0654,WoodCraft Supply Partners #654,Furniture,Osaka,North,contact654@woodcraftsupply.com,0.7407407407407407,0.05384615384615385,0.21052631578947334
SUP-CAT3-0655,Oakline Group #655,Furniture,Newark,South,contact655@woodcraftsupply.com,0.6296296296296297,0.98,0.15789473684210487
SUP-CAT3-0656,Oakline Inc. #656,Furniture,Miami,Central,contact656@heritagefurnishings.com,0.7407407407407407,0.5748717948717949,0.3157894736842103
SUP-CAT3-0657,Comfort Works LLC #657,Furniture,Denver,Central,contact657@heritagefurnishings.com,0.37037037037037035,0.2041025641025641,0.7894736842105261
SUP-CAT3-0658,Heritage Furnishings LLC #658,Furniture,Rotterdam,North,contact658@solidframe.com,0.37037037037037035,0.8964102564102564,0.5263157894736843
SUP-CAT3-0659,Heritage Furnishings LLC #659,Furniture,Mumbai,Central,contact659@woodcraftsupply.com,0.37037037037037035,0.6753846153846154,0.15789473684210487
SUP-CAT3-0660,Heritage Furnishings Ltd. #660,Furniture,Newark,West,contact660@solidframe.com,0.037037037037037035,0.7482051282051282,0.47368421052631576
SUP-CAT3-0661,Heritage Furnishings Supply Chain #661,Furniture,Seattle,South,contact661@woodcraftsupply.com,0.9259259259259259,0.2630769230769231,0.7368421052631576
SUP-CAT3-0662,Oakline Inc. #662,Furniture,Miami,East,contact662@heritagefurnishings.com,0.2962962962962963,0.7364102564102564,0.0
SUP-CAT3-0663,Heritage Furnishings Group #663,Furniture,Miami,East,contact663@oakline.com,0.5925925925925926,0.33589743589743587,0.7894736842105261
SUP-CAT3-0664,Solidframe Ltd. #664,Furniture,Chicago,South,contact664@solidframe.com,0.2222222222222222,0.3687179487179487,0.3157894736842103
SUP-CAT3-0665,Comfort Works Group #665,Furniture,Chicago,North,contact665@heritagefurnishings.com,0.25925925925925924,0.5230769230769231,0.3684210526315788
SUP-CAT3-0666,Heritage Furnishings LLC #666,Furniture,Portland,West,contact666@heritagefurnishings.com,0.07407407407407407,0.958974358974359,0.47368421052631576
SUP-CAT3-0667,Solidframe Partners #667,Furniture,Seattle,West,contact667@comfortworks.com,0.2222222222222222,0.8605128205128205,0.4210526315789473
SUP-CAT3-0668,Comfort Works Distributors #668,Furniture,Phoenix,East,contact668@comfortworks.com,0.0,0.9635897435897436,0.10526315789473638
SUP-CAT3-0669,Comfort Works Ltd. #669,Furniture,Columbus,Central,contact669@comfortworks.com,0.2962962962962963,0.08205128205128205,0.10526315789473638
SUP-CAT3-0670,Heritage Furnishings Ltd. #670,Furniture,Columbus,South,contact670@solidframe.com,0.5925925925925926,0.6882051282051282,0.9473684210526315
SUP-CAT3-0671,Comfort Works Partners #671,Furniture,Dallas,South,contact671@solidframe.com,0.4444444444444444,0.8317948717948718,1.0
SUP-CAT3-0672,WoodCraft Supply Supply Chain #672,Furniture,Mumbai,West,contact672@oakline.com,0.18518518518518517,0.6051282051282051,0.6842105263157897
SUP-CAT3-0673,Solidframe Inc. #673,Furniture,Osaka,South,contact673@comfortworks.com,0.37037037037037035,0.04461538461538461,0.47368421052631576
SUP-CAT3-0674,Oakline Trading #674,Furniture,Hanoi,East,contact674@oakline.com,0.037037037037037035,0.8358974358974359,0.05263157894736848
SUP-CAT3-0675,Heritage Furnishings Ltd. #675,Furniture,Columbus,Central,contact675@heritagefurnishings.com,0.14814814814814814,0.04512820512820513,0.5263157894736843
SUP-CAT3-0676,Heritage Furnishings LLC #676,Furniture,Portland,West,contact676@heritagefurnishings.com,0.3333333333333333,0.014358974358974359,0.9473684210526315
SUP-CAT3-0677,Solidframe Co. #677,Furniture,Shenzhen,East,contact677@oakline.com,0.3333333333333333,0.8348717948717949,0.5263157894736843
SUP-CAT3-0678,Heritage Furnishings Supply Chain #678,Furniture,Dallas,Central,contact678@woodcraftsupply.com,0.18518518518518517,0.9707692307692307,0.10526315789473638
SUP-CAT3-0679,Comfort Works Supply Chain #679,Furniture,Dallas,West,contact679@comfortworks.com,0.18518518518518517,0.2569230769230769,0.8421052631578946
SUP-CAT3-0680,Solidframe Inc. #680,Furniture,Chicago,Central,contact680@heritagefurnishings.com,0.7037037037037037,0.11384615384615385,0.5789473684210528
SUP-CAT3-0681,Solidframe Inc. #681,Furniture,Hanoi,East,contact681@solidframe.com,0.7037037037037037,0.08,0.5789473684210528
SUP-CAT3-0682,WoodCraft Supply Ltd. #682,Furniture,Denver,East,contact682@heritagefurnishings.com,0.4074074074074074,0.29794871794871797,0.3684210526315788
SUP-CAT3-0683,Comfort Works Wholesale #683,Furniture,Newark,North,contact683@oakline.com,0.4444444444444444,0.778974358974359,0.2631578947368418
SUP-CAT3-0684,WoodCraft Supply Co. #684,Furniture,Osaka,North,contact684@comfortworks.com,0.14814814814814814,0.19076923076923077,0.47368421052631576
SUP-CAT3-0685,Oakline Wholesale #685,Furniture,Hanoi,South,contact685@oakline.com,0.5925925925925926,0.28102564102564104,0.4210526315789473
SUP-CAT3-0686,Heritage Furnishings Group #686,Furniture,Hanoi,North,contact686@comfortworks.com,0.48148148148148145,0.3974358974358974,0.2631578947368418
SUP-CAT3-0687,Comfort Works Wholesale #687,Furniture,Dallas,West,contact687@heritagefurnishings.com,0.4444444444444444,0.25435897435897437,0.3684210526315788
SUP-CAT3-0688,Heritage Furnishings Trading #688,Furniture,Shenzhen,North,contact688@comfortworks.com,0.5925925925925926,0.7584615384615384,0.3157894736842103
SUP-CAT3-0689,WoodCraft Supply Wholesale #689,Furniture,Columbus,Central,contact689@solidframe.com,0.3333333333333333,0.2784615384615385,0.6842105263157897
SUP-CAT3-0690,Oakline Partners #690,Furniture,Seattle,East,contact690@comfortworks.com,0.7777777777777778,0.6887179487179487,0.21052631578947334
SUP-CAT3-0691,Oakline Co. #691,Furniture,Columbus,South,contact691@solidframe.com,0.7777777777777778,0.14,0.3684210526315788
SUP-CAT3-0692,Heritage Furnishings Wholesale #692,Furniture,Portland,Central,contact692@solidframe.com,0.1111111111111111,0.32256410256410256,0.5263157894736843
SUP-CAT3-0693,Comfort Works Trading #693,Furniture,Dallas,North,contact693@woodcraftsupply.com,0.0,0.8815384615384615,0.5263157894736843
SUP-CAT3-0694,WoodCraft Supply Group #694,Furniture,Rotterdam,Central,contact694@solidframe.com,0.9259259259259259,0.7246153846153847,0.4210526315789473
SUP-CAT3-0695,Solidframe Distributors #695,Furniture,Portland,East,contact695@comfortworks.com,0.7407407407407407,0.13128205128205128,0.21052631578947334
SUP-CAT3-0696,Solidframe Distributors #696,Furniture,Denver,North,contact696@solidframe.com,0.6666666666666666,0.15076923076923077,0.5789473684210528
SUP-CAT3-0697,Comfort Works Trading #697,Furniture,Newark,North,contact697@solidframe.com,0.8888888888888888,0.9815384615384616,0.15789473684210487
SUP-CAT3-0698,Oakline Wholesale #698,Furniture,Chicago,Central,contact698@comfortworks.com,0.1111111111111111,0.26974358974358975,0.3684210526315788
SUP-CAT3-0699,Comfort Works Supply Chain #699,Furniture,Phoenix,South,contact699@woodcraftsupply.com,0.6296296296296297,0.7569230769230769,0.47368421052631576
SUP-CAT3-0700,Comfort Works Partners #700,Furniture,Denver,Central,contact700@woodcraftsupply.com,0.7777777777777778,0.18871794871794872,0.3684210526315788
SUP-CAT3-0701,Comfort Works Supply Chain #701,Furniture,Osaka,North,contact701@woodcraftsupply.com,0.7777777777777778,0.6579487179487179,0.7894736842105261
SUP-CAT3-0702,WoodCraft Supply Group #702,Furniture,Phoenix,South,contact702@comfortworks.com,0.5925925925925926,0.45487179487179485,0.47368421052631576
SUP-CAT3-0703,Oakline Ltd. #703,Furniture,Atlanta,East,contact703@solidframe.com,0.4074074074074074,0.0041025641025641026,0.2631578947368418
SUP-CAT3-0704,WoodCraft Supply Co. #704,Furniture,Atlanta,Central,contact704@oakline.com,0.6666666666666666,0.23692307692307693,0.4210526315789473
SUP-CAT3-0705,WoodCraft Supply Inc. #705,Furniture,Rotterdam,Central,contact705@comfortworks.com,0.14814814814814814,0.4682051282051282,0.6842105263157897
SUP-CAT3-0706,WoodCraft Supply Supply Chain #706,Furniture,Atlanta,North,contact706@heritagefurnishings.com,0.5925925925925926,0.9102564102564102,0.5263157894736843
SUP-CAT3-0707,Heritage Furnishings Ltd. #707,Furniture,Rotterdam,North,contact707@comfortworks.com,0.9259259259259259,0.10051282051282051,0.47368421052631576
SUP-CAT3-0708,Oakline Ltd. #708,Furniture,Osaka,West,contact708@heritagefurnishings.com,0.1111111111111111,0.07333333333333333,0.6315789473684212
SUP-CAT3-0709,Heritage Furnishings Distributors #709,Furniture,Phoenix,West,contact709@heritagefurnishings.com,0.0,0.5564102564102564,0.7894736842105261
SUP-CAT3-0710,Oakline Distributors #710,Furniture,Miami,East,contact710@comfortworks.com,0.5185185185185185,0.9507692307692308,0.894736842105263
SUP-CAT3-0711,Oakline Wholesale #711,Furniture,Denver,North,contact711@heritagefurnishings.com,0.18518518518518517,0.8041025641025641,0.5263157894736843
SUP-CAT3-0712,Comfort Works Supply Chain #712,Furniture,Shenzhen,South,contact712@woodcraftsupply.com,0.8148148148148148,0.43538461538461537,0.5263157894736843
SUP-CAT3-0713,Solidframe Group #713,Furniture,Mumbai,West,contact713@comfortworks.com,0.07407407407407407,0.4564102564102564,0.6315789473684212
SUP-CAT3-0714,Solidframe Inc. #714,Furniture,Mumbai,West,contact714@comfortworks.com,0.5925925925925926,0.7261538461538461,0.0
SUP-CAT3-0715,Oakline Wholesale #715,Furniture,Miami,South,contact715@woodcraftsupply.com,0.8518518518518519,0.9748717948717949,0.7368421052631576
SUP-CAT3-0716,Solidframe Trading #716,Furniture,Shenzhen,South,contact716@oakline.com,0.14814814814814814,0.4558974358974359,0.9473684210526315
SUP-CAT3-0717,Comfort Works Wholesale #717,Furniture,Hanoi,West,contact717@oakline.com,0.0,0.8743589743589744,0.4210526315789473
SUP-CAT3-0718,Oakline LLC #718,Furniture,Rotterdam,South,contact718@heritagefurnishings.com,0.9629629629629629,0.5174358974358975,0.3684210526315788
SUP-CAT3-0719,WoodCraft Supply Group #719,Furniture,Miami,East,contact719@solidframe.com,0.2962962962962963,0.742051282051282,0.6315789473684212
SUP-CAT3-0720,WoodCraft Supply Wholesale #720,Furniture,Dallas,Central,contact720@heritagefurnishings.com,0.07407407407407407,0.2158974358974359,0.5789473684210528
SUP-CAT3-0721,Heritage Furnishings Partners #721,Furniture,Shenzhen,East,contact721@comfortworks.com,0.14814814814814814,0.44358974358974357,0.0
SUP-CAT3-0722,Oakline Partners #722,Furniture,Atlanta,Central,contact722@solidframe.com,0.07407407407407407,0.642051282051282,0.7368421052631576
SUP-CAT3-0723,Comfort Works Partners #723,Furniture,Atlanta,South,contact723@heritagefurnishings.com,0.2222222222222222,0.6071794871794872,0.21052631578947334
SUP-CAT3-0724,Oakline Distributors #724,Furniture,Shenzhen,Central,contact724@heritagefurnishings.com,0.7777777777777778,0.35025641025641024,0.0
SUP-CAT3-0725,WoodCraft Supply Co. #725,Furniture,Newark,North,contact725@solidframe.com,0.6296296296296297,0.0010256410256410256,0.7368421052631576
SUP-CAT3-0726,Solidframe LLC #726,Furniture,Rotterdam,North,contact726@comfortworks.com,0.4074074074074074,0.9753846153846154,0.47368421052631576
SUP-CAT3-0727,Comfort Works Group #727,Furniture,Chicago,North,contact727@solidframe.com,0.5185185185185185,0.015897435897435898,1.0
SUP-CAT3-0728,WoodCraft Supply Partners #728,Furniture,Mumbai,North,contact728@oakline.com,0.8148148148148148,0.8830769230769231,0.5263157894736843
SUP-CAT3-0729,WoodCraft Supply Ltd. #729,Furniture,Chicago,West,contact729@solidframe.com,0.8888888888888888,0.48307692307692307,0.3684210526315788
SUP-CAT3-0730,WoodCraft Supply LLC #730,Furniture,Phoenix,Central,contact730@heritagefurnishings.com,0.8888888888888888,0.6928205128205128,1.0
SUP-CAT3-0731,Solidframe Wholesale #731,Furniture,Shenzhen,East,contact731@solidframe.com,0.7777777777777778,0.4635897435897436,0.6315789473684212
SUP-CAT3-0732,Oakline Partners #732,Furniture,Denver,West,contact732@oakline.com,0.5555555555555556,0.31384615384615383,0.894736842105263
SUP-CAT3-0733,Comfort Works Co. #733,Furniture,Shenzhen,Central,contact733@woodcraftsupply.com,0.037037037037037035,0.0056410256410256415,0.8421052631578946
SUP-CAT3-0734,Solidframe LLC #734,Furniture,Chicago,North,contact734@solidframe.com,0.1111111111111111,0.17282051282051283,0.5263157894736843
SUP-CAT3-0735,Comfort Works Inc. #735,Furniture,Dallas,South,contact735@oakline.com,0.25925925925925924,0.3953846153846154,0.8421052631578946
SUP-CAT3-0736,WoodCraft Supply Distributors #736,Furniture,Dallas,East,contact736@woodcraftsupply.com,0.0,0.5579487179487179,0.10526315789473638
SUP-CAT3-0737,Solidframe Distributors #737,Furniture,Shenzhen,Central,contact737@solidframe.com,0.5185185185185185,0.32256410256410256,0.5789473684210528
SUP-CAT3-0738,Heritage Furnishings Inc. #738,Furniture,Phoenix,West,contact738@solidframe.com,0.37037037037037035,0.6841025641025641,0.3684210526315788
SUP-CAT3-0739,Comfort Works LLC #739,Furniture,Phoenix,South,contact739@comfortworks.com,0.7407407407407407,0.33589743589743587,0.5789473684210528
SUP-CAT3-0740,WoodCraft Supply Trading #740,Furniture,Atlanta,Central,contact740@woodcraftsupply.com,0.5555555555555556,0.30974358974358973,0.5789473684210528
SUP-CAT3-0741,Oakline Wholesale #741,Furniture,Columbus,South,contact741@heritagefurnishings.com,0.7777777777777778,0.0882051282051282,0.10526315789473638
SUP-CAT3-0742,Comfort Works Group #742,Furniture,Osaka,Central,contact742@woodcraftsupply.com,0.6296296296296297,0.6025641025641025,0.5789473684210528
SUP-CAT3-0743,Heritage Furnishings LLC #743,Furniture,Phoenix,North,contact743@solidframe.com,0.5555555555555556,0.12153846153846154,1.0
SUP-CAT3-0744,Comfort Works Partners #744,Furniture,Phoenix,Central,contact744@solidframe.com,0.9629629629629629,0.8702564102564102,0.7894736842105261
SUP-CAT3-0745,Solidframe Partners #745,Furniture,Hanoi,East,contact745@comfortworks.com,0.18518518518518517,0.07794871794871795,0.894736842105263
SUP-CAT3-0746,WoodCraft Supply Distributors #746,Furniture,Mumbai,West,contact746@comfortworks.com,0.9259259259259259,0.5671794871794872,0.8421052631578946
SUP-CAT3-0747,Oakline Wholesale #747,Furniture,Miami,West,contact747@heritagefurnishings.com,0.7407407407407407,0.9871794871794872,0.7894736842105261
SUP-CAT3-0748,Oakline Distributors #748,Furniture,Shenzhen,South,contact748@comfortworks.com,0.6296296296296297,0.26153846153846155,0.10526315789473638
SUP-CAT3-0749,Comfort Works Wholesale #749,Furniture,Hanoi,West,contact749@solidframe.com,0.2222222222222222,0.7384615384615385,0.15789473684210487
SUP-CAT3-0750,Comfort Works Group #750,Furniture,Newark,West,contact750@oakline.com,0.8148148148148148,0.15076923076923077,0.4210526315789473
SUP-CAT3-0751,Solidframe Partners #751,Furniture,Phoenix,Central,contact751@woodcraftsupply.com,0.1111111111111111,0.2323076923076923,0.9473684210526315
SUP-CAT3-0752,Comfort Works Group #752,Furniture,Seattle,Central,contact752@oakline.com,0.7037037037037037,0.9123076923076923,0.8421052631578946
SUP-CAT3-0753,Comfort Works Partners #753,Furniture,Atlanta,North,contact753@heritagefurnishings.com,0.8148148148148148,0.7717948717948718,0.05263157894736848
SUP-CAT3-0754,Solidframe Partners #754,Furniture,Phoenix,North,contact754@woodcraftsupply.com,1.0,0.3902564102564103,0.7894736842105261
SUP-CAT3-0755,WoodCraft Supply LLC #755,Furniture,Atlanta,South,contact755@heritagefurnishings.com,0.14814814814814814,0.8707692307692307,0.894736842105263
SUP-CAT3-0756,WoodCraft Supply Partners #756,Furniture,Shenzhen,West,contact756@woodcraftsupply.com,0.1111111111111111,0.563076923076923,0.894736842105263
SUP-CAT3-0757,WoodCraft Supply Trading #757,Furniture,Dallas,West,contact757@solidframe.com,0.8888888888888888,0.9984615384615385,0.5263157894736843
SUP-CAT3-0758,Oakline Wholesale #758,Furniture,Columbus,Central,contact758@solidframe.com,0.48148148148148145,0.33897435897435896,0.7894736842105261
SUP-CAT3-0759,WoodCraft Supply Group #759,Furniture,Shenzhen,South,contact759@comfortworks.com,0.2222222222222222,0.06051282051282051,0.15789473684210487
SUP-CAT3-0760,Solidframe LLC #760,Furniture,Newark,Central,contact760@solidframe.com,0.4444444444444444,0.40307692307692305,0.5789473684210528
SUP-CAT3-0761,Heritage Furnishings Partners #761,Furniture,Dallas,East,contact761@woodcraftsupply.com,0.5555555555555556,0.13487179487179488,0.7894736842105261
SUP-CAT3-0762,WoodCraft Supply Supply Chain #762,Furniture,Phoenix,South,contact762@solidframe.com,0.2222222222222222,0.24564102564102563,0.10526315789473638
SUP-CAT3-0763,Solidframe Partners #763,Furniture,Newark,South,contact763@comfortworks.com,0.7037037037037037,0.24615384615384617,0.7894736842105261
SUP-CAT3-0764,Oakline Wholesale #764,Furniture,Hanoi,Central,contact764@woodcraftsupply.com,0.4074074074074074,0.7805128205128206,0.7368421052631576
SUP-CAT3-0765,Comfort Works LLC #765,Furniture,Seattle,West,contact765@oakline.com,0.4444444444444444,0.5328205128205128,0.10526315789473638
SUP-CAT3-0766,Heritage Furnishings Ltd. #766,Furniture,Osaka,West,contact766@oakline.com,0.4074074074074074,0.5358974358974359,0.0
SUP-CAT3-0767,Comfort Works Inc. #767,Furniture,Mumbai,Central,contact767@comfortworks.com,0.9629629629629629,0.19538461538461538,0.7894736842105261
SUP-CAT3-0768,Heritage Furnishings Group #768,Furniture,Phoenix,North,contact768@oakline.com,0.18518518518518517,0.04923076923076923,0.3684210526315788
SUP-CAT3-0769,Solidframe Partners #769,Furniture,Dallas,East,contact769@solidframe.com,0.25925925925925924,0.35794871794871796,0.15789473684210487
SUP-CAT3-0770,WoodCraft Supply Trading #770,Furniture,Mumbai,Central,contact770@heritagefurnishings.com,0.3333333333333333,0.33282051282051284,0.5789473684210528
SUP-CAT3-0771,Oakline Supply Chain #771,Furniture,Portland,Central,contact771@comfortworks.com,0.4444444444444444,0.03333333333333333,1.0
SUP-CAT3-0772,Oakline Wholesale #772,Furniture,Columbus,Central,contact772@heritagefurnishings.com,0.9259259259259259,0.08923076923076922,0.6842105263157897
SUP-CAT3-0773,WoodCraft Supply Trading #773,Furniture,Dallas,North,contact773@comfortworks.com,0.6666666666666666,0.7984615384615384,0.6315789473684212
SUP-CAT3-0774,Oakline Group #774,Furniture,Seattle,East,contact774@comfortworks.com,0.9629629629629629,0.4451282051282051,0.0
SUP-CAT3-0775,WoodCraft Supply Distributors #775,Furniture,Hanoi,East,contact775@heritagefurnishings.com,0.37037037037037035,0.8312820512820512,0.8421052631578946
SUP-CAT3-0776,Heritage Furnishings Distributors #776,Furniture,Shenzhen,East,contact776@oakline.com,0.4074074074074074,0.7430769230769231,0.2631578947368418
SUP-CAT3-0777,Solidframe Wholesale #777,Furniture,Denver,Central,contact777@heritagefurnishings.com,0.037037037037037035,0.3364102564102564,0.2631578947368418
SUP-CAT3-0778,WoodCraft Supply Ltd. #778,Furniture,Shenzhen,East,contact778@solidframe.com,0.6296296296296297,0.8005128205128205,0.2631578947368418
SUP-CAT3-0779,Heritage Furnishings Inc. #779,Furniture,Mumbai,East,contact779@comfortworks.com,0.8888888888888888,0.6128205128205129,0.6315789473684212
SUP-CAT3-0780,Solidframe Trading #780,Furniture,Mumbai,South,contact780@woodcraftsupply.com,0.0,0.0015384615384615385,0.0
SUP-CAT3-0781,Heritage Furnishings LLC #781,Furniture,Phoenix,South,contact781@comfortworks.com,0.7037037037037037,0.05333333333333334,0.3684210526315788
SUP-CAT3-0782,Heritage Furnishings Distributors #782,Furniture,Newark,West,contact782@woodcraftsupply.com,0.4444444444444444,0.1,0.3157894736842103
SUP-CAT3-0783,Solidframe Supply Chain #783,Furniture,Shenzhen,East,contact783@woodcraftsupply.com,0.48148148148148145,0.3071794871794872,0.2631578947368418
SUP-CAT3-0784,WoodCraft Supply Supply Chain #784,Furniture,Hanoi,South,contact784@woodcraftsupply.com,0.9259259259259259,0.1523076923076923,0.7368421052631576
SUP-CAT3-0785,Heritage Furnishings Trading #785,Furniture,Mumbai,West,contact785@heritagefurnishings.com,0.18518518518518517,0.78,0.2631578947368418
SUP-CAT3-0786,Heritage Furnishings Ltd. #786,Furniture,Seattle,Central,contact786@oakline.com,0.48148148148148145,0.28717948717948716,0.6842105263157897
SUP-CAT3-0787,Comfort Works Co. #787,Furniture,Newark,East,contact787@oakline.com,0.8518518518518519,0.5394871794871795,0.05263157894736848
SUP-CAT3-0788,Oakline Partners #788,Furniture,Columbus,North,contact788@solidframe.com,0.07407407407407407,0.4492307692307692,0.05263157894736848
SUP-CAT3-0789,Oakline LLC #789,Furniture,Dallas,North,contact789@oakline.com,0.48148148148148145,0.08,0.5789473684210528
SUP-CAT3-0790,Oakline Supply Chain #790,Furniture,Seattle,South,contact790@comfortworks.com,0.4074074074074074,0.3087179487179487,0.3157894736842103
SUP-CAT3-0791,Comfort Works Distributors #791,Furniture,Osaka,South,contact791@heritagefurnishings.com,0.18518518518518517,0.005128205128205128,0.5789473684210528
SUP-CAT3-0792,Oakline Co. #792,Furniture,Rotterdam,East,contact792@solidframe.com,0.48148148148148145,0.897948717948718,1.0
SUP-CAT3-0793,Comfort Works Ltd. #793,Furniture,Osaka,East,contact793@woodcraftsupply.com,0.5925925925925926,0.8558974358974359,0.894736842105263
SUP-CAT3-0794,Solidframe Group #794,Furniture,Newark,Central,contact794@comfortworks.com,0.37037037037037035,0.14717948717948717,0.6842105263157897
SUP-CAT3-0795,Oakline Ltd. #795,Furniture,Newark,West,contact795@solidframe.com,0.8518518518518519,0.5897435897435898,0.8421052631578946
SUP-CAT3-0796,Solidframe Trading #796,Furniture,Dallas,East,contact796@comfortworks.com,0.8888888888888888,0.3251282051282051,0.3157894736842103
SUP-CAT3-0797,Heritage Furnishings Ltd. #797,Furniture,Portland,Central,contact797@heritagefurnishings.com,0.14814814814814814,0.38769230769230767,0.4210526315789473
SUP-CAT3-0798,Oakline Inc. #798,Furniture,Atlanta,North,contact798@solidframe.com,0.8148148148148148,0.6066666666666667,0.6315789473684212
SUP-CAT3-0799,WoodCraft Supply Group #799,Furniture,Seattle,East,contact799@comfortworks.com,0.2222222222222222,0.13897435897435897,0.4210526315789473
SUP-CAT3-0800,Solidframe Co. #800,Furniture,Columbus,South,contact800@woodcraftsupply.com,0.1111111111111111,0.2953846153846154,0.894736842105263
SUP-CAT3-0801,Comfort Works Supply Chain #801,Furniture,Seattle,East,contact801@oakline.com,0.8518518518518519,0.5861538461538461,0.9473684210526315
SUP-CAT3-0802,Heritage Furnishings Partners #802,Furniture,Hanoi,North,contact802@heritagefurnishings.com,0.4444444444444444,0.4815384615384615,0.894736842105263
SUP-CAT3-0803,Comfort Works Distributors #803,Furniture,Rotterdam,West,contact803@woodcraftsupply.com,0.6666666666666666,0.0441025641025641,0.5263157894736843
SUP-CAT3-0804,WoodCraft Supply Group #804,Furniture,Newark,East,contact804@woodcraftsupply.com,0.25925925925925924,0.04923076923076923,0.6842105263157897
SUP-CAT3-0805,Oakline Supply Chain #805,Furniture,Portland,Central,contact805@heritagefurnishings.com,0.9259259259259259,0.8933333333333333,0.3157894736842103
SUP-CAT3-0806,WoodCraft Supply Ltd. #806,Furniture,Atlanta,Central,contact806@solidframe.com,0.5555555555555556,0.47435897435897434,0.4210526315789473
SUP-CAT3-0807,Comfort Works Partners #807,Furniture,Atlanta,North,contact807@heritagefurnishings.com,1.0,0.6164102564102564,0.894736842105263
SUP-CAT3-0808,Comfort Works Trading #808,Furniture,Osaka,South,contact808@solidframe.com,0.5555555555555556,0.17435897435897435,0.7894736842105261
SUP-CAT3-0809,Comfort Works Supply Chain #809,Furniture,Shenzhen,Central,contact809@woodcraftsupply.com,0.8148148148148148,0.9887179487179487,0.2631578947368418
SUP-CAT3-0810,Solidframe Wholesale #810,Furniture,Newark,North,contact810@heritagefurnishings.com,0.7777777777777778,0.8251282051282052,0.8421052631578946
SUP-CAT3-0811,WoodCraft Supply Distributors #811,Furniture,Phoenix,Central,contact811@oakline.com,0.7407407407407407,0.004615384615384616,0.894736842105263
SUP-CAT3-0812,Heritage Furnishings Inc. #812,Furniture,Dallas,East,contact812@woodcraftsupply.com,0.4444444444444444,0.37333333333333335,0.4210526315789473
SUP-CAT3-0813,Solidframe Co. #813,Furniture,Seattle,East,contact813@comfortworks.com,0.1111111111111111,0.2825641025641026,0.47368421052631576
SUP-CAT3-0814,Oakline Group #814,Furniture,Mumbai,South,contact814@comfortworks.com,0.0,0.2523076923076923,0.7368421052631576
SUP-CAT3-0815,Solidframe Trading #815,Furniture,Denver,Central,contact815@heritagefurnishings.com,0.18518518518518517,0.4682051282051282,0.2631578947368418
SUP-CAT3-0816,Heritage Furnishings Distributors #816,Furniture,Newark,West,contact816@heritagefurnishings.com,0.037037037037037035,0.7666666666666667,0.3157894736842103
SUP-CAT3-0817,Solidframe Group #817,Furniture,Mumbai,Central,contact817@comfortworks.com,0.14814814814814814,0.7,0.6315789473684212
SUP-CAT3-0818,Heritage Furnishings Co. #818,Furniture,Atlanta,Central,contact818@solidframe.com,0.5185185185185185,0.2128205128205128,0.3684210526315788
SUP-CAT3-0819,Comfort Works Trading #819,Furniture,Newark,North,contact819@woodcraftsupply.com,0.3333333333333333,0.4917948717948718,0.47368421052631576
SUP-CAT3-0820,Oakline Co. #820,Furniture,Rotterdam,South,contact820@heritagefurnishings.com,0.0,0.5856410256410256,0.894736842105263
SUP-CAT3-0821,Oakline Group #821,Furniture,Miami,East,contact821@oakline.com,1.0,0.8287179487179487,0.4210526315789473
SUP-CAT3-0822,Solidframe Trading #822,Furniture,Columbus,West,contact822@woodcraftsupply.com,0.14814814814814814,0.62,0.8421052631578946
SUP-CAT3-0823,WoodCraft Supply Partners #823,Furniture,Newark,East,contact823@solidframe.com,0.3333333333333333,0.6061538461538462,0.894736842105263
SUP-CAT3-0824,Comfort Works Partners #824,Furniture,Columbus,North,contact824@heritagefurnishings.com,0.4444444444444444,0.9825641025641025,0.7368421052631576
SUP-CAT3-0825,Oakline LLC #825,Furniture,Newark,East,contact825@heritagefurnishings.com,0.6296296296296297,0.01282051282051282,0.10526315789473638
SUP-CAT3-0826,WoodCraft Supply Distributors #826,Furniture,Chicago,South,contact826@heritagefurnishings.com,0.9259259259259259,0.5246153846153846,0.7368421052631576
SUP-CAT3-0827,Oakline LLC #827,Furniture,Shenzhen,West,contact827@woodcraftsupply.com,0.3333333333333333,0.9538461538461539,0.21052631578947334
SUP-CAT3-0828,Heritage Furnishings Inc. #828,Furniture,Chicago,South,contact828@solidframe.com,0.25925925925925924,0.45282051282051283,0.21052631578947334
SUP-CAT3-0829,Oakline LLC #829,Furniture,Shenzhen,South,contact829@heritagefurnishings.com,0.5925925925925926,0.28307692307692306,0.894736842105263
SUP-CAT3-0830,Heritage Furnishings Wholesale #830,Furniture,Osaka,North,contact830@solidframe.com,0.18518518518518517,0.31794871794871793,0.4210526315789473
SUP-CAT3-0831,Heritage Furnishings Partners #831,Furniture,Portland,South,contact831@comfortworks.com,0.8518518518518519,0.9707692307692307,0.3684210526315788
SUP-CAT3-0832,Comfort Works Wholesale #832,Furniture,Portland,North,contact832@solidframe.com,0.14814814814814814,0.20153846153846153,0.6842105263157897
SUP-CAT3-0833,Comfort Works Trading #833,Furniture,Portland,Central,contact833@comfortworks.com,0.9629629629629629,0.6394871794871795,0.0
SUP-CAT3-0834,Comfort Works Ltd. #834,Furniture,Hanoi,Central,contact834@comfortworks.com,0.9259259259259259,0.19641025641025642,0.7368421052631576
SUP-CAT3-0835,WoodCraft Supply Inc. #835,Furniture,Dallas,West,contact835@woodcraftsupply.com,0.14814814814814814,0.052307692307692305,0.894736842105263
SUP-CAT3-0836,Oakline Wholesale #836,Furniture,Hanoi,North,contact836@woodcraftsupply.com,0.7037037037037037,0.5548717948717948,1.0
SUP-CAT3-0837,Oakline Ltd. #837,Furniture,Atlanta,East,contact837@heritagefurnishings.com,0.8148148148148148,0.5153846153846153,0.05263157894736848
SUP-CAT3-0838,Heritage Furnishings Co. #838,Furniture,Rotterdam,West,contact838@comfortworks.com,0.5185185185185185,0.9605128205128205,0.10526315789473638
SUP-CAT3-0839,Oakline Group #839,Furniture,Newark,South,contact839@comfortworks.com,0.48148148148148145,0.7758974358974359,0.2631578947368418
SUP-CAT3-0840,Comfort Works Wholesale #840,Furniture,Newark,South,contact840@solidframe.com,0.3333333333333333,0.8138461538461539,0.21052631578947334
SUP-CAT3-0841,WoodCraft Supply LLC #841,Furniture,Phoenix,Central,contact841@heritagefurnishings.com,0.6296296296296297,0.6241025641025642,0.6842105263157897
SUP-CAT3-0842,Oakline Supply Chain #842,Furniture,Hanoi,West,contact842@oakline.com,0.7777777777777778,0.14615384615384616,0.15789473684210487
SUP-CAT3-0843,Solidframe Distributors #843,Furniture,Seattle,West,contact843@heritagefurnishings.com,0.037037037037037035,0.5456410256410257,0.21052631578947334
SUP-CAT3-0844,Heritage Furnishings Supply Chain #844,Furniture,Denver,South,contact844@solidframe.com,0.7777777777777778,0.36666666666666664,0.05263157894736848
SUP-CAT3-0845,Solidframe Ltd. #845,Furniture,Chicago,East,contact845@solidframe.com,0.6666666666666666,0.9153846153846154,0.15789473684210487
SUP-CAT3-0846,Comfort Works Group #846,Furniture,Osaka,East,contact846@comfortworks.com,0.8148148148148148,0.44564102564102565,0.2631578947368418
SUP-CAT3-0847,Heritage Furnishings Supply Chain #847,Furniture,Portland,North,contact847@woodcraftsupply.com,0.8148148148148148,0.4430769230769231,0.6842105263157897
SUP-CAT3-0848,Heritage Furnishings Trading #848,Furniture,Portland,South,contact848@comfortworks.com,0.8518518518518519,0.5030769230769231,0.4210526315789473
SUP-CAT3-0849,Heritage Furnishings LLC #849,Furniture,Osaka,East,contact849@heritagefurnishings.com,0.2222222222222222,0.5102564102564102,0.3684210526315788
SUP-CAT3-0850,Comfort Works Trading #850,Furniture,Phoenix,North,contact850@woodcraftsupply.com,0.5555555555555556,0.2671794871794872,0.6842105263157897
SUP-CAT3-0851,Comfort Works Partners #851,Furniture,Seattle,South,contact851@woodcraftsupply.com,0.4444444444444444,0.8451282051282051,0.10526315789473638
SUP-CAT3-0852,Solidframe Ltd. #852,Furniture,Osaka,East,contact852@heritagefurnishings.com,0.9629629629629629,0.9471794871794872,0.4210526315789473
SUP-CAT3-0853,Comfort Works LLC #853,Furniture,Mumbai,Central,contact853@oakline.com,0.25925925925925924,0.17435897435897435,0.8421052631578946
SUP-CAT3-0854,Oakline Ltd. #854,Furniture,Newark,North,contact854@woodcraftsupply.com,0.8518518518518519,0.2794871794871795,0.9473684210526315
SUP-CAT3-0855,Heritage Furnishings Wholesale #855,Furniture,Mumbai,North,contact855@solidframe.com,0.1111111111111111,0.42102564102564105,0.21052631578947334
SUP-CAT3-0856,Heritage Furnishings Supply Chain #856,Furniture,Rotterdam,West,contact856@oakline.com,0.8518518518518519,0.3769230769230769,0.15789473684210487
SUP-CAT3-0857,Comfort Works Distributors #857,Furniture,Seattle,East,contact857@woodcraftsupply.com,0.48148148148148145,0.17384615384615384,0.15789473684210487
SUP-CAT3-0858,Solidframe Co. #858,Furniture,Osaka,West,contact858@woodcraftsupply.com,0.037037037037037035,0.8625641025641025,0.894736842105263
SUP-CAT3-0859,Oakline Partners #859,Furniture,Rotterdam,North,contact859@solidframe.com,0.9259259259259259,0.5425641025641026,0.8421052631578946
SUP-CAT3-0860,Comfort Works Wholesale #860,Furniture,Atlanta,Central,contact860@comfortworks.com,0.5925925925925926,0.4005128205128205,0.10526315789473638
SUP-CAT3-0861,Comfort Works Co. #861,Furniture,Miami,South,contact861@solidframe.com,0.8518518518518519,0.026153846153846153,0.2631578947368418
SUP-CAT3-0862,Heritage Furnishings Distributors #862,Furniture,Denver,North,contact862@comfortworks.com,0.14814814814814814,0.2569230769230769,0.5789473684210528
SUP-CAT3-0863,Comfort Works Wholesale #863,Furniture,Denver,East,contact863@heritagefurnishings.com,1.0,0.2358974358974359,0.10526315789473638
SUP-CAT3-0864,Solidframe Distributors #864,Furniture,Shenzhen,North,contact864@solidframe.com,0.3333333333333333,0.19435897435897437,0.3684210526315788
SUP-CAT3-0865,WoodCraft Supply LLC #865,Furniture,Miami,North,contact865@comfortworks.com,0.5185185185185185,0.5923076923076923,1.0
SUP-CAT3-0866,Oakline Group #866,Furniture,Shenzhen,North,contact866@heritagefurnishings.com,0.2222222222222222,0.5317948717948718,0.9473684210526315
SUP-CAT3-0867,Solidframe Supply Chain #867,Furniture,Phoenix,North,contact867@oakline.com,0.8518518518518519,0.8692307692307693,0.15789473684210487
SUP-CAT3-0868,Solidframe Co. #868,Furniture,Phoenix,North,contact868@comfortworks.com,0.4444444444444444,0.5297435897435897,0.9473684210526315
SUP-CAT3-0869,Comfort Works Trading #869,Furniture,Hanoi,South,contact869@heritagefurnishings.com,0.6666666666666666,0.2887179487179487,0.3157894736842103
SUP-CAT3-0870,Heritage Furnishings Group #870,Furniture,Newark,East,contact870@comfortworks.com,0.2222222222222222,0.07846153846153846,0.7368421052631576
SUP-CAT3-0871,Solidframe Supply Chain #871,Furniture,Columbus,North,contact871@woodcraftsupply.com,0.7037037037037037,0.9564102564102565,0.7894736842105261
SUP-CAT3-0872,Heritage Furnishings Ltd. #872,Furniture,Columbus,South,contact872@oakline.com,0.3333333333333333,0.7548717948717949,0.3684210526315788
SUP-CAT3-0873,Solidframe Group #873,Furniture,Dallas,East,contact873@oakline.com,0.2222222222222222,0.2733333333333333,0.9473684210526315
SUP-CAT3-0874,Oakline Partners #874,Furniture,Denver,South,contact874@woodcraftsupply.com,0.48148148148148145,0.698974358974359,0.15789473684210487
SUP-CAT3-0875,Comfort Works Group #875,Furniture,Miami,South,contact875@oakline.com,0.4444444444444444,0.020512820512820513,0.5263157894736843
SUP-CAT3-0876,WoodCraft Supply Trading #876,Furniture,Chicago,South,contact876@comfortworks.com,0.37037037037037035,0.21128205128205127,0.21052631578947334
SUP-CAT3-0877,WoodCraft Supply LLC #877,Furniture,Columbus,West,contact877@solidframe.com,0.037037037037037035,0.9435897435897436,1.0
SUP-CAT3-0878,Oakline Distributors #878,Furniture,Columbus,North,contact878@solidframe.com,0.48148148148148145,0.2205128205128205,0.7368421052631576
SUP-CAT3-0879,Oakline Trading #879,Furniture,Miami,Central,contact879@solidframe.com,0.4074074074074074,0.2953846153846154,0.6315789473684212
SUP-CAT3-0880,WoodCraft Supply Ltd. #880,Furniture,Hanoi,Central,contact880@oakline.com,0.7037037037037037,0.9841025641025641,0.9473684210526315
SUP-CAT3-0881,Comfort Works Group #881,Furniture,Mumbai,North,contact881@comfortworks.com,0.0,0.45897435897435895,0.8421052631578946
SUP-CAT3-0882,Oakline Supply Chain #882,Furniture,Seattle,North,contact882@heritagefurnishings.com,0.1111111111111111,0.003076923076923077,0.3684210526315788
SUP-CAT3-0883,Heritage Furnishings Group #883,Furniture,Columbus,North,contact883@heritagefurnishings.com,0.6666666666666666,0.26615384615384613,0.5789473684210528
SUP-CAT3-0884,WoodCraft Supply Trading #884,Furniture,Rotterdam,Central,contact884@solidframe.com,0.0,0.34307692307692306,0.6315789473684212
SUP-CAT3-0885,Oakline Inc. #885,Furniture,Newark,Central,contact885@solidframe.com,0.0,0.7882051282051282,0.21052631578947334
SUP-CAT3-0886,Heritage Furnishings Distributors #886,Furniture,Osaka,North,contact886@comfortworks.com,0.9259259259259259,0.42,0.4210526315789473
SUP-CAT3-0887,Oakline Wholesale #887,Furniture,Shenzhen,East,contact887@oakline.com,0.5555555555555556,0.7923076923076923,0.47368421052631576
SUP-CAT3-0888,WoodCraft Supply Ltd. #888,Furniture,Atlanta,East,contact888@comfortworks.com,0.9259259259259259,0.4087179487179487,0.21052631578947334
SUP-CAT3-0889,Heritage Furnishings Co. #889,Furniture,Osaka,South,contact889@comfortworks.com,0.9629629629629629,0.08717948717948718,0.47368421052631576
SUP-CAT3-0890,Heritage Furnishings Inc. #890,Furniture,Portland,East,contact890@solidframe.com,0.48148148148148145,0.0641025641025641,0.47368421052631576
SUP-CAT3-0891,WoodCraft Supply Distributors #891,Furniture,Portland,North,contact891@solidframe.com,0.7037037037037037,0.7528205128205128,0.5263157894736843
SUP-CAT3-0892,WoodCraft Supply LLC #892,Furniture,Chicago,North,contact892@comfortworks.com,0.8518518518518519,0.8584615384615385,0.3157894736842103
SUP-CAT3-0893,Oakline Supply Chain #893,Furniture,Atlanta,West,contact893@solidframe.com,0.6666666666666666,0.7646153846153846,0.894736842105263
SUP-CAT3-0894,Heritage Furnishings Co. #894,Furniture,Columbus,West,contact894@solidframe.com,0.25925925925925924,0.958974358974359,0.5263157894736843
SUP-CAT3-0895,WoodCraft Supply Partners #895,Furniture,Dallas,Central,contact895@solidframe.com,0.07407407407407407,0.3292307692307692,0.894736842105263
SUP-CAT3-0896,WoodCraft Supply Supply Chain #896,Furniture,Phoenix,North,contact896@oakline.com,0.9259259259259259,0.2241025641025641,1.0
SUP-CAT3-0897,WoodCraft Supply Group #897,Furniture,Portland,North,contact897@comfortworks.com,0.2962962962962963,0.23897435897435898,0.3157894736842103
SUP-CAT3-0898,Comfort Works Inc. #898,Furniture,Shenzhen,North,contact898@solidframe.com,0.3333333333333333,0.31333333333333335,0.4210526315789473
SUP-CAT3-0899,WoodCraft Supply Group #899,Furniture,Chicago,West,contact899@woodcraftsupply.com,0.7777777777777778,0.25025641025641027,0.3684210526315788
SUP-CAT3-0900,WoodCraft Supply Inc. #900,Furniture,Shenzhen,South,contact900@solidframe.com,0.5555555555555556,0.019487179487179488,0.21052631578947334
SUP-CAT3-0901,Solidframe Supply Chain #901,Furniture,Atlanta,Central,contact901@solidframe.com,0.5925925925925926,0.06923076923076923,0.3157894736842103
SUP-CAT3-0902,Oakline Partners #902,Furniture,Chicago,Central,contact902@woodcraftsupply.com,1.0,0.5728205128205128,0.6842105263157897
SUP-CAT3-0903,Comfort Works Ltd. #903,Furniture,Rotterdam,South,contact903@heritagefurnishings.com,0.25925925925925924,0.6641025641025641,0.2631578947368418
SUP-CAT3-0904,Oakline Group #904,Furniture,Portland,West,contact904@heritagefurnishings.com,0.6296296296296297,0.038974358974358976,0.21052631578947334
SUP-CAT3-0905,Comfort Works Ltd. #905,Furniture,Newark,East,contact905@heritagefurnishings.com,0.18518518518518517,0.9835897435897436,0.05263157894736848
SUP-CAT3-0906,Comfort Works Distributors #906,Furniture,Phoenix,West,contact906@oakline.com,0.48148148148148145,0.5958974358974359,0.7894736842105261
SUP-CAT3-0907,WoodCraft Supply Inc. #907,Furniture,Osaka,West,contact907@woodcraftsupply.com,0.9629629629629629,0.7246153846153847,0.6842105263157897
SUP-CAT3-0908,Comfort Works Ltd. #908,Furniture,Rotterdam,Central,contact908@comfortworks.com,0.4444444444444444,0.6825641025641026,0.6842105263157897
SUP-CAT3-0909,Comfort Works LLC #909,Furniture,Dallas,West,contact909@solidframe.com,0.37037037037037035,0.5256410256410257,0.05263157894736848
SUP-CAT3-0910,WoodCraft Supply Group #910,Furniture,Miami,South,contact910@heritagefurnishings.com,0.2962962962962963,0.1076923076923077,0.7894736842105261
SUP-CAT3-0911,Heritage Furnishings Group #911,Furniture,Hanoi,East,contact911@woodcraftsupply.com,0.7407407407407407,0.9641025641025641,0.7368421052631576
SUP-CAT3-0912,Solidframe Ltd. #912,Furniture,Denver,West,contact912@woodcraftsupply.com,0.8888888888888888,0.5743589743589743,0.05263157894736848
SUP-CAT3-0913,Oakline Partners #913,Furniture,Columbus,East,contact913@comfortworks.com,0.037037037037037035,0.08871794871794872,0.3157894736842103
SUP-CAT3-0914,WoodCraft Supply Ltd. #914,Furniture,Mumbai,South,contact914@comfortworks.com,0.0,0.563076923076923,0.47368421052631576
SUP-CAT3-0915,Oakline Trading #915,Furniture,Rotterdam,East,contact915@comfortworks.com,0.3333333333333333,0.5784615384615385,0.7368421052631576
SUP-CAT3-0916,Solidframe Supply Chain #916,Furniture,Phoenix,East,contact916@comfortworks.com,0.6666666666666666,0.33282051282051284,0.7368421052631576
SUP-CAT3-0917,WoodCraft Supply LLC #917,Furniture,Atlanta,North,contact917@comfortworks.com,0.8148148148148148,0.2,0.2631578947368418
SUP-CAT3-0918,WoodCraft Supply LLC #918,Furniture,Osaka,West,contact918@oakline.com,0.1111111111111111,0.757948717948718,0.10526315789473638
SUP-CAT3-0919,Heritage Furnishings Wholesale #919,Furniture,Hanoi,West,contact919@comfortworks.com,0.8888888888888888,0.9451282051282052,0.15789473684210487
SUP-CAT3-0920,Comfort Works Ltd. #920,Furniture,Shenzhen,West,contact920@oakline.com,1.0,0.09333333333333334,0.7368421052631576
SUP-CAT3-0921,Heritage Furnishings Supply Chain #921,Furniture,Dallas,West,contact921@woodcraftsupply.com,0.8888888888888888,0.17794871794871794,0.6315789473684212
SUP-CAT3-0922,Heritage Furnishings Ltd. #922,Furniture,Columbus,South,contact922@oakline.com,0.07407407407407407,0.34102564102564104,0.10526315789473638
SUP-CAT3-0923,Heritage Furnishings Ltd. #923,Furniture,Columbus,North,contact923@solidframe.com,0.2222222222222222,0.6892307692307692,0.15789473684210487
SUP-CAT3-0924,Oakline Inc. #924,Furniture,Denver,East,contact924@comfortworks.com,0.5925925925925926,0.637948717948718,0.5263157894736843
SUP-CAT3-0925,Comfort Works Distributors #925,Furniture,Miami,East,contact925@solidframe.com,0.7037037037037037,0.06666666666666667,0.15789473684210487
SUP-CAT3-0926,Comfort Works Trading #926,Furniture,Shenzhen,South,contact926@solidframe.com,0.37037037037037035,0.5543589743589744,0.0
SUP-CAT3-0927,Oakline Co. #927,Furniture,Denver,East,contact927@heritagefurnishings.com,0.9259259259259259,0.3676923076923077,0.7368421052631576
SUP-CAT3-0928,WoodCraft Supply Group #928,Furniture,Miami,Central,contact928@solidframe.com,0.25925925925925924,0.39794871794871794,0.7368421052631576
SUP-CAT3-0929,Heritage Furnishings Inc. #929,Furniture,Osaka,South,contact929@oakline.com,0.07407407407407407,0.7733333333333333,1.0
SUP-CAT3-0930,Heritage Furnishings Supply Chain #930,Furniture,Shenzhen,North,contact930@solidframe.com,0.48148148148148145,0.13692307692307693,0.4210526315789473
SUP-CAT3-0931,Oakline Supply Chain #931,Furniture,Columbus,South,contact931@solidframe.com,0.25925925925925924,0.031794871794871796,0.9473684210526315
SUP-CAT3-0932,WoodCraft Supply Wholesale #932,Furniture,Rotterdam,West,contact932@heritagefurnishings.com,1.0,0.03076923076923077,0.5789473684210528
SUP-CAT3-0933,Heritage Furnishings Group #933,Furniture,Dallas,East,contact933@oakline.com,0.6666666666666666,0.01282051282051282,0.8421052631578946
SUP-CAT3-0934,Comfort Works Inc. #934,Furniture,Newark,South,contact934@oakline.com,0.5185185185185185,0.7594871794871795,0.5789473684210528
SUP-CAT3-0935,Heritage Furnishings Ltd. #935,Furniture,Shenzhen,North,contact935@woodcraftsupply.com,0.8518518518518519,0.1712820512820513,0.894736842105263
SUP-CAT3-0936,Oakline Wholesale #936,Furniture,Phoenix,Central,contact936@woodcraftsupply.com,0.6296296296296297,0.7148717948717949,0.7894736842105261
SUP-CAT3-0937,Comfort Works Wholesale #937,Furniture,Phoenix,South,contact937@woodcraftsupply.com,0.9629629629629629,0.5528205128205128,0.3157894736842103
SUP-CAT3-0938,Solidframe Partners #938,Furniture,Denver,North,contact938@comfortworks.com,0.3333333333333333,0.6758974358974359,0.3157894736842103
SUP-CAT3-0939,Solidframe Distributors #939,Furniture,Dallas,East,contact939@comfortworks.com,0.8888888888888888,0.28102564102564104,0.3684210526315788
SUP-CAT3-0940,WoodCraft Supply Wholesale #940,Furniture,Columbus,Central,contact940@comfortworks.com,0.5185185185185185,0.4441025641025641,0.3684210526315788
SUP-CAT3-0941,Heritage Furnishings Supply Chain #941,Furniture,Columbus,Central,contact941@heritagefurnishings.com,0.1111111111111111,0.9051282051282051,0.7894736842105261
SUP-CAT3-0942,Oakline Inc. #942,Furniture,Denver,South,contact942@woodcraftsupply.com,0.7037037037037037,0.9533333333333334,0.3684210526315788
SUP-CAT3-0943,WoodCraft Supply Trading #943,Furniture,Newark,South,contact943@solidframe.com,0.5185185185185185,0.9476923076923077,0.15789473684210487
SUP-CAT3-0944,WoodCraft Supply Group #944,Furniture,Newark,East,contact944@woodcraftsupply.com,0.8518518518518519,0.9107692307692308,0.0
SUP-CAT3-0945,Comfort Works Partners #945,Furniture,Shenzhen,North,contact945@oakline.com,0.2222222222222222,0.16153846153846155,0.21052631578947334
SUP-CAT3-0946,Heritage Furnishings Supply Chain #946,Furniture,Columbus,West,contact946@heritagefurnishings.com,0.2962962962962963,0.06153846153846154,0.10526315789473638
SUP-CAT3-0947,Solidframe Ltd. #947,Furniture,Shenzhen,Central,contact947@oakline.com,0.8148148148148148,0.3564102564102564,0.5789473684210528
SUP-CAT3-0948,WoodCraft Supply Group #948,Furniture,Dallas,Central,contact948@comfortworks.com,0.37037037037037035,0.5266666666666666,0.6842105263157897
SUP-CAT3-0949,Comfort Works LLC #949,Furniture,Rotterdam,Central,contact949@heritagefurnishings.com,0.5555555555555556,0.6112820512820513,0.7368421052631576
SUP-CAT3-0950,Comfort Works Co. #950,Furniture,Osaka,Central,contact950@comfortworks.com,0.1111111111111111,0.25794871794871793,0.7894736842105261
SUP-CAT3-0951,Comfort Works Partners #951,Furniture,Chicago,North,contact951@solidframe.com,0.4074074074074074,0.6743589743589744,0.5263157894736843
SUP-CAT3-0952,Comfort Works Distributors #952,Furniture,Phoenix,North,contact952@heritagefurnishings.com,0.1111111111111111,0.8656410256410256,0.7368421052631576
SUP-CAT3-0953,WoodCraft Supply Co. #953,Furniture,Hanoi,West,contact953@comfortworks.com,1.0,0.2235897435897436,0.5263157894736843
SUP-CAT3-0954,Comfort Works LLC #954,Furniture,Phoenix,West,contact954@woodcraftsupply.com,0.3333333333333333,0.39282051282051283,0.9473684210526315
SUP-CAT3-0955,Oakline Supply Chain #955,Furniture,Atlanta,Central,contact955@comfortworks.com,0.2962962962962963,0.5938461538461538,0.5789473684210528
SUP-CAT3-0956,Comfort Works Wholesale #956,Furniture,Dallas,North,contact956@oakline.com,0.7777777777777778,0.2866666666666667,0.7368421052631576
SUP-CAT3-0957,WoodCraft Supply Partners #957,Furniture,Miami,East,contact957@woodcraftsupply.com,0.5555555555555556,0.5215384615384615,0.2631578947368418
SUP-CAT3-0958,Solidframe Distributors #958,Furniture,Rotterdam,North,contact958@solidframe.com,0.37037037037037035,0.7061538461538461,0.9473684210526315
SUP-CAT3-0959,Solidframe Distributors #959,Furniture,Dallas,Central,contact959@woodcraftsupply.com,0.4444444444444444,0.04153846153846154,0.5789473684210528
SUP-CAT3-0960,Solidframe Group #960,Furniture,Dallas,Central,contact960@heritagefurnishings.com,0.5185185185185185,0.14461538461538462,0.7368421052631576
SUP-CAT3-0961,WoodCraft Supply Wholesale #961,Furniture,Chicago,North,contact961@oakline.com,0.9629629629629629,0.37743589743589745,0.9473684210526315
SUP-CAT3-0962,Comfort Works Wholesale #962,Furniture,Chicago,West,contact962@solidframe.com,0.5555555555555556,0.04512820512820513,0.0
SUP-CAT3-0963,Solidframe Distributors #963,Furniture,Chicago,West,contact963@comfortworks.com,0.07407407407407407,0.29384615384615387,0.10526315789473638
SUP-CAT3-0964,Solidframe Group #964,Furniture,Newark,West,contact964@solidframe.com,0.4074074074074074,0.9728205128205129,0.6315789473684212
SUP-CAT3-0965,WoodCraft Supply Co. #965,Furniture,Atlanta,South,contact965@heritagefurnishings.com,0.6666666666666666,0.18461538461538463,0.05263157894736848
SUP-CAT3-0966,WoodCraft Supply Trading #966,Furniture,Chicago,North,contact966@solidframe.com,0.25925925925925924,0.6205128205128205,0.5263157894736843
SUP-CAT3-0967,Heritage Furnishings Trading #967,Furniture,Miami,Central,contact967@comfortworks.com,0.6296296296296297,0.026153846153846153,0.10526315789473638
SUP-CAT3-0968,Oakline Co. #968,Furniture,Chicago,South,contact968@heritagefurnishings.com,0.4074074074074074,0.30666666666666664,0.8421052631578946
SUP-CAT3-0969,Solidframe Supply Chain #969,Furniture,Phoenix,East,contact969@oakline.com,0.2222222222222222,0.1882051282051282,0.2631578947368418
SUP-CAT3-0970,Comfort Works Supply Chain #970,Furniture,Seattle,East,contact970@woodcraftsupply.com,0.18518518518518517,0.9558974358974359,1.0
SUP-CAT3-0971,Oakline Partners #971,Furniture,Mumbai,North,contact971@comfortworks.com,0.3333333333333333,0.34102564102564104,0.3157894736842103
SUP-CAT3-0972,Solidframe Distributors #972,Furniture,Portland,East,contact972@solidframe.com,1.0,0.09589743589743589,0.9473684210526315
SUP-CAT3-0973,Solidframe Wholesale #973,Furniture,Miami,South,contact973@woodcraftsupply.com,0.037037037037037035,0.5241025641025641,0.15789473684210487
SUP-CAT3-0974,WoodCraft Supply Wholesale #974,Furniture,Mumbai,South,contact974@woodcraftsupply.com,1.0,0.42205128205128206,0.2631578947368418
SUP-CAT3-0975,Oakline Wholesale #975,Furniture,Chicago,Central,contact975@heritagefurnishings.com,0.9629629629629629,0.882051282051282,0.5263157894736843
SUP-CAT3-0976,Heritage Furnishings Wholesale #976,Furniture,Portland,East,contact976@comfortworks.com,0.8888888888888888,0.009230769230769232,0.21052631578947334
SUP-CAT3-0977,Comfort Works Inc. #977,Furniture,Denver,Central,contact977@woodcraftsupply.com,0.8148148148148148,0.8625641025641025,0.6842105263157897
SUP-CAT3-0978,Comfort Works Supply Chain #978,Furniture,Phoenix,South,contact978@heritagefurnishings.com,0.8148148148148148,0.19897435897435897,0.21052631578947334
SUP-CAT3-0979,Comfort Works Trading #979,Furniture,Hanoi,North,contact979@heritagefurnishings.com,0.1111111111111111,0.41743589743589743,0.15789473684210487
SUP-CAT3-0980,WoodCraft Supply Trading #980,Furniture,Columbus,Central,contact980@oakline.com,0.9259259259259259,0.5646153846153846,0.7894736842105261
SUP-CAT3-0981,Comfort Works Inc. #981,Furniture,Shenzhen,East,contact981@heritagefurnishings.com,0.37037037037037035,0.5820512820512821,0.5789473684210528
SUP-CAT3-0982,WoodCraft Supply LLC #982,Furniture,Chicago,South,contact982@heritagefurnishings.com,0.8888888888888888,0.4682051282051282,0.3684210526315788
SUP-CAT3-0983,Comfort Works Distributors #983,Furniture,Denver,East,contact983@solidframe.com,0.4074074074074074,0.18153846153846154,0.9473684210526315
SUP-CAT3-0984,Heritage Furnishings LLC #984,Furniture,Mumbai,West,contact984@solidframe.com,0.5555555555555556,0.0876923076923077,0.7894736842105261
SUP-CAT3-0985,Heritage Furnishings Trading #985,Furniture,Portland,Central,contact985@solidframe.com,0.037037037037037035,0.3671794871794872,0.10526315789473638
SUP-CAT3-0986,Heritage Furnishings Ltd. #986,Furniture,Newark,North,contact986@heritagefurnishings.com,0.0,0.8384615384615385,0.47368421052631576
SUP-CAT3-0987,Comfort Works Partners #987,Furniture,Atlanta,North,contact987@oakline.com,0.3333333333333333,0.2692307692307692,0.47368421052631576
SUP-CAT3-0988,Comfort Works Inc. #988,Furniture,Chicago,Central,contact988@woodcraftsupply.com,0.2222222222222222,0.8928205128205128,0.6315789473684212
SUP-CAT3-0989,Comfort Works LLC #989,Furniture,Miami,Central,contact989@oakline.com,0.2222222222222222,0.6728205128205128,0.21052631578947334
SUP-CAT3-0990,WoodCraft Supply Trading #990,Furniture,Mumbai,West,contact990@comfortworks.com,0.9629629629629629,0.8866666666666667,0.15789473684210487
SUP-CAT3-0991,Heritage Furnishings Wholesale #991,Furniture,Hanoi,South,contact991@woodcraftsupply.com,0.4074074074074074,0.9512820512820512,0.6842105263157897
SUP-CAT3-0992,Oakline LLC #992,Furniture,Chicago,North,contact992@heritagefurnishings.com,0.14814814814814814,0.32666666666666666,0.8421052631578946
SUP-CAT3-0993,WoodCraft Supply LLC #993,Furniture,Shenzhen,West,contact993@heritagefurnishings.com,0.0,0.6487179487179487,0.5789473684210528
SUP-CAT3-0994,Comfort Works Supply Chain #994,Furniture,Columbus,East,contact994@heritagefurnishings.com,0.6666666666666666,0.40923076923076923,1.0
SUP-CAT3-0995,Comfort Works Supply Chain #995,Furniture,Newark,South,contact995@oakline.com,0.4074074074074074,0.32051282051282054,0.894736842105263
SUP-CAT3-0996,Comfort Works Partners #996,Furniture,Columbus,Central,contact996@solidframe.com,1.0,0.9584615384615385,0.3157894736842103
SUP-CAT3-0997,Heritage Furnishings Co. #997,Furniture,Portland,North,contact997@heritagefurnishings.com,0.6296296296296297,0.21435897435897436,0.3157894736842103
SUP-CAT3-0998,Solidframe Distributors #998,Furniture,Columbus,Central,contact998@comfortworks.com,0.4444444444444444,0.64,0.5263157894736843
SUP-CAT3-0999,Oakline Distributors #999,Furniture,Seattle,Central,contact999@heritagefurnishings.com,0.5925925925925926,0.14461538461538462,0.10526315789473638
SUP-CAT3-1000,Heritage Furnishings Partners #1000,Furniture,Miami,Central,contact1000@heritagefurnishings.com,0.5555555555555556,0.6487179487179487,0.7368421052631576
SUP-CAT4-0001,Fresh Fields Wholesale #1,Groceries,Phoenix,Central,contact1@freshfields.com,0.4444444444444444,0.936923076923077,0.894736842105263
SUP-CAT4-0002,Fresh Fields Co. #2,Groceries,Miami,West,contact2@greenbasket.com,0.2962962962962963,0.8087179487179487,0.7894736842105261
SUP-CAT4-0003,FarmGate Wholesale #3,Groceries,Shenzhen,Central,contact3@freshfields.com,0.14814814814814814,0.7415384615384616,0.5789473684210528
SUP-CAT4-0004,Fresh Fields Co. #4,Groceries,Denver,South,contact4@greenbasket.com,0.7777777777777778,0.9917948717948718,0.6842105263157897
SUP-CAT4-0005,FarmGate Inc. #5,Groceries,Phoenix,West,contact5@farmgate.com,0.4074074074074074,0.6271794871794871,0.0
SUP-CAT4-0006,FarmGate Trading #6,Groceries,Phoenix,North,contact6@freshfields.com,0.48148148148148145,0.39384615384615385,0.7894736842105261
SUP-CAT4-0007,Fresh Fields Wholesale #7,Groceries,Atlanta,North,contact7@greenbasket.com,0.37037037037037035,0.42512820512820515,0.7368421052631576
SUP-CAT4-0008,FarmGate Distributors #8,Groceries,Seattle,Central,contact8@harvestdirect.com,0.5185185185185185,0.5066666666666667,0.5789473684210528
SUP-CAT4-0009,Fresh Fields Trading #9,Groceries,Rotterdam,South,contact9@farmgate.com,0.037037037037037035,0.2441025641025641,0.7894736842105261
SUP-CAT4-0010,FarmGate Trading #10,Groceries,Shenzhen,East,contact10@greenbasket.com,0.4444444444444444,0.28923076923076924,0.9473684210526315
SUP-CAT4-0011,FarmGate Ltd. #11,Groceries,Miami,West,contact11@pantrypro.com,0.3333333333333333,0.8564102564102564,0.3157894736842103
SUP-CAT4-0012,Harvest Direct Ltd. #12,Groceries,Portland,North,contact12@greenbasket.com,0.37037037037037035,0.9651282051282051,0.3157894736842103
SUP-CAT4-0013,Fresh Fields Group #13,Groceries,Rotterdam,East,contact13@freshfields.com,0.5925925925925926,0.39179487179487177,0.6842105263157897
SUP-CAT4-0014,FarmGate Co. #14,Groceries,Seattle,West,contact14@greenbasket.com,0.9629629629629629,0.32256410256410256,0.3157894736842103
SUP-CAT4-0015,GreenBasket Supply Chain #15,Groceries,Newark,East,contact15@farmgate.com,0.4444444444444444,0.029743589743589743,0.05263157894736848
SUP-CAT4-0016,GreenBasket Wholesale #16,Groceries,Denver,Central,contact16@farmgate.com,0.2962962962962963,0.5517948717948717,1.0
SUP-CAT4-0017,Harvest Direct Inc. #17,Groceries,Miami,South,contact17@pantrypro.com,0.4074074074074074,0.5994871794871794,0.10526315789473638
SUP-CAT4-0018,FarmGate Trading #18,Groceries,Denver,Central,contact18@farmgate.com,0.6296296296296297,0.31743589743589745,0.6842105263157897
SUP-CAT4-0019,Fresh Fields LLC #19,Groceries,Columbus,Central,contact19@harvestdirect.com,0.5555555555555556,0.9220512820512821,0.7894736842105261
SUP-CAT4-0020,Fresh Fields Group #20,Groceries,Miami,West,contact20@harvestdirect.com,1.0,0.13230769230769232,0.8421052631578946
SUP-CAT4-0021,Harvest Direct Wholesale #21,Groceries,Atlanta,South,contact21@greenbasket.com,0.2962962962962963,0.34102564102564104,0.0
SUP-CAT4-0022,PantryPro Group #22,Groceries,Mumbai,South,contact22@pantrypro.com,0.7037037037037037,0.1687179487179487,0.3157894736842103
SUP-CAT4-0023,Fresh Fields Distributors #23,Groceries,Newark,North,contact23@greenbasket.com,0.18518518518518517,0.698974358974359,0.2631578947368418
SUP-CAT4-0024,Fresh Fields LLC #24,Groceries,Miami,South,contact24@pantrypro.com,0.4074074074074074,0.9025641025641026,1.0
SUP-CAT4-0025,GreenBasket LLC #25,Groceries,Phoenix,East,contact25@freshfields.com,0.8888888888888888,0.08153846153846153,0.3157894736842103
SUP-CAT4-0026,Harvest Direct LLC #26,Groceries,Atlanta,East,contact26@farmgate.com,0.7777777777777778,0.8333333333333334,0.5789473684210528
SUP-CAT4-0027,GreenBasket Distributors #27,Groceries,Chicago,North,contact27@farmgate.com,0.1111111111111111,0.7035897435897436,0.7894736842105261
SUP-CAT4-0028,GreenBasket Trading #28,Groceries,Hanoi,South,contact28@greenbasket.com,0.6296296296296297,0.42923076923076925,0.7368421052631576
SUP-CAT4-0029,Fresh Fields Partners #29,Groceries,Seattle,North,contact29@pantrypro.com,0.7407407407407407,0.781025641025641,0.21052631578947334
SUP-CAT4-0030,FarmGate Supply Chain #30,Groceries,Dallas,South,contact30@harvestdirect.com,0.6296296296296297,0.9,0.4210526315789473
SUP-CAT4-0031,PantryPro Partners #31,Groceries,Seattle,Central,contact31@freshfields.com,0.6666666666666666,0.8435897435897436,0.10526315789473638
SUP-CAT4-0032,GreenBasket Trading #32,Groceries,Hanoi,North,contact32@farmgate.com,0.37037037037037035,0.2692307692307692,0.47368421052631576
SUP-CAT4-0033,Harvest Direct LLC #33,Groceries,Seattle,West,contact33@pantrypro.com,0.7777777777777778,0.5374358974358975,1.0
SUP-CAT4-0034,Harvest Direct Supply Chain #34,Groceries,Mumbai,Central,contact34@pantrypro.com,0.0,0.3933333333333333,0.3684210526315788
SUP-CAT4-0035,Fresh Fields Ltd. #35,Groceries,Newark,North,contact35@freshfields.com,0.25925925925925924,0.3071794871794872,0.10526315789473638
SUP-CAT4-0036,Harvest Direct Ltd. #36,Groceries,Newark,South,contact36@harvestdirect.com,0.7777777777777778,0.9471794871794872,0.10526315789473638
SUP-CAT4-0037,Harvest Direct Inc. #37,Groceries,Dallas,West,contact37@freshfields.com,0.037037037037037035,0.18512820512820513,0.0
SUP-CAT4-0038,Fresh Fields Inc. #38,Groceries,Newark,North,contact38@pantrypro.com,0.18518518518518517,0.8805128205128205,0.5789473684210528
SUP-CAT4-0039,Fresh Fields Group #39,Groceries,Phoenix,East,contact39@harvestdirect.com,0.7037037037037037,0.5887179487179487,0.3157894736842103
SUP-CAT4-0040,GreenBasket Trading #40,Groceries,Shenzhen,North,contact40@freshfields.com,0.0,0.981025641025641,0.2631578947368418
SUP-CAT4-0041,Fresh Fields Group #41,Groceries,Newark,Central,contact41@harvestdirect.com,0.6296296296296297,0.6097435897435898,0.3157894736842103
SUP-CAT4-0042,PantryPro Inc. #42,Groceries,Mumbai,South,contact42@greenbasket.com,0.4074074074074074,0.9682051282051282,0.7368421052631576
SUP-CAT4-0043,Fresh Fields Inc. #43,Groceries,Miami,East,contact43@greenbasket.com,0.7777777777777778,0.5076923076923077,0.7368421052631576
SUP-CAT4-0044,Harvest Direct Supply Chain #44,Groceries,Columbus,West,contact44@freshfields.com,0.2962962962962963,0.9764102564102564,0.6842105263157897
SUP-CAT4-0045,GreenBasket Partners #45,Groceries,Seattle,East,contact45@harvestdirect.com,0.7777777777777778,0.7589743589743589,0.05263157894736848
SUP-CAT4-0046,Harvest Direct Ltd. #46,Groceries,Newark,East,contact46@pantrypro.com,0.5185185185185185,0.3128205128205128,0.7368421052631576
SUP-CAT4-0047,FarmGate Supply Chain #47,Groceries,Hanoi,West,contact47@pantrypro.com,0.07407407407407407,0.2928205128205128,0.3684210526315788
SUP-CAT4-0048,FarmGate LLC #48,Groceries,Portland,West,contact48@freshfields.com,0.0,0.5235897435897436,0.4210526315789473
SUP-CAT4-0049,Harvest Direct Wholesale #49,Groceries,Denver,East,contact49@freshfields.com,0.2962962962962963,0.007692307692307693,0.5263157894736843
SUP-CAT4-0050,Fresh Fields Group #50,Groceries,Chicago,North,contact50@pantrypro.com,0.037037037037037035,0.7194871794871794,0.3157894736842103
SUP-CAT4-0051,Fresh Fields Distributors #51,Groceries,Miami,Central,contact51@freshfields.com,0.7777777777777778,0.8933333333333333,0.894736842105263
SUP-CAT4-0052,Harvest Direct LLC #52,Groceries,Seattle,East,contact52@harvestdirect.com,0.9259259259259259,0.3446153846153846,0.6315789473684212
SUP-CAT4-0053,Harvest Direct Supply Chain #53,Groceries,Newark,Central,contact53@farmgate.com,0.6296296296296297,0.12615384615384614,0.05263157894736848
SUP-CAT4-0054,FarmGate Group #54,Groceries,Denver,Central,contact54@pantrypro.com,0.25925925925925924,0.6415384615384615,0.5263157894736843
SUP-CAT4-0055,FarmGate Ltd. #55,Groceries,Rotterdam,South,contact55@freshfields.com,0.5925925925925926,0.2964102564102564,0.894736842105263
SUP-CAT4-0056,PantryPro Partners #56,Groceries,Denver,North,contact56@farmgate.com,0.2222222222222222,0.9502564102564103,0.5789473684210528
SUP-CAT4-0057,Fresh Fields Co. #57,Groceries,Mumbai,Central,contact57@harvestdirect.com,0.2962962962962963,0.45282051282051283,0.8421052631578946
SUP-CAT4-0058,Harvest Direct Distributors #58,Groceries,Atlanta,South,contact58@harvestdirect.com,0.48148148148148145,0.9605128205128205,0.10526315789473638
SUP-CAT4-0059,GreenBasket Group #59,Groceries,Rotterdam,South,contact59@freshfields.com,0.7407407407407407,0.9364102564102564,0.3157894736842103
SUP-CAT4-0060,PantryPro LLC #60,Groceries,Phoenix,West,contact60@freshfields.com,1.0,0.3117948717948718,0.7894736842105261
SUP-CAT4-0061,PantryPro Group #61,Groceries,Newark,South,contact61@pantrypro.com,0.4074074074074074,0.9271794871794872,0.47368421052631576
SUP-CAT4-0062,PantryPro Distributors #62,Groceries,Denver,West,contact62@freshfields.com,0.2962962962962963,0.9348717948717948,0.47368421052631576
SUP-CAT4-0063,Harvest Direct Ltd. #63,Groceries,Dallas,West,contact63@harvestdirect.com,0.9629629629629629,0.9605128205128205,0.3684210526315788
SUP-CAT4-0064,FarmGate Wholesale #64,Groceries,Columbus,South,contact64@harvestdirect.com,0.5925925925925926,0.6964102564102564,0.0
SUP-CAT4-0065,FarmGate Partners #65,Groceries,Denver,East,contact65@freshfields.com,0.3333333333333333,0.7943589743589744,0.2631578947368418
SUP-CAT4-0066,GreenBasket Co. #66,Groceries,Miami,South,contact66@farmgate.com,1.0,0.3892307692307692,0.5263157894736843
SUP-CAT4-0067,PantryPro Group #67,Groceries,Dallas,North,contact67@freshfields.com,0.1111111111111111,0.5646153846153846,0.7894736842105261
SUP-CAT4-0068,PantryPro Group #68,Groceries,Chicago,West,contact68@farmgate.com,0.18518518518518517,0.7697435897435897,0.3684210526315788
SUP-CAT4-0069,FarmGate Trading #69,Groceries,Osaka,North,contact69@farmgate.com,0.9629629629629629,0.19230769230769232,0.2631578947368418
SUP-CAT4-0070,Fresh Fields Wholesale #70,Groceries,Rotterdam,West,contact70@pantrypro.com,0.9259259259259259,0.3851282051282051,0.5789473684210528
SUP-CAT4-0071,Fresh Fields Distributors #71,Groceries,Denver,Central,contact71@harvestdirect.com,0.18518518518518517,0.9235897435897436,0.5789473684210528
SUP-CAT4-0072,FarmGate Ltd. #72,Groceries,Hanoi,Central,contact72@freshfields.com,0.07407407407407407,0.5328205128205128,0.15789473684210487
SUP-CAT4-0073,Harvest Direct Ltd. #73,Groceries,Shenzhen,East,contact73@harvestdirect.com,0.07407407407407407,0.38974358974358975,0.5263157894736843
SUP-CAT4-0074,Fresh Fields Distributors #74,Groceries,Hanoi,Central,contact74@harvestdirect.com,1.0,0.02564102564102564,0.21052631578947334
SUP-CAT4-0075,FarmGate Partners #75,Groceries,Atlanta,West,contact75@harvestdirect.com,0.9259259259259259,0.9671794871794872,0.2631578947368418
SUP-CAT4-0076,FarmGate Wholesale #76,Groceries,Miami,East,contact76@freshfields.com,1.0,0.7671794871794871,0.8421052631578946
SUP-CAT4-0077,PantryPro Distributors #77,Groceries,Columbus,Central,contact77@pantrypro.com,0.9629629629629629,0.6235897435897436,0.15789473684210487
SUP-CAT4-0078,Harvest Direct Trading #78,Groceries,Atlanta,North,contact78@harvestdirect.com,0.07407407407407407,0.32564102564102565,0.10526315789473638
SUP-CAT4-0079,PantryPro Inc. #79,Groceries,Hanoi,Central,contact79@pantrypro.com,0.6666666666666666,0.2123076923076923,0.7368421052631576
SUP-CAT4-0080,GreenBasket Wholesale #80,Groceries,Miami,Central,contact80@pantrypro.com,0.1111111111111111,0.07333333333333333,0.6315789473684212
SUP-CAT4-0081,PantryPro Inc. #81,Groceries,Mumbai,East,contact81@pantrypro.com,0.4074074074074074,0.12153846153846154,0.5263157894736843
SUP-CAT4-0082,Harvest Direct Partners #82,Groceries,Mumbai,South,contact82@freshfields.com,0.4074074074074074,0.7066666666666667,0.5789473684210528
SUP-CAT4-0083,FarmGate Inc. #83,Groceries,Rotterdam,South,contact83@pantrypro.com,0.5555555555555556,0.37948717948717947,0.6315789473684212
SUP-CAT4-0084,PantryPro Ltd. #84,Groceries,Denver,North,contact84@harvestdirect.com,0.5925925925925926,0.6123076923076923,0.7894736842105261
SUP-CAT4-0085,Harvest Direct Trading #85,Groceries,Seattle,West,contact85@farmgate.com,0.5555555555555556,0.9041025641025641,1.0
SUP-CAT4-0086,GreenBasket Ltd. #86,Groceries,Miami,West,contact86@pantrypro.com,0.07407407407407407,0.35025641025641024,0.8421052631578946
SUP-CAT4-0087,Harvest Direct Group #87,Groceries,Rotterdam,East,contact87@freshfields.com,0.8888888888888888,0.20666666666666667,0.7368421052631576
SUP-CAT4-0088,Harvest Direct LLC #88,Groceries,Seattle,North,contact88@freshfields.com,0.2222222222222222,0.9835897435897436,0.6842105263157897
SUP-CAT4-0089,Fresh Fields Co. #89,Groceries,Phoenix,North,contact89@greenbasket.com,0.8888888888888888,0.698974358974359,0.7368421052631576
SUP-CAT4-0090,Harvest Direct Ltd. #90,Groceries,Mumbai,North,contact90@pantrypro.com,0.7777777777777778,0.6938461538461539,0.7894736842105261
SUP-CAT4-0091,Fresh Fields Partners #91,Groceries,Rotterdam,Central,contact91@greenbasket.com,0.2222222222222222,0.8846153846153846,0.05263157894736848
SUP-CAT4-0092,Fresh Fields Co. #92,Groceries,Miami,East,contact92@farmgate.com,0.14814814814814814,0.36205128205128206,0.894736842105263
SUP-CAT4-0093,Harvest Direct Partners #93,Groceries,Osaka,North,contact93@freshfields.com,0.48148148148148145,0.4230769230769231,0.47368421052631576
SUP-CAT4-0094,GreenBasket Group #94,Groceries,Mumbai,East,contact94@harvestdirect.com,0.6666666666666666,0.5784615384615385,0.15789473684210487
SUP-CAT4-0095,PantryPro LLC #95,Groceries,Shenzhen,West,contact95@freshfields.com,0.4444444444444444,0.8174358974358974,0.3157894736842103
SUP-CAT4-0096,GreenBasket Wholesale #96,Groceries,Osaka,East,contact96@farmgate.com,0.6296296296296297,0.9297435897435897,0.7894736842105261
SUP-CAT4-0097,Fresh Fields Partners #97,Groceries,Seattle,North,contact97@farmgate.com,0.2222222222222222,0.9635897435897436,0.7894736842105261
SUP-CAT4-0098,Harvest Direct Distributors #98,Groceries,Dallas,South,contact98@freshfields.com,0.14814814814814814,0.6035897435897436,0.3684210526315788
SUP-CAT4-0099,Fresh Fields LLC #99,Groceries,Dallas,South,contact99@harvestdirect.com,0.9259259259259259,0.9317948717948717,0.3157894736842103
SUP-CAT4-0100,GreenBasket LLC #100,Groceries,Phoenix,South,contact100@harvestdirect.com,0.9259259259259259,0.008717948717948718,0.8421052631578946
SUP-CAT4-0101,PantryPro Trading #101,Groceries,Seattle,South,contact101@harvestdirect.com,0.1111111111111111,0.34717948717948716,0.4210526315789473
SUP-CAT4-0102,FarmGate Distributors #102,Groceries,Miami,North,contact102@farmgate.com,0.8148148148148148,0.19487179487179487,0.4210526315789473
SUP-CAT4-0103,PantryPro Wholesale #103,Groceries,Hanoi,South,contact103@greenbasket.com,0.7037037037037037,0.15538461538461537,0.7894736842105261
SUP-CAT4-0104,GreenBasket Co. #104,Groceries,Hanoi,Central,contact104@greenbasket.com,0.6296296296296297,0.9246153846153846,0.2631578947368418
SUP-CAT4-0105,Harvest Direct Trading #105,Groceries,Hanoi,North,contact105@harvestdirect.com,0.18518518518518517,0.43743589743589745,0.4210526315789473
SUP-CAT4-0106,GreenBasket Supply Chain #106,Groceries,Hanoi,Central,contact106@pantrypro.com,0.18518518518518517,0.5256410256410257,1.0
SUP-CAT4-0107,PantryPro Trading #107,Groceries,Mumbai,North,contact107@pantrypro.com,0.6296296296296297,0.6205128205128205,0.7894736842105261
SUP-CAT4-0108,Harvest Direct Inc. #108,Groceries,Seattle,North,contact108@farmgate.com,0.8888888888888888,0.8405128205128205,0.0
SUP-CAT4-0109,Fresh Fields Distributors #109,Groceries,Osaka,East,contact109@greenbasket.com,0.7777777777777778,0.6112820512820513,0.7368421052631576
SUP-CAT4-0110,PantryPro Supply Chain #110,Groceries,Portland,North,contact110@farmgate.com,0.3333333333333333,0.045641025641025644,0.5789473684210528
SUP-CAT4-0111,PantryPro Partners #111,Groceries,Seattle,Central,contact111@harvestdirect.com,0.25925925925925924,0.2548717948717949,0.47368421052631576
SUP-CAT4-0112,Harvest Direct Ltd. #112,Groceries,Hanoi,East,contact112@harvestdirect.com,0.5555555555555556,0.39282051282051283,0.3157894736842103
SUP-CAT4-0113,Fresh Fields Co. #113,Groceries,Dallas,North,contact113@pantrypro.com,0.7407407407407407,0.9435897435897436,0.3157894736842103
SUP-CAT4-0114,Fresh Fields Inc. #114,Groceries,Mumbai,East,contact114@farmgate.com,0.7037037037037037,0.5215384615384615,0.4210526315789473
SUP-CAT4-0115,Fresh Fields Trading #115,Groceries,Newark,South,contact115@pantrypro.com,0.6296296296296297,0.9312820512820513,0.3157894736842103
SUP-CAT4-0116,FarmGate Wholesale #116,Groceries,Hanoi,South,contact116@freshfields.com,0.5185185185185185,0.5897435897435898,0.47368421052631576
SUP-CAT4-0117,Harvest Direct Co. #117,Groceries,Phoenix,South,contact117@pantrypro.com,0.07407407407407407,0.8446153846153847,0.6842105263157897
SUP-CAT4-0118,GreenBasket Ltd. #118,Groceries,Rotterdam,Central,contact118@pantrypro.com,0.14814814814814814,0.0641025641025641,0.5263157894736843
SUP-CAT4-0119,Harvest Direct Trading #119,Groceries,Denver,West,contact119@farmgate.com,0.4074074074074074,0.19897435897435897,0.05263157894736848
SUP-CAT4-0120,Fresh Fields Ltd. #120,Groceries,Newark,East,contact120@farmgate.com,0.8888888888888888,0.2194871794871795,0.7894736842105261
SUP-CAT4-0121,Harvest Direct Trading #121,Groceries,Newark,West,contact121@pantrypro.com,0.0,0.0641025641025641,0.9473684210526315
SUP-CAT4-0122,Harvest Direct Ltd. #122,Groceries,Osaka,Central,contact122@pantrypro.com,0.6296296296296297,0.8348717948717949,0.7368421052631576
SUP-CAT4-0123,FarmGate Supply Chain #123,Groceries,Osaka,North,contact123@freshfields.com,0.8518518518518519,0.6641025641025641,0.21052631578947334
SUP-CAT4-0124,Fresh Fields Supply Chain #124,Groceries,Columbus,North,contact124@farmgate.com,0.14814814814814814,0.39692307692307693,0.5263157894736843
SUP-CAT4-0125,PantryPro Trading #125,Groceries,Mumbai,East,contact125@pantrypro.com,0.037037037037037035,0.5897435897435898,0.7368421052631576
SUP-CAT4-0126,GreenBasket LLC #126,Groceries,Seattle,North,contact126@harvestdirect.com,0.5185185185185185,0.9738461538461538,0.15789473684210487
SUP-CAT4-0127,FarmGate Inc. #127,Groceries,Seattle,West,contact127@farmgate.com,0.7407407407407407,0.6287179487179487,0.3684210526315788
SUP-CAT4-0128,FarmGate Co. #128,Groceries,Miami,South,contact128@harvestdirect.com,0.2962962962962963,0.22564102564102564,0.7368421052631576
SUP-CAT4-0129,Harvest Direct LLC #129,Groceries,Mumbai,Central,contact129@greenbasket.com,0.6296296296296297,0.05641025641025641,0.3157894736842103
SUP-CAT4-0130,GreenBasket LLC #130,Groceries,Chicago,West,contact130@pantrypro.com,1.0,0.07743589743589743,0.4210526315789473
SUP-CAT4-0131,PantryPro Ltd. #131,Groceries,Portland,East,contact131@harvestdirect.com,0.48148148148148145,0.86,0.2631578947368418
SUP-CAT4-0132,Harvest Direct Supply Chain #132,Groceries,Atlanta,Central,contact132@harvestdirect.com,0.25925925925925924,0.4451282051282051,0.05263157894736848
SUP-CAT4-0133,GreenBasket Co. #133,Groceries,Dallas,West,contact133@farmgate.com,0.8518518518518519,0.8215384615384616,0.21052631578947334
SUP-CAT4-0134,FarmGate Group #134,Groceries,Rotterdam,South,contact134@pantrypro.com,0.07407407407407407,0.17333333333333334,0.47368421052631576
SUP-CAT4-0135,PantryPro Group #135,Groceries,Phoenix,South,contact135@pantrypro.com,0.14814814814814814,0.6538461538461539,0.5263157894736843
SUP-CAT4-0136,FarmGate Trading #136,Groceries,Mumbai,Central,contact136@freshfields.com,0.0,0.6630769230769231,0.3684210526315788
SUP-CAT4-0137,FarmGate Group #137,Groceries,Denver,Central,contact137@farmgate.com,0.5185185185185185,0.6174358974358974,0.10526315789473638
SUP-CAT4-0138,PantryPro Partners #138,Groceries,Hanoi,South,contact138@freshfields.com,0.037037037037037035,0.7338461538461538,0.8421052631578946
SUP-CAT4-0139,Fresh Fields Wholesale #139,Groceries,Columbus,East,contact139@harvestdirect.com,0.8518518518518519,0.2994871794871795,0.47368421052631576
SUP-CAT4-0140,GreenBasket Inc. #140,Groceries,Miami,Central,contact140@farmgate.com,0.2962962962962963,0.438974358974359,0.10526315789473638
SUP-CAT4-0141,PantryPro Partners #141,Groceries,Miami,West,contact141@greenbasket.com,0.5555555555555556,0.49641025641025643,0.21052631578947334
SUP-CAT4-0142,PantryPro Group #142,Groceries,Mumbai,West,contact142@freshfields.com,0.5925925925925926,0.47692307692307695,0.8421052631578946
SUP-CAT4-0143,FarmGate Trading #143,Groceries,Hanoi,Central,contact143@greenbasket.com,1.0,0.4758974358974359,0.10526315789473638
SUP-CAT4-0144,GreenBasket Trading #144,Groceries,Denver,West,contact144@pantrypro.com,0.25925925925925924,0.10205128205128206,0.21052631578947334
SUP-CAT4-0145,PantryPro Ltd. #145,Groceries,Newark,North,contact145@greenbasket.com,0.8888888888888888,0.9307692307692308,0.894736842105263
SUP-CAT4-0146,Harvest Direct Wholesale #146,Groceries,Denver,North,contact146@farmgate.com,0.8888888888888888,0.03743589743589744,0.5789473684210528
SUP-CAT4-0147,PantryPro Distributors #147,Groceries,Osaka,North,contact147@harvestdirect.com,1.0,0.4107692307692308,0.6315789473684212
SUP-CAT4-0148,GreenBasket Trading #148,Groceries,Mumbai,West,contact148@farmgate.com,0.0,0.5507692307692308,0.5263157894736843
SUP-CAT4-0149,PantryPro Group #149,Groceries,Columbus,East,contact149@freshfields.com,1.0,0.39179487179487177,0.5263157894736843
SUP-CAT4-0150,Fresh Fields Wholesale #150,Groceries,Seattle,East,contact150@farmgate.com,0.0,0.9184615384615384,0.15789473684210487
SUP-CAT4-0151,GreenBasket Ltd. #151,Groceries,Dallas,South,contact151@freshfields.com,0.8148148148148148,0.08666666666666667,0.05263157894736848
SUP-CAT4-0152,PantryPro Trading #152,Groceries,Hanoi,East,contact152@freshfields.com,0.7037037037037037,0.7548717948717949,0.21052631578947334
SUP-CAT4-0153,GreenBasket Wholesale #153,Groceries,Columbus,South,contact153@freshfields.com,0.5185185185185185,0.02205128205128205,0.6842105263157897
SUP-CAT4-0154,PantryPro LLC #154,Groceries,Dallas,East,contact154@pantrypro.com,0.6666666666666666,0.6107692307692307,0.05263157894736848
SUP-CAT4-0155,FarmGate Group #155,Groceries,Denver,West,contact155@greenbasket.com,0.2222222222222222,0.4533333333333333,0.6315789473684212
SUP-CAT4-0156,Harvest Direct Group #156,Groceries,Portland,Central,contact156@pantrypro.com,0.4444444444444444,0.5728205128205128,0.5789473684210528
SUP-CAT4-0157,PantryPro Wholesale #157,Groceries,Portland,South,contact157@greenbasket.com,1.0,0.6635897435897435,0.47368421052631576
SUP-CAT4-0158,Fresh Fields LLC #158,Groceries,Dallas,North,contact158@farmgate.com,0.7777777777777778,0.8446153846153847,0.6842105263157897
SUP-CAT4-0159,Fresh Fields Group #159,Groceries,Portland,East,contact159@greenbasket.com,0.8148148148148148,0.6748717948717948,0.0
SUP-CAT4-0160,GreenBasket Trading #160,Groceries,Phoenix,East,contact160@farmgate.com,0.4074074074074074,0.8066666666666666,0.7368421052631576
SUP-CAT4-0161,Harvest Direct Inc. #161,Groceries,Chicago,Central,contact161@greenbasket.com,0.8148148148148148,0.7369230769230769,0.10526315789473638
SUP-CAT4-0162,PantryPro Distributors #162,Groceries,Phoenix,West,contact162@greenbasket.com,0.6296296296296297,0.4635897435897436,1.0
SUP-CAT4-0163,Fresh Fields Trading #163,Groceries,Rotterdam,East,contact163@harvestdirect.com,0.8518518518518519,0.14974358974358976,0.2631578947368418
SUP-CAT4-0164,Harvest Direct LLC #164,Groceries,Miami,South,contact164@harvestdirect.com,0.5925925925925926,0.9087179487179488,0.7368421052631576
SUP-CAT4-0165,Harvest Direct Inc. #165,Groceries,Osaka,South,contact165@farmgate.com,0.8888888888888888,0.4882051282051282,0.3684210526315788
SUP-CAT4-0166,PantryPro Group #166,Groceries,Miami,East,contact166@freshfields.com,0.4074074074074074,0.9933333333333333,0.3157894736842103
SUP-CAT4-0167,Harvest Direct Supply Chain #167,Groceries,Denver,East,contact167@harvestdirect.com,0.5555555555555556,0.5005128205128205,0.21052631578947334
SUP-CAT4-0168,FarmGate Inc. #168,Groceries,Dallas,North,contact168@freshfields.com,0.037037037037037035,0.2958974358974359,0.05263157894736848
SUP-CAT4-0169,Harvest Direct Ltd. #169,Groceries,Denver,South,contact169@farmgate.com,0.8518518518518519,0.6728205128205128,0.2631578947368418
SUP-CAT4-0170,Fresh Fields Co. #170,Groceries,Chicago,South,contact170@farmgate.com,0.5185185185185185,0.8025641025641026,0.6842105263157897
SUP-CAT4-0171,PantryPro Co. #171,Groceries,Osaka,East,contact171@pantrypro.com,0.5185185185185185,0.9482051282051283,0.5263157894736843
SUP-CAT4-0172,Fresh Fields Inc. #172,Groceries,Osaka,Central,contact172@greenbasket.com,0.25925925925925924,0.07128205128205128,0.6315789473684212
SUP-CAT4-0173,PantryPro LLC #173,Groceries,Denver,South,contact173@pantrypro.com,0.9629629629629629,0.9933333333333333,0.8421052631578946
SUP-CAT4-0174,GreenBasket Partners #174,Groceries,Hanoi,East,contact174@harvestdirect.com,0.5555555555555556,0.28,0.7368421052631576
SUP-CAT4-0175,Harvest Direct Trading #175,Groceries,Seattle,West,contact175@pantrypro.com,0.4444444444444444,0.9164102564102564,0.8421052631578946
SUP-CAT4-0176,Harvest Direct LLC #176,Groceries,Denver,South,contact176@harvestdirect.com,0.2962962962962963,0.9830769230769231,0.15789473684210487
SUP-CAT4-0177,Fresh Fields Inc. #177,Groceries,Shenzhen,South,contact177@farmgate.com,0.5925925925925926,0.7528205128205128,0.3157894736842103
SUP-CAT4-0178,FarmGate LLC #178,Groceries,Newark,West,contact178@pantrypro.com,0.8888888888888888,0.522051282051282,0.7368421052631576
SUP-CAT4-0179,Harvest Direct Inc. #179,Groceries,Hanoi,South,contact179@greenbasket.com,0.14814814814814814,0.27589743589743587,0.21052631578947334
SUP-CAT4-0180,FarmGate Ltd. #180,Groceries,Shenzhen,South,contact180@freshfields.com,0.5925925925925926,0.44051282051282054,1.0
SUP-CAT4-0181,Harvest Direct Wholesale #181,Groceries,Phoenix,South,contact181@greenbasket.com,0.6666666666666666,0.38256410256410256,0.05263157894736848
SUP-CAT4-0182,Harvest Direct LLC #182,Groceries,Miami,Central,contact182@freshfields.com,0.14814814814814814,0.5133333333333333,0.8421052631578946
SUP-CAT4-0183,PantryPro Supply Chain #183,Groceries,Seattle,West,contact183@harvestdirect.com,0.6666666666666666,0.6071794871794872,0.15789473684210487
SUP-CAT4-0184,GreenBasket Co. #184,Groceries,Portland,North,contact184@harvestdirect.com,0.2962962962962963,0.0020512820512820513,0.3684210526315788
SUP-CAT4-0185,FarmGate Distributors #185,Groceries,Hanoi,South,contact185@freshfields.com,0.7777777777777778,0.12410256410256411,0.7894736842105261
SUP-CAT4-0186,GreenBasket Co. #186,Groceries,Mumbai,South,contact186@freshfields.com,0.2222222222222222,0.19487179487179487,0.21052631578947334
SUP-CAT4-0187,PantryPro Partners #187,Groceries,Osaka,South,contact187@pantrypro.com,0.3333333333333333,0.798974358974359,0.7894736842105261
SUP-CAT4-0188,GreenBasket Distributors #188,Groceries,Dallas,Central,contact188@harvestdirect.com,0.8888888888888888,0.9128205128205128,0.5263157894736843
SUP-CAT4-0189,GreenBasket Group #189,Groceries,Denver,South,contact189@harvestdirect.com,1.0,0.30153846153846153,0.3157894736842103
SUP-CAT4-0190,PantryPro Co. #190,Groceries,Chicago,North,contact190@greenbasket.com,0.8148148148148148,0.33076923076923076,0.8421052631578946
SUP-CAT4-0191,FarmGate Inc. #191,Groceries,Osaka,East,contact191@freshfields.com,0.5555555555555556,0.06512820512820512,0.10526315789473638
SUP-CAT4-0192,PantryPro Partners #192,Groceries,Dallas,East,contact192@harvestdirect.com,0.7037037037037037,0.5938461538461538,0.6315789473684212
SUP-CAT4-0193,Harvest Direct Distributors #193,Groceries,Columbus,Central,contact193@greenbasket.com,0.0,0.6276923076923077,0.894736842105263
SUP-CAT4-0194,PantryPro Wholesale #194,Groceries,Seattle,West,contact194@harvestdirect.com,0.25925925925925924,0.5625641025641026,0.15789473684210487
SUP-CAT4-0195,FarmGate Wholesale #195,Groceries,Newark,South,contact195@harvestdirect.com,0.7037037037037037,0.15692307692307692,1.0
SUP-CAT4-0196,Fresh Fields Group #196,Groceries,Seattle,Central,contact196@pantrypro.com,0.037037037037037035,0.7574358974358975,0.47368421052631576
SUP-CAT4-0197,FarmGate Partners #197,Groceries,Hanoi,North,contact197@freshfields.com,0.7037037037037037,0.7974358974358975,0.3157894736842103
SUP-CAT4-0198,FarmGate Wholesale #198,Groceries,Miami,West,contact198@harvestdirect.com,0.25925925925925924,0.23333333333333334,0.4210526315789473
SUP-CAT4-0199,GreenBasket Wholesale #199,Groceries,Phoenix,North,contact199@harvestdirect.com,0.6296296296296297,0.8605128205128205,0.15789473684210487
SUP-CAT4-0200,Harvest Direct Distributors #200,Groceries,Dallas,West,contact200@farmgate.com,0.9259259259259259,0.6364102564102564,0.2631578947368418
SUP-CAT4-0201,Harvest Direct Supply Chain #201,Groceries,Phoenix,East,contact201@greenbasket.com,0.37037037037037035,0.5430769230769231,0.21052631578947334
SUP-CAT4-0202,Fresh Fields Group #202,Groceries,Portland,East,contact202@pantrypro.com,0.9629629629629629,0.2241025641025641,0.15789473684210487
SUP-CAT4-0203,Harvest Direct Partners #203,Groceries,Rotterdam,West,contact203@farmgate.com,0.8148148148148148,0.12974358974358974,0.5263157894736843
SUP-CAT4-0204,Harvest Direct Co. #204,Groceries,Seattle,Central,contact204@pantrypro.com,0.4074074074074074,0.9446153846153846,0.3684210526315788
SUP-CAT4-0205,PantryPro Supply Chain #205,Groceries,Seattle,East,contact205@harvestdirect.com,0.7037037037037037,0.2917948717948718,0.894736842105263
SUP-CAT4-0206,PantryPro Co. #206,Groceries,Atlanta,North,contact206@freshfields.com,0.3333333333333333,0.441025641025641,0.47368421052631576
SUP-CAT4-0207,Fresh Fields Co. #207,Groceries,Columbus,East,contact207@harvestdirect.com,0.4444444444444444,0.4512820512820513,0.7894736842105261
SUP-CAT4-0208,FarmGate Ltd. #208,Groceries,Miami,East,contact208@pantrypro.com,0.7037037037037037,0.14153846153846153,0.5263157894736843
SUP-CAT4-0209,Fresh Fields Distributors #209,Groceries,Hanoi,North,contact209@freshfields.com,0.18518518518518517,0.40205128205128204,0.0
SUP-CAT4-0210,Fresh Fields Trading #210,Groceries,Miami,South,contact210@harvestdirect.com,0.8148148148148148,0.8861538461538462,0.3157894736842103
SUP-CAT4-0211,GreenBasket Partners #211,Groceries,Newark,Central,contact211@harvestdirect.com,0.37037037037037035,0.9312820512820513,0.9473684210526315
SUP-CAT4-0212,Fresh Fields Partners #212,Groceries,Portland,North,contact212@pantrypro.com,1.0,0.5435897435897435,0.15789473684210487
SUP-CAT4-0213,PantryPro Wholesale #213,Groceries,Shenzhen,West,contact213@pantrypro.com,0.2962962962962963,0.4369230769230769,0.7894736842105261
SUP-CAT4-0214,FarmGate Trading #214,Groceries,Mumbai,Central,contact214@freshfields.com,0.8148148148148148,0.92,0.7894736842105261
SUP-CAT4-0215,Fresh Fields Inc. #215,Groceries,Seattle,Central,contact215@farmgate.com,1.0,0.9276923076923077,0.15789473684210487
SUP-CAT4-0216,FarmGate Distributors #216,Groceries,Newark,West,contact216@harvestdirect.com,0.7777777777777778,0.3312820512820513,0.47368421052631576
SUP-CAT4-0217,Fresh Fields Partners #217,Groceries,Rotterdam,West,contact217@freshfields.com,0.8518518518518519,0.3,0.7368421052631576
SUP-CAT4-0218,Harvest Direct Ltd. #218,Groceries,Newark,North,contact218@pantrypro.com,0.6666666666666666,0.6887179487179487,0.5263157894736843
SUP-CAT4-0219,FarmGate Partners #219,Groceries,Dallas,Central,contact219@harvestdirect.com,0.14814814814814814,0.3046153846153846,0.9473684210526315
SUP-CAT4-0220,PantryPro Inc. #220,Groceries,Rotterdam,North,contact220@harvestdirect.com,0.25925925925925924,0.18051282051282053,0.8421052631578946
SUP-CAT4-0221,Fresh Fields Wholesale #221,Groceries,Shenzhen,South,contact221@freshfields.com,0.4444444444444444,0.13384615384615384,0.15789473684210487
SUP-CAT4-0222,GreenBasket LLC #222,Groceries,Portland,Central,contact222@greenbasket.com,0.3333333333333333,0.6687179487179488,1.0
SUP-CAT4-0223,GreenBasket Inc. #223,Groceries,Shenzhen,North,contact223@harvestdirect.com,0.8148148148148148,0.764102564102564,0.5263157894736843
SUP-CAT4-0224,GreenBasket Distributors #224,Groceries,Columbus,West,contact224@harvestdirect.com,0.3333333333333333,0.14358974358974358,0.3684210526315788
SUP-CAT4-0225,FarmGate Co. #225,Groceries,Newark,South,contact225@pantrypro.com,0.2962962962962963,0.8697435897435898,0.0
SUP-CAT4-0226,PantryPro Group #226,Groceries,Newark,Central,contact226@farmgate.com,1.0,0.9323076923076923,0.21052631578947334
SUP-CAT4-0227,FarmGate LLC #227,Groceries,Osaka,West,contact227@greenbasket.com,0.9629629629629629,0.9220512820512821,0.894736842105263
SUP-CAT4-0228,Fresh Fields Trading #228,Groceries,Osaka,South,contact228@pantrypro.com,0.0,0.8451282051282051,0.8421052631578946
SUP-CAT4-0229,PantryPro Wholesale #229,Groceries,Denver,West,contact229@greenbasket.com,0.037037037037037035,0.012307692307692308,0.05263157894736848
SUP-CAT4-0230,Harvest Direct Ltd. #230,Groceries,Portland,West,contact230@freshfields.com,0.8148148148148148,0.47794871794871796,0.0
SUP-CAT4-0231,Fresh Fields Co. #231,Groceries,Chicago,Central,contact231@harvestdirect.com,0.5555555555555556,0.29025641025641025,0.3157894736842103
SUP-CAT4-0232,Fresh Fields LLC #232,Groceries,Denver,Central,contact232@harvestdirect.com,0.4444444444444444,0.14051282051282052,0.894736842105263
SUP-CAT4-0233,Harvest Direct Supply Chain #233,Groceries,Dallas,North,contact233@harvestdirect.com,1.0,0.8,0.8421052631578946
SUP-CAT4-0234,Harvest Direct Co. #234,Groceries,Shenzhen,West,contact234@freshfields.com,0.6296296296296297,0.23333333333333334,0.3157894736842103
SUP-CAT4-0235,PantryPro Partners #235,Groceries,Seattle,North,contact235@pantrypro.com,0.8518518518518519,0.09025641025641026,0.7894736842105261
SUP-CAT4-0236,Fresh Fields LLC #236,Groceries,Osaka,West,contact236@farmgate.com,0.48148148148148145,0.26564102564102565,0.7368421052631576
SUP-CAT4-0237,GreenBasket Ltd. #237,Groceries,Mumbai,North,contact237@greenbasket.com,0.9259259259259259,0.21435897435897436,1.0
SUP-CAT4-0238,Fresh Fields Ltd. #238,Groceries,Dallas,Central,contact238@greenbasket.com,0.7407407407407407,0.5343589743589744,0.21052631578947334
SUP-CAT4-0239,FarmGate Group #239,Groceries,Denver,Central,contact239@greenbasket.com,0.5185185185185185,0.6825641025641026,0.4210526315789473
SUP-CAT4-0240,Fresh Fields Supply Chain #240,Groceries,Mumbai,East,contact240@harvestdirect.com,0.4074074074074074,0.9753846153846154,0.7368421052631576
SUP-CAT4-0241,GreenBasket Wholesale #241,Groceries,Osaka,East,contact241@pantrypro.com,0.48148148148148145,0.82,0.3684210526315788
SUP-CAT4-0242,FarmGate Inc. #242,Groceries,Chicago,North,contact242@freshfields.com,0.9259259259259259,0.20256410256410257,0.4210526315789473
SUP-CAT4-0243,GreenBasket Group #243,Groceries,Newark,West,contact243@pantrypro.com,0.07407407407407407,0.7533333333333333,0.3157894736842103
SUP-CAT4-0244,FarmGate Supply Chain #244,Groceries,Dallas,North,contact244@harvestdirect.com,0.3333333333333333,0.08666666666666667,0.6315789473684212
SUP-CAT4-0245,PantryPro Trading #245,Groceries,Denver,South,contact245@greenbasket.com,0.37037037037037035,0.7194871794871794,0.21052631578947334
SUP-CAT4-0246,Fresh Fields LLC #246,Groceries,Atlanta,North,contact246@freshfields.com,0.5185185185185185,0.24205128205128204,0.47368421052631576
SUP-CAT4-0247,PantryPro Partners #247,Groceries,Seattle,Central,contact247@harvestdirect.com,0.3333333333333333,0.7835897435897435,0.7894736842105261
SUP-CAT4-0248,Harvest Direct LLC #248,Groceries,Seattle,North,contact248@pantrypro.com,0.7407407407407407,0.37435897435897436,0.5789473684210528
SUP-CAT4-0249,Harvest Direct Wholesale #249,Groceries,Newark,South,contact249@freshfields.com,0.6666666666666666,0.5682051282051283,0.6842105263157897
SUP-CAT4-0250,GreenBasket Ltd. #250,Groceries,Mumbai,North,contact250@freshfields.com,0.1111111111111111,0.7517948717948718,0.894736842105263
SUP-CAT4-0251,GreenBasket Group #251,Groceries,Phoenix,Central,contact251@harvestdirect.com,0.4074074074074074,0.4338461538461538,0.15789473684210487
SUP-CAT4-0252,Harvest Direct LLC #252,Groceries,Columbus,Central,contact252@harvestdirect.com,0.1111111111111111,0.2323076923076923,0.5263157894736843
SUP-CAT4-0253,Harvest Direct Group #253,Groceries,Dallas,South,contact253@harvestdirect.com,0.7407407407407407,0.4005128205128205,0.6842105263157897
SUP-CAT4-0254,Fresh Fields Supply Chain #254,Groceries,Shenzhen,North,contact254@freshfields.com,0.3333333333333333,0.978974358974359,0.894736842105263
SUP-CAT4-0255,PantryPro Wholesale #255,Groceries,Shenzhen,West,contact255@pantrypro.com,0.1111111111111111,0.8456410256410256,0.7368421052631576
SUP-CAT4-0256,Fresh Fields Supply Chain #256,Groceries,Denver,South,contact256@freshfields.com,0.25925925925925924,0.7220512820512821,0.3157894736842103
SUP-CAT4-0257,Fresh Fields Supply Chain #257,Groceries,Phoenix,North,contact257@harvestdirect.com,0.9259259259259259,0.8266666666666667,0.15789473684210487
SUP-CAT4-0258,GreenBasket LLC #258,Groceries,Seattle,West,contact258@greenbasket.com,1.0,0.7492307692307693,0.6842105263157897
SUP-CAT4-0259,Harvest Direct Group #259,Groceries,Portland,East,contact259@freshfields.com,0.18518518518518517,0.03487179487179487,0.5263157894736843
SUP-CAT4-0260,GreenBasket Inc. #260,Groceries,Columbus,North,contact260@farmgate.com,0.8888888888888888,0.36256410256410254,0.6315789473684212
SUP-CAT4-0261,FarmGate Inc. #261,Groceries,Shenzhen,East,contact261@freshfields.com,0.4444444444444444,0.5128205128205128,0.7894736842105261
SUP-CAT4-0262,Harvest Direct Supply Chain #262,Groceries,Atlanta,South,contact262@greenbasket.com,0.07407407407407407,0.15128205128205127,0.5263157894736843
SUP-CAT4-0263,PantryPro Wholesale #263,Groceries,Portland,Central,contact263@farmgate.com,0.6296296296296297,0.06512820512820512,0.3684210526315788
SUP-CAT4-0264,FarmGate Co. #264,Groceries,Osaka,South,contact264@harvestdirect.com,0.1111111111111111,0.9574358974358974,0.3157894736842103
SUP-CAT4-0265,Fresh Fields Wholesale #265,Groceries,Denver,South,contact265@freshfields.com,0.37037037037037035,0.6189743589743589,0.8421052631578946
SUP-CAT4-0266,PantryPro Distributors #266,Groceries,Atlanta,North,contact266@freshfields.com,0.4074074074074074,0.4066666666666667,0.6842105263157897
SUP-CAT4-0267,Harvest Direct Wholesale #267,Groceries,Mumbai,Central,contact267@freshfields.com,1.0,0.615897435897436,0.9473684210526315
SUP-CAT4-0268,GreenBasket Ltd. #268,Groceries,Rotterdam,South,contact268@greenbasket.com,0.2962962962962963,0.46512820512820513,0.3157894736842103
SUP-CAT4-0269,Fresh Fields Trading #269,Groceries,Atlanta,West,contact269@farmgate.com,0.4074074074074074,0.9692307692307692,0.6315789473684212
SUP-CAT4-0270,Harvest Direct Group #270,Groceries,Atlanta,East,contact270@farmgate.com,0.1111111111111111,0.9676923076923077,0.5263157894736843
SUP-CAT4-0271,Harvest Direct Partners #271,Groceries,Seattle,South,contact271@greenbasket.com,0.8888888888888888,0.8492307692307692,0.05263157894736848
SUP-CAT4-0272,GreenBasket Inc. #272,Groceries,Atlanta,East,contact272@pantrypro.com,0.2222222222222222,0.7169230769230769,0.5789473684210528
SUP-CAT4-0273,Fresh Fields Partners #273,Groceries,Columbus,East,contact273@freshfields.com,0.9259259259259259,0.8153846153846154,0.2631578947368418
SUP-CAT4-0274,FarmGate Wholesale #274,Groceries,Phoenix,South,contact274@freshfields.com,0.8148148148148148,0.9564102564102565,0.15789473684210487
SUP-CAT4-0275,GreenBasket Distributors #275,Groceries,Atlanta,West,contact275@freshfields.com,0.5925925925925926,0.0876923076923077,0.5789473684210528
SUP-CAT4-0276,Harvest Direct Trading #276,Groceries,Atlanta,East,contact276@freshfields.com,0.037037037037037035,0.3230769230769231,0.21052631578947334
SUP-CAT4-0277,Fresh Fields Distributors #277,Groceries,Atlanta,South,contact277@pantrypro.com,0.8518518518518519,0.5666666666666667,0.4210526315789473
SUP-CAT4-0278,Harvest Direct Co. #278,Groceries,Hanoi,Central,contact278@pantrypro.com,0.4444444444444444,0.48512820512820515,0.2631578947368418
SUP-CAT4-0279,PantryPro LLC #279,Groceries,Chicago,East,contact279@farmgate.com,0.25925925925925924,0.72,0.47368421052631576
SUP-CAT4-0280,Harvest Direct Wholesale #280,Groceries,Miami,North,contact280@freshfields.com,0.7407407407407407,0.39179487179487177,0.05263157894736848
SUP-CAT4-0281,PantryPro Co. #281,Groceries,Hanoi,South,contact281@harvestdirect.com,0.6666666666666666,0.796923076923077,0.3157894736842103
SUP-CAT4-0282,Fresh Fields Co. #282,Groceries,Chicago,South,contact282@harvestdirect.com,0.25925925925925924,0.9887179487179487,0.7894736842105261
SUP-CAT4-0283,FarmGate Wholesale #283,Groceries,Atlanta,South,contact283@farmgate.com,0.037037037037037035,0.7246153846153847,0.7368421052631576
SUP-CAT4-0284,PantryPro Ltd. #284,Groceries,Columbus,North,contact284@harvestdirect.com,0.48148148148148145,0.9620512820512821,0.7894736842105261
SUP-CAT4-0285,FarmGate Inc. #285,Groceries,Columbus,North,contact285@farmgate.com,0.6296296296296297,0.981025641025641,1.0
SUP-CAT4-0286,Harvest Direct Supply Chain #286,Groceries,Hanoi,North,contact286@harvestdirect.com,0.9629629629629629,0.7564102564102564,0.10526315789473638
SUP-CAT4-0287,Fresh Fields Inc. #287,Groceries,Osaka,South,contact287@pantrypro.com,0.9259259259259259,0.7435897435897436,1.0
SUP-CAT4-0288,FarmGate Co. #288,Groceries,Newark,Central,contact288@greenbasket.com,0.07407407407407407,0.9374358974358974,0.9473684210526315
SUP-CAT4-0289,GreenBasket Partners #289,Groceries,Phoenix,East,contact289@harvestdirect.com,0.6296296296296297,0.2230769230769231,0.5789473684210528
SUP-CAT4-0290,Fresh Fields Trading #290,Groceries,Rotterdam,Central,contact290@farmgate.com,0.07407407407407407,0.45487179487179485,0.5263157894736843
SUP-CAT4-0291,Fresh Fields Wholesale #291,Groceries,Hanoi,East,contact291@harvestdirect.com,0.8888888888888888,0.5943589743589743,1.0
SUP-CAT4-0292,Harvest Direct Distributors #292,Groceries,Hanoi,West,contact292@pantrypro.com,0.25925925925925924,0.6338461538461538,0.6315789473684212
SUP-CAT4-0293,Harvest Direct Ltd. #293,Groceries,Newark,East,contact293@harvestdirect.com,0.14814814814814814,0.8271794871794872,0.4210526315789473
SUP-CAT4-0294,Harvest Direct Wholesale #294,Groceries,Columbus,South,contact294@farmgate.com,0.2222222222222222,0.7328205128205129,0.0
SUP-CAT4-0295,Fresh Fields Inc. #295,Groceries,Mumbai,North,contact295@greenbasket.com,0.1111111111111111,0.17846153846153845,0.47368421052631576
SUP-CAT4-0296,Harvest Direct Co. #296,Groceries,Rotterdam,South,contact296@freshfields.com,0.07407407407407407,0.01282051282051282,0.05263157894736848
SUP-CAT4-0297,PantryPro Co. #297,Groceries,Columbus,North,contact297@farmgate.com,0.0,0.02717948717948718,0.5263157894736843
SUP-CAT4-0298,Fresh Fields Ltd. #298,Groceries,Atlanta,South,contact298@freshfields.com,0.1111111111111111,0.2882051282051282,0.7368421052631576
SUP-CAT4-0299,Fresh Fields Distributors #299,Groceries,Portland,West,contact299@pantrypro.com,0.7777777777777778,0.5246153846153846,0.9473684210526315
SUP-CAT4-0300,GreenBasket Partners #300,Groceries,Phoenix,Central,contact300@harvestdirect.com,0.5555555555555556,0.22615384615384615,0.7368421052631576
SUP-CAT4-0301,FarmGate Supply Chain #301,Groceries,Osaka,East,contact301@harvestdirect.com,0.7407407407407407,0.49948717948717947,0.5789473684210528
SUP-CAT4-0302,Fresh Fields Distributors #302,Groceries,Rotterdam,Central,contact302@farmgate.com,0.2962962962962963,0.47435897435897434,0.5263157894736843
SUP-CAT4-0303,Fresh Fields LLC #303,Groceries,Atlanta,East,contact303@harvestdirect.com,0.8888888888888888,0.5169230769230769,0.6315789473684212
SUP-CAT4-0304,GreenBasket Inc. #304,Groceries,Dallas,West,contact304@freshfields.com,0.1111111111111111,0.4379487179487179,0.6315789473684212
SUP-CAT4-0305,Fresh Fields Partners #305,Groceries,Shenzhen,South,contact305@greenbasket.com,0.8888888888888888,0.6148717948717949,0.3157894736842103
SUP-CAT4-0306,GreenBasket Supply Chain #306,Groceries,Newark,Central,contact306@freshfields.com,0.7037037037037037,0.04974358974358974,0.21052631578947334
SUP-CAT4-0307,Harvest Direct LLC #307,Groceries,Shenzhen,Central,contact307@pantrypro.com,0.0,0.04717948717948718,0.894736842105263
SUP-CAT4-0308,Harvest Direct Inc. #308,Groceries,Columbus,North,contact308@freshfields.com,0.0,0.12051282051282051,0.05263157894736848
SUP-CAT4-0309,GreenBasket Group #309,Groceries,Osaka,West,contact309@pantrypro.com,0.8888888888888888,0.7282051282051282,0.4210526315789473
SUP-CAT4-0310,GreenBasket Wholesale #310,Groceries,Mumbai,South,contact310@greenbasket.com,0.2962962962962963,0.5753846153846154,0.8421052631578946
SUP-CAT4-0311,Fresh Fields Ltd. #311,Groceries,Shenzhen,South,contact311@pantrypro.com,0.8148148148148148,0.30512820512820515,0.3684210526315788
SUP-CAT4-0312,Fresh Fields Co. #312,Groceries,Phoenix,Central,contact312@freshfields.com,0.0,0.8564102564102564,0.05263157894736848
SUP-CAT4-0313,Fresh Fields Partners #313,Groceries,Dallas,North,contact313@freshfields.com,0.18518518518518517,0.8876923076923077,0.0
SUP-CAT4-0314,FarmGate Distributors #314,Groceries,Phoenix,South,contact314@farmgate.com,0.8888888888888888,0.9969230769230769,0.7894736842105261
SUP-CAT4-0315,PantryPro Co. #315,Groceries,Osaka,North,contact315@harvestdirect.com,0.4074074074074074,0.4774358974358974,0.3157894736842103
SUP-CAT4-0316,Fresh Fields Partners #316,Groceries,Portland,East,contact316@freshfields.com,0.5555555555555556,0.6343589743589744,0.6315789473684212
SUP-CAT4-0317,GreenBasket Co. #317,Groceries,Osaka,North,contact317@freshfields.com,0.37037037037037035,0.4015384615384615,0.6315789473684212
SUP-CAT4-0318,GreenBasket Inc. #318,Groceries,Shenzhen,East,contact318@harvestdirect.com,0.18518518518518517,0.23435897435897435,0.8421052631578946
SUP-CAT4-0319,Harvest Direct Distributors #319,Groceries,Shenzhen,North,contact319@pantrypro.com,0.037037037037037035,0.897948717948718,0.9473684210526315
SUP-CAT4-0320,Harvest Direct Partners #320,Groceries,Dallas,Central,contact320@harvestdirect.com,0.2962962962962963,0.9292307692307692,0.7894736842105261
SUP-CAT4-0321,Fresh Fields Supply Chain #321,Groceries,Portland,Central,contact321@harvestdirect.com,0.9629629629629629,0.18512820512820513,0.4210526315789473
SUP-CAT4-0322,PantryPro Partners #322,Groceries,Portland,South,contact322@pantrypro.com,0.8888888888888888,0.5117948717948718,0.7894736842105261
SUP-CAT4-0323,GreenBasket Distributors #323,Groceries,Columbus,East,contact323@harvestdirect.com,1.0,0.3902564102564103,0.2631578947368418
SUP-CAT4-0324,FarmGate Inc. #324,Groceries,Atlanta,North,contact324@pantrypro.com,0.5555555555555556,0.9953846153846154,0.15789473684210487
SUP-CAT4-0325,Fresh Fields Supply Chain #325,Groceries,Shenzhen,Central,contact325@farmgate.com,0.7037037037037037,0.7492307692307693,0.6842105263157897
SUP-CAT4-0326,PantryPro Partners #326,Groceries,Columbus,West,contact326@farmgate.com,0.8888888888888888,0.7538461538461538,0.894736842105263
SUP-CAT4-0327,Harvest Direct Partners #327,Groceries,Mumbai,East,contact327@freshfields.com,0.8148148148148148,0.9471794871794872,0.4210526315789473
SUP-CAT4-0328,FarmGate Distributors #328,Groceries,Mumbai,South,contact328@greenbasket.com,0.9259259259259259,0.9851282051282051,0.5789473684210528
SUP-CAT4-0329,GreenBasket Supply Chain #329,Groceries,Miami,West,contact329@pantrypro.com,0.2222222222222222,0.7241025641025641,0.05263157894736848
SUP-CAT4-0330,GreenBasket Co. #330,Groceries,Newark,South,contact330@farmgate.com,0.18518518518518517,0.9953846153846154,0.47368421052631576
SUP-CAT4-0331,PantryPro Co. #331,Groceries,Columbus,East,contact331@harvestdirect.com,1.0,0.13487179487179488,0.47368421052631576
SUP-CAT4-0332,PantryPro Trading #332,Groceries,Mumbai,Central,contact332@harvestdirect.com,0.7777777777777778,0.4512820512820513,0.7368421052631576
SUP-CAT4-0333,GreenBasket Ltd. #333,Groceries,Miami,East,contact333@freshfields.com,0.5185185185185185,0.9323076923076923,0.5263157894736843
SUP-CAT4-0334,Harvest Direct Distributors #334,Groceries,Atlanta,Central,contact334@harvestdirect.com,0.7407407407407407,0.20974358974358975,0.7368421052631576
SUP-CAT4-0335,Harvest Direct Partners #335,Groceries,Miami,East,contact335@greenbasket.com,0.4074074074074074,0.28923076923076924,0.3157894736842103
SUP-CAT4-0336,Harvest Direct Supply Chain #336,Groceries,Newark,North,contact336@pantrypro.com,0.1111111111111111,0.29743589743589743,0.6315789473684212
SUP-CAT4-0337,FarmGate Ltd. #337,Groceries,Mumbai,East,contact337@pantrypro.com,0.037037037037037035,0.3933333333333333,0.9473684210526315
SUP-CAT4-0338,Fresh Fields Supply Chain #338,Groceries,Miami,East,contact338@freshfields.com,0.18518518518518517,0.5302564102564102,0.3157894736842103
SUP-CAT4-0339,FarmGate Trading #339,Groceries,Hanoi,South,contact339@farmgate.com,0.4074074074074074,0.6435897435897436,0.3684210526315788
SUP-CAT4-0340,FarmGate Group #340,Groceries,Seattle,East,contact340@pantrypro.com,0.4074074074074074,0.7343589743589743,0.5263157894736843
SUP-CAT4-0341,FarmGate Group #341,Groceries,Denver,Central,contact341@freshfields.com,0.5185185185185185,0.06871794871794872,0.2631578947368418
SUP-CAT4-0342,GreenBasket Trading #342,Groceries,Shenzhen,West,contact342@pantrypro.com,0.4074074074074074,0.5482051282051282,0.47368421052631576
SUP-CAT4-0343,FarmGate Trading #343,Groceries,Phoenix,West,contact343@freshfields.com,0.4444444444444444,0.8102564102564103,0.6842105263157897
SUP-CAT4-0344,FarmGate Distributors #344,Groceries,Miami,West,contact344@pantrypro.com,0.037037037037037035,0.02205128205128205,0.5789473684210528
SUP-CAT4-0345,Fresh Fields Trading #345,Groceries,Newark,Central,contact345@pantrypro.com,0.7777777777777778,0.35128205128205126,0.6315789473684212
SUP-CAT4-0346,PantryPro LLC #346,Groceries,Shenzhen,North,contact346@freshfields.com,0.037037037037037035,0.43128205128205127,0.4210526315789473
SUP-CAT4-0347,FarmGate Partners #347,Groceries,Atlanta,East,contact347@pantrypro.com,0.8148148148148148,0.4517948717948718,0.05263157894736848
SUP-CAT4-0348,GreenBasket Supply Chain #348,Groceries,Rotterdam,Central,contact348@farmgate.com,0.37037037037037035,0.9471794871794872,0.0
SUP-CAT4-0349,GreenBasket Trading #349,Groceries,Chicago,Central,contact349@pantrypro.com,0.0,0.44769230769230767,0.5789473684210528
SUP-CAT4-0350,GreenBasket Partners #350,Groceries,Denver,Central,contact350@harvestdirect.com,0.37037037037037035,0.5671794871794872,0.7368421052631576
SUP-CAT4-0351,FarmGate Supply Chain #351,Groceries,Miami,Central,contact351@pantrypro.com,0.6296296296296297,0.39282051282051283,0.9473684210526315
SUP-CAT4-0352,Harvest Direct Distributors #352,Groceries,Atlanta,North,contact352@harvestdirect.com,0.9259259259259259,0.02205128205128205,0.3157894736842103
SUP-CAT4-0353,Fresh Fields Group #353,Groceries,Newark,North,contact353@pantrypro.com,0.037037037037037035,0.5758974358974359,0.2631578947368418
SUP-CAT4-0354,GreenBasket Inc. #354,Groceries,Rotterdam,East,contact354@farmgate.com,0.18518518518518517,0.43641025641025644,0.10526315789473638
SUP-CAT4-0355,Fresh Fields Group #355,Groceries,Miami,North,contact355@farmgate.com,1.0,0.9974358974358974,0.7368421052631576
SUP-CAT4-0356,Harvest Direct Group #356,Groceries,Miami,East,contact356@farmgate.com,0.7407407407407407,0.5917948717948718,0.6842105263157897
SUP-CAT4-0357,FarmGate Wholesale #357,Groceries,Columbus,West,contact357@freshfields.com,0.5555555555555556,0.2866666666666667,0.10526315789473638
SUP-CAT4-0358,PantryPro Group #358,Groceries,Miami,North,contact358@greenbasket.com,0.7777777777777778,0.37384615384615383,0.4210526315789473
SUP-CAT4-0359,PantryPro Trading #359,Groceries,Rotterdam,Central,contact359@pantrypro.com,0.6666666666666666,0.12358974358974359,0.3157894736842103
SUP-CAT4-0360,Harvest Direct Ltd. #360,Groceries,Shenzhen,Central,contact360@greenbasket.com,0.07407407407407407,0.9215384615384615,0.4210526315789473
SUP-CAT4-0361,Fresh Fields Co. #361,Groceries,Seattle,Central,contact361@freshfields.com,0.37037037037037035,0.5466666666666666,0.4210526315789473
SUP-CAT4-0362,FarmGate Inc. #362,Groceries,Newark,Central,contact362@pantrypro.com,0.8148148148148148,0.39692307692307693,0.15789473684210487
SUP-CAT4-0363,GreenBasket Wholesale #363,Groceries,Hanoi,East,contact363@freshfields.com,0.8888888888888888,0.3112820512820513,0.7368421052631576
SUP-CAT4-0364,GreenBasket Wholesale #364,Groceries,Newark,South,contact364@pantrypro.com,0.14814814814814814,0.6415384615384615,0.21052631578947334
SUP-CAT4-0365,GreenBasket Group #365,Groceries,Mumbai,North,contact365@farmgate.com,0.9629629629629629,0.6302564102564102,0.7894736842105261
SUP-CAT4-0366,GreenBasket Distributors #366,Groceries,Chicago,Central,contact366@farmgate.com,0.7777777777777778,0.5861538461538461,0.05263157894736848
SUP-CAT4-0367,Harvest Direct Ltd. #367,Groceries,Denver,West,contact367@farmgate.com,0.25925925925925924,0.2805128205128205,0.47368421052631576
SUP-CAT4-0368,Fresh Fields Distributors #368,Groceries,Phoenix,East,contact368@harvestdirect.com,0.7777777777777778,0.9984615384615385,0.9473684210526315
SUP-CAT4-0369,Fresh Fields Partners #369,Groceries,Portland,North,contact369@pantrypro.com,0.8518518518518519,0.6728205128205128,0.05263157894736848
SUP-CAT4-0370,GreenBasket Wholesale #370,Groceries,Dallas,North,contact370@greenbasket.com,0.9629629629629629,0.6015384615384616,0.2631578947368418
SUP-CAT4-0371,Harvest Direct Group #371,Groceries,Portland,South,contact371@greenbasket.com,0.0,0.7128205128205128,0.21052631578947334
SUP-CAT4-0372,FarmGate Distributors #372,Groceries,Phoenix,West,contact372@harvestdirect.com,0.9629629629629629,0.4887179487179487,0.8421052631578946
SUP-CAT4-0373,Fresh Fields Trading #373,Groceries,Portland,North,contact373@freshfields.com,0.2222222222222222,0.057435897435897436,0.8421052631578946
SUP-CAT4-0374,Harvest Direct Co. #374,Groceries,Hanoi,West,contact374@farmgate.com,0.9629629629629629,0.4,1.0
SUP-CAT4-0375,PantryPro Inc. #375,Groceries,Hanoi,East,contact375@pantrypro.com,0.25925925925925924,0.09025641025641026,0.894736842105263
SUP-CAT4-0376,GreenBasket Inc. #376,Groceries,Rotterdam,North,contact376@harvestdirect.com,0.9259259259259259,0.48923076923076925,0.2631578947368418
SUP-CAT4-0377,PantryPro Trading #377,Groceries,Portland,North,contact377@harvestdirect.com,0.5185185185185185,0.9676923076923077,0.4210526315789473
SUP-CAT4-0378,PantryPro Ltd. #378,Groceries,Atlanta,North,contact378@greenbasket.com,0.8148148148148148,0.7512820512820513,0.47368421052631576
SUP-CAT4-0379,FarmGate LLC #379,Groceries,Hanoi,West,contact379@greenbasket.com,0.07407407407407407,0.7174358974358974,0.7894736842105261
SUP-CAT4-0380,PantryPro Partners #380,Groceries,Rotterdam,Central,contact380@farmgate.com,0.6296296296296297,0.8194871794871795,0.10526315789473638
SUP-CAT4-0381,PantryPro Co. #381,Groceries,Portland,East,contact381@freshfields.com,0.4444444444444444,0.12461538461538461,0.5789473684210528
SUP-CAT4-0382,Fresh Fields Partners #382,Groceries,Portland,East,contact382@freshfields.com,1.0,0.5394871794871795,0.6842105263157897
SUP-CAT4-0383,PantryPro Co. #383,Groceries,Atlanta,West,contact383@greenbasket.com,0.2222222222222222,0.15743589743589745,0.8421052631578946
SUP-CAT4-0384,FarmGate Group #384,Groceries,Chicago,North,contact384@pantrypro.com,0.3333333333333333,0.6764102564102564,0.10526315789473638
SUP-CAT4-0385,Fresh Fields Group #385,Groceries,Mumbai,South,contact385@pantrypro.com,1.0,0.8487179487179487,0.3684210526315788
SUP-CAT4-0386,Fresh Fields Wholesale #386,Groceries,Newark,South,contact386@harvestdirect.com,0.18518518518518517,0.8564102564102564,0.10526315789473638
SUP-CAT4-0387,GreenBasket Co. #387,Groceries,Seattle,South,contact387@greenbasket.com,0.9259259259259259,0.8425641025641025,0.8421052631578946
SUP-CAT4-0388,Harvest Direct Distributors #388,Groceries,Hanoi,West,contact388@farmgate.com,0.25925925925925924,0.6323076923076923,0.894736842105263
SUP-CAT4-0389,GreenBasket Supply Chain #389,Groceries,Osaka,North,contact389@farmgate.com,0.1111111111111111,0.03487179487179487,0.5789473684210528
SUP-CAT4-0390,GreenBasket Supply Chain #390,Groceries,Chicago,West,contact390@farmgate.com,0.25925925925925924,0.5184615384615384,0.6842105263157897
SUP-CAT4-0391,GreenBasket Wholesale #391,Groceries,Shenzhen,East,contact391@harvestdirect.com,0.037037037037037035,0.9794871794871794,0.15789473684210487
SUP-CAT4-0392,Harvest Direct Ltd. #392,Groceries,Dallas,North,contact392@freshfields.com,0.2962962962962963,0.7548717948717949,0.8421052631578946
SUP-CAT4-0393,PantryPro Group #393,Groceries,Phoenix,North,contact393@pantrypro.com,0.9259259259259259,0.857948717948718,0.5263157894736843
SUP-CAT4-0394,GreenBasket Partners #394,Groceries,Seattle,North,contact394@greenbasket.com,0.8148148148148148,0.42256410256410254,0.7368421052631576
SUP-CAT4-0395,Harvest Direct LLC #395,Groceries,Seattle,North,contact395@freshfields.com,0.6666666666666666,0.6953846153846154,0.8421052631578946
SUP-CAT4-0396,PantryPro Inc. #396,Groceries,Seattle,West,contact396@greenbasket.com,0.1111111111111111,0.46205128205128204,0.7894736842105261
SUP-CAT4-0397,GreenBasket Distributors #397,Groceries,Shenzhen,West,contact397@farmgate.com,0.6296296296296297,0.578974358974359,0.7368421052631576
SUP-CAT4-0398,FarmGate Partners #398,Groceries,Portland,South,contact398@greenbasket.com,0.7407407407407407,0.5266666666666666,0.2631578947368418
SUP-CAT4-0399,PantryPro LLC #399,Groceries,Portland,South,contact399@farmgate.com,0.48148148148148145,0.66,0.10526315789473638
SUP-CAT4-0400,Harvest Direct Supply Chain #400,Groceries,Hanoi,North,contact400@greenbasket.com,0.2222222222222222,0.5430769230769231,0.8421052631578946
SUP-CAT4-0401,Harvest Direct Ltd. #401,Groceries,Miami,South,contact401@farmgate.com,0.7407407407407407,0.2866666666666667,0.47368421052631576
SUP-CAT4-0402,Harvest Direct Partners #402,Groceries,Rotterdam,East,contact402@greenbasket.com,0.7407407407407407,0.8784615384615385,0.05263157894736848
SUP-CAT4-0403,GreenBasket LLC #403,Groceries,Mumbai,West,contact403@pantrypro.com,0.6666666666666666,0.15076923076923077,0.47368421052631576
SUP-CAT4-0404,PantryPro Wholesale #404,Groceries,Chicago,North,contact404@harvestdirect.com,0.18518518518518517,0.6353846153846154,0.47368421052631576
SUP-CAT4-0405,FarmGate Distributors #405,Groceries,Miami,East,contact405@harvestdirect.com,0.37037037037037035,0.5117948717948718,0.21052631578947334
SUP-CAT4-0406,GreenBasket Trading #406,Groceries,Portland,West,contact406@greenbasket.com,0.037037037037037035,0.007692307692307693,0.5263157894736843
SUP-CAT4-0407,Harvest Direct Supply Chain #407,Groceries,Phoenix,East,contact407@pantrypro.com,0.037037037037037035,0.4338461538461538,0.15789473684210487
SUP-CAT4-0408,Harvest Direct Ltd. #408,Groceries,Dallas,South,contact408@freshfields.com,0.2222222222222222,0.01641025641025641,0.894736842105263
SUP-CAT4-0409,FarmGate Distributors #409,Groceries,Chicago,Central,contact409@freshfields.com,0.37037037037037035,0.4794871794871795,0.10526315789473638
SUP-CAT4-0410,GreenBasket Trading #410,Groceries,Newark,South,contact410@harvestdirect.com,0.7777777777777778,0.7205128205128205,0.7368421052631576
SUP-CAT4-0411,Harvest Direct Trading #411,Groceries,Shenzhen,North,contact411@pantrypro.com,0.5925925925925926,0.8276923076923077,0.05263157894736848
SUP-CAT4-0412,PantryPro Co. #412,Groceries,Osaka,South,contact412@harvestdirect.com,0.5185185185185185,0.9882051282051282,0.2631578947368418
SUP-CAT4-0413,GreenBasket Wholesale #413,Groceries,Seattle,West,contact413@harvestdirect.com,0.25925925925925924,0.7456410256410256,0.7368421052631576
SUP-CAT4-0414,Harvest Direct Partners #414,Groceries,Portland,North,contact414@farmgate.com,0.5925925925925926,0.8446153846153847,0.10526315789473638
SUP-CAT4-0415,Fresh Fields Partners #415,Groceries,Portland,Central,contact415@pantrypro.com,0.8888888888888888,0.76,0.2631578947368418
SUP-CAT4-0416,PantryPro Wholesale #416,Groceries,Dallas,South,contact416@farmgate.com,0.7407407407407407,0.7866666666666666,0.4210526315789473
SUP-CAT4-0417,Fresh Fields Trading #417,Groceries,Rotterdam,North,contact417@farmgate.com,0.9259259259259259,0.4764102564102564,0.5789473684210528
SUP-CAT4-0418,GreenBasket Trading #418,Groceries,Rotterdam,East,contact418@farmgate.com,0.6666666666666666,0.1523076923076923,0.7894736842105261
SUP-CAT4-0419,GreenBasket Inc. #419,Groceries,Rotterdam,East,contact419@greenbasket.com,0.4444444444444444,0.12153846153846154,0.6315789473684212
SUP-CAT4-0420,GreenBasket Group #420,Groceries,Hanoi,South,contact420@greenbasket.com,0.1111111111111111,0.9148717948717948,0.10526315789473638
SUP-CAT4-0421,Harvest Direct Inc. #421,Groceries,Chicago,Central,contact421@greenbasket.com,0.6296296296296297,0.2246153846153846,0.6315789473684212
SUP-CAT4-0422,FarmGate Wholesale #422,Groceries,Atlanta,North,contact422@greenbasket.com,0.0,0.006153846153846154,0.9473684210526315
SUP-CAT4-0423,Fresh Fields LLC #423,Groceries,Seattle,North,contact423@pantrypro.com,0.4444444444444444,0.4707692307692308,0.47368421052631576
SUP-CAT4-0424,Harvest Direct Distributors #424,Groceries,Newark,South,contact424@farmgate.com,0.1111111111111111,0.32,0.21052631578947334
SUP-CAT4-0425,Harvest Direct LLC #425,Groceries,Osaka,South,contact425@greenbasket.com,0.7037037037037037,0.36974358974358973,0.7368421052631576
SUP-CAT4-0426,GreenBasket Partners #426,Groceries,Portland,North,contact426@farmgate.com,0.037037037037037035,0.15846153846153846,0.9473684210526315
SUP-CAT4-0427,Harvest Direct Co. #427,Groceries,Newark,Central,contact427@freshfields.com,0.0,0.41794871794871796,0.3684210526315788
SUP-CAT4-0428,GreenBasket Supply Chain #428,Groceries,Dallas,South,contact428@pantrypro.com,0.14814814814814814,0.6866666666666666,0.6842105263157897
SUP-CAT4-0429,PantryPro Supply Chain #429,Groceries,Dallas,East,contact429@harvestdirect.com,0.5185185185185185,0.3123076923076923,0.5263157894736843
SUP-CAT4-0430,Harvest Direct Partners #430,Groceries,Hanoi,Central,contact430@farmgate.com,0.37037037037037035,0.07128205128205128,0.7894736842105261
SUP-CAT4-0431,FarmGate Supply Chain #431,Groceries,Newark,West,contact431@freshfields.com,0.4444444444444444,0.4307692307692308,0.9473684210526315
SUP-CAT4-0432,Harvest Direct Distributors #432,Groceries,Rotterdam,West,contact432@pantrypro.com,0.037037037037037035,0.16153846153846155,0.05263157894736848
SUP-CAT4-0433,FarmGate Wholesale #433,Groceries,Portland,West,contact433@farmgate.com,0.07407407407407407,0.40102564102564103,0.7368421052631576
SUP-CAT4-0434,GreenBasket Group #434,Groceries,Rotterdam,Central,contact434@farmgate.com,0.037037037037037035,0.8092307692307692,0.10526315789473638
SUP-CAT4-0435,Fresh Fields LLC #435,Groceries,Phoenix,East,contact435@harvestdirect.com,0.4444444444444444,0.3312820512820513,0.5789473684210528
SUP-CAT4-0436,GreenBasket Trading #436,Groceries,Hanoi,Central,contact436@freshfields.com,0.6296296296296297,0.04205128205128205,0.47368421052631576
SUP-CAT4-0437,PantryPro Trading #437,Groceries,Osaka,North,contact437@farmgate.com,0.6296296296296297,0.2882051282051282,0.9473684210526315
SUP-CAT4-0438,GreenBasket Group #438,Groceries,Shenzhen,East,contact438@harvestdirect.com,0.1111111111111111,0.9958974358974358,0.894736842105263
SUP-CAT4-0439,Harvest Direct Inc. #439,Groceries,Columbus,West,contact439@harvestdirect.com,0.5185185185185185,0.23076923076923078,0.4210526315789473
SUP-CAT4-0440,GreenBasket Distributors #440,Groceries,Phoenix,West,contact440@greenbasket.com,0.7037037037037037,0.9897435897435898,0.894736842105263
SUP-CAT4-0441,Harvest Direct Group #441,Groceries,Newark,East,contact441@pantrypro.com,0.8518518518518519,0.6712820512820513,0.4210526315789473
SUP-CAT4-0442,Harvest Direct Wholesale #442,Groceries,Mumbai,South,contact442@freshfields.com,0.37037037037037035,0.8015384615384615,0.21052631578947334
SUP-CAT4-0443,Harvest Direct Distributors #443,Groceries,Denver,South,contact443@pantrypro.com,0.5555555555555556,0.18717948717948718,0.4210526315789473
SUP-CAT4-0444,Harvest Direct Ltd. #444,Groceries,Portland,East,contact444@farmgate.com,0.5555555555555556,0.31025641025641026,0.894736842105263
SUP-CAT4-0445,Harvest Direct LLC #445,Groceries,Chicago,Central,contact445@freshfields.com,0.3333333333333333,0.3425641025641026,0.5789473684210528
SUP-CAT4-0446,PantryPro Partners #446,Groceries,Mumbai,East,contact446@pantrypro.com,0.8148148148148148,0.2282051282051282,0.3157894736842103
SUP-CAT4-0447,Harvest Direct Co. #447,Groceries,Columbus,East,contact447@pantrypro.com,0.8148148148148148,0.011282051282051283,0.10526315789473638
SUP-CAT4-0448,PantryPro LLC #448,Groceries,Seattle,West,contact448@pantrypro.com,0.25925925925925924,0.5143589743589744,0.5789473684210528
SUP-CAT4-0449,GreenBasket Wholesale #449,Groceries,Shenzhen,West,contact449@harvestdirect.com,0.2222222222222222,0.16666666666666666,0.21052631578947334
SUP-CAT4-0450,PantryPro Wholesale #450,Groceries,Newark,Central,contact450@harvestdirect.com,0.4074074074074074,0.18512820512820513,0.3157894736842103
SUP-CAT4-0451,GreenBasket Ltd. #451,Groceries,Newark,Central,contact451@pantrypro.com,0.37037037037037035,0.12205128205128205,0.21052631578947334
SUP-CAT4-0452,FarmGate Distributors #452,Groceries,Newark,East,contact452@farmgate.com,1.0,0.2605128205128205,0.4210526315789473
SUP-CAT4-0453,Fresh Fields Distributors #453,Groceries,Shenzhen,North,contact453@freshfields.com,0.7037037037037037,0.5846153846153846,0.5263157894736843
SUP-CAT4-0454,GreenBasket Supply Chain #454,Groceries,Hanoi,South,contact454@freshfields.com,0.6666666666666666,0.9466666666666667,0.3684210526315788
SUP-CAT4-0455,FarmGate Trading #455,Groceries,Atlanta,West,contact455@farmgate.com,0.7777777777777778,0.6076923076923076,0.7894736842105261
SUP-CAT4-0456,PantryPro Distributors #456,Groceries,Shenzhen,East,contact456@harvestdirect.com,0.07407407407407407,0.8605128205128205,0.15789473684210487
SUP-CAT4-0457,FarmGate Inc. #457,Groceries,Denver,South,contact457@harvestdirect.com,0.48148148148148145,0.38358974358974357,0.10526315789473638
SUP-CAT4-0458,FarmGate Partners #458,Groceries,Rotterdam,West,contact458@freshfields.com,0.7037037037037037,0.4866666666666667,0.3684210526315788
SUP-CAT4-0459,FarmGate Wholesale #459,Groceries,Denver,East,contact459@farmgate.com,0.2222222222222222,0.3851282051282051,0.47368421052631576
SUP-CAT4-0460,GreenBasket Supply Chain #460,Groceries,Denver,Central,contact460@harvestdirect.com,0.25925925925925924,0.19538461538461538,0.05263157894736848
SUP-CAT4-0461,FarmGate Inc. #461,Groceries,Mumbai,North,contact461@freshfields.com,0.2962962962962963,0.2569230769230769,0.6842105263157897
SUP-CAT4-0462,Fresh Fields Distributors #462,Groceries,Mumbai,West,contact462@farmgate.com,0.2222222222222222,0.8810256410256411,0.6842105263157897
SUP-CAT4-0463,Fresh Fields LLC #463,Groceries,Rotterdam,Central,contact463@pantrypro.com,0.8888888888888888,0.34102564102564104,0.7894736842105261
SUP-CAT4-0464,Fresh Fields Supply Chain #464,Groceries,Newark,Central,contact464@harvestdirect.com,0.7037037037037037,0.8856410256410256,0.6842105263157897
SUP-CAT4-0465,FarmGate Partners #465,Groceries,Rotterdam,Central,contact465@harvestdirect.com,0.4074074074074074,0.22153846153846155,0.05263157894736848
SUP-CAT4-0466,PantryPro Distributors #466,Groceries,Chicago,North,contact466@harvestdirect.com,0.7037037037037037,0.2841025641025641,0.0
SUP-CAT4-0467,PantryPro Trading #467,Groceries,Phoenix,East,contact467@harvestdirect.com,0.5185185185185185,0.7061538461538461,0.8421052631578946
SUP-CAT4-0468,Fresh Fields LLC #468,Groceries,Mumbai,West,contact468@greenbasket.com,0.6296296296296297,0.14307692307692307,1.0
SUP-CAT4-0469,FarmGate Trading #469,Groceries,Atlanta,North,contact469@greenbasket.com,0.4074074074074074,0.07846153846153846,0.6315789473684212
SUP-CAT4-0470,GreenBasket Partners #470,Groceries,Mumbai,West,contact470@pantrypro.com,0.5555555555555556,0.34923076923076923,0.4210526315789473
SUP-CAT4-0471,Fresh Fields Inc. #471,Groceries,Hanoi,East,contact471@harvestdirect.com,0.8148148148148148,0.05076923076923077,0.47368421052631576
SUP-CAT4-0472,Fresh Fields Ltd. #472,Groceries,Dallas,Central,contact472@harvestdirect.com,0.5925925925925926,0.6456410256410257,0.05263157894736848
SUP-CAT4-0473,FarmGate Wholesale #473,Groceries,Denver,South,contact473@greenbasket.com,0.2962962962962963,0.5066666666666667,0.5263157894736843
SUP-CAT4-0474,PantryPro Group #474,Groceries,Portland,West,contact474@farmgate.com,0.25925925925925924,0.7558974358974359,0.0
SUP-CAT4-0475,GreenBasket Distributors #475,Groceries,Hanoi,South,contact475@freshfields.com,0.5185185185185185,0.34512820512820513,0.3684210526315788
SUP-CAT4-0476,Fresh Fields LLC #476,Groceries,Atlanta,South,contact476@farmgate.com,0.4074074074074074,0.42717948717948717,0.6842105263157897
SUP-CAT4-0477,Fresh Fields Supply Chain #477,Groceries,Shenzhen,West,contact477@pantrypro.com,0.2962962962962963,0.5805128205128205,0.3157894736842103
SUP-CAT4-0478,FarmGate LLC #478,Groceries,Columbus,Central,contact478@greenbasket.com,0.48148148148148145,0.2194871794871795,0.47368421052631576
SUP-CAT4-0479,Fresh Fields Ltd. #479,Groceries,Atlanta,West,contact479@harvestdirect.com,0.6666666666666666,0.378974358974359,0.3684210526315788
SUP-CAT4-0480,Fresh Fields Partners #480,Groceries,Seattle,South,contact480@freshfields.com,0.7407407407407407,0.7302564102564103,0.10526315789473638
SUP-CAT4-0481,GreenBasket Distributors #481,Groceries,Rotterdam,Central,contact481@harvestdirect.com,0.5925925925925926,0.08974358974358974,0.47368421052631576
SUP-CAT4-0482,PantryPro LLC #482,Groceries,Hanoi,North,contact482@pantrypro.com,0.6666666666666666,0.2717948717948718,0.4210526315789473
SUP-CAT4-0483,GreenBasket Wholesale #483,Groceries,Osaka,North,contact483@greenbasket.com,0.37037037037037035,0.301025641025641,0.894736842105263
SUP-CAT4-0484,FarmGate LLC #484,Groceries,Seattle,West,contact484@farmgate.com,0.5925925925925926,0.6676923076923077,0.8421052631578946
SUP-CAT4-0485,PantryPro Supply Chain #485,Groceries,Portland,Central,contact485@freshfields.com,0.5185185185185185,0.02358974358974359,0.4210526315789473
SUP-CAT4-0486,Harvest Direct Wholesale #486,Groceries,Newark,Central,contact486@greenbasket.com,0.25925925925925924,0.9558974358974359,0.15789473684210487
SUP-CAT4-0487,Harvest Direct Supply Chain #487,Groceries,Denver,Central,contact487@harvestdirect.com,0.9629629629629629,0.762051282051282,0.7894736842105261
SUP-CAT4-0488,Fresh Fields LLC #488,Groceries,Dallas,North,contact488@freshfields.com,0.8518518518518519,0.01641025641025641,0.2631578947368418
SUP-CAT4-0489,Fresh Fields Partners #489,Groceries,Rotterdam,West,contact489@greenbasket.com,0.6666666666666666,0.48923076923076925,0.5789473684210528
SUP-CAT4-0490,GreenBasket Partners #490,Groceries,Chicago,West,contact490@freshfields.com,0.5555555555555556,0.14615384615384616,0.9473684210526315
SUP-CAT4-0491,Harvest Direct Group #491,Groceries,Shenzhen,West,contact491@harvestdirect.com,0.8888888888888888,0.782051282051282,0.5263157894736843
SUP-CAT4-0492,GreenBasket Trading #492,Groceries,Seattle,East,contact492@pantrypro.com,0.3333333333333333,0.5333333333333333,0.10526315789473638
SUP-CAT4-0493,FarmGate Ltd. #493,Groceries,Dallas,East,contact493@greenbasket.com,0.6666666666666666,0.981025641025641,0.8421052631578946
SUP-CAT4-0494,GreenBasket Group #494,Groceries,Shenzhen,Central,contact494@farmgate.com,0.0,0.01641025641025641,0.9473684210526315
SUP-CAT4-0495,Fresh Fields LLC #495,Groceries,Mumbai,West,contact495@freshfields.com,0.8888888888888888,0.37384615384615383,0.7368421052631576
SUP-CAT4-0496,GreenBasket Supply Chain #496,Groceries,Columbus,South,contact496@freshfields.com,0.6666666666666666,0.5733333333333334,0.7894736842105261
SUP-CAT4-0497,FarmGate Group #497,Groceries,Shenzhen,North,contact497@greenbasket.com,0.8888888888888888,0.48512820512820515,0.894736842105263
SUP-CAT4-0498,FarmGate Inc. #498,Groceries,Hanoi,West,contact498@harvestdirect.com,0.1111111111111111,0.0835897435897436,0.3684210526315788
SUP-CAT4-0499,FarmGate Co. #499,Groceries,Miami,South,contact499@pantrypro.com,0.8888888888888888,0.10974358974358975,0.10526315789473638
SUP-CAT4-0500,Fresh Fields Group #500,Groceries,Newark,Central,contact500@freshfields.com,0.18518518518518517,0.39897435897435896,0.9473684210526315
SUP-CAT4-0501,Harvest Direct Ltd. #501,Groceries,Shenzhen,South,contact501@farmgate.com,0.9259259259259259,0.08512820512820513,0.894736842105263
SUP-CAT4-0502,Fresh Fields LLC #502,Groceries,Phoenix,Central,contact502@pantrypro.com,0.8888888888888888,0.09897435897435898,0.7368421052631576
SUP-CAT4-0503,PantryPro Group #503,Groceries,Rotterdam,West,contact503@pantrypro.com,0.0,0.9553846153846154,0.47368421052631576
SUP-CAT4-0504,GreenBasket Partners #504,Groceries,Newark,West,contact504@farmgate.com,0.7407407407407407,0.7692307692307693,0.2631578947368418
SUP-CAT4-0505,Fresh Fields Wholesale #505,Groceries,Atlanta,South,contact505@harvestdirect.com,0.8888888888888888,0.0,0.4210526315789473
SUP-CAT4-0506,GreenBasket Inc. #506,Groceries,Dallas,South,contact506@harvestdirect.com,1.0,0.22153846153846155,0.7368421052631576
SUP-CAT4-0507,PantryPro Trading #507,Groceries,Chicago,East,contact507@pantrypro.com,0.8148148148148148,0.8697435897435898,0.15789473684210487
SUP-CAT4-0508,FarmGate Group #508,Groceries,Shenzhen,North,contact508@freshfields.com,1.0,0.27076923076923076,0.10526315789473638
SUP-CAT4-0509,Harvest Direct Group #509,Groceries,Rotterdam,North,contact509@freshfields.com,0.25925925925925924,0.658974358974359,0.894736842105263
SUP-CAT4-0510,PantryPro Inc. #510,Groceries,Newark,East,contact510@farmgate.com,0.8888888888888888,0.7374358974358974,0.8421052631578946
SUP-CAT4-0511,GreenBasket Co. #511,Groceries,Chicago,Central,contact511@harvestdirect.com,0.07407407407407407,0.5317948717948718,0.5263157894736843
SUP-CAT4-0512,PantryPro Group #512,Groceries,Phoenix,North,contact512@farmgate.com,0.4074074074074074,0.2569230769230769,0.8421052631578946
SUP-CAT4-0513,PantryPro Partners #513,Groceries,Osaka,Central,contact513@farmgate.com,1.0,0.7569230769230769,0.7894736842105261
SUP-CAT4-0514,GreenBasket Group #514,Groceries,Mumbai,Central,contact514@greenbasket.com,0.4444444444444444,0.7312820512820513,0.5789473684210528
SUP-CAT4-0515,FarmGate Distributors #515,Groceries,Hanoi,South,contact515@freshfields.com,0.8148148148148148,0.8005128205128205,0.6315789473684212
SUP-CAT4-0516,FarmGate Group #516,Groceries,Denver,West,contact516@pantrypro.com,0.37037037037037035,0.3076923076923077,1.0
SUP-CAT4-0517,GreenBasket LLC #517,Groceries,Seattle,South,contact517@farmgate.com,0.2962962962962963,0.536923076923077,0.21052631578947334
SUP-CAT4-0518,PantryPro Supply Chain #518,Groceries,Shenzhen,North,contact518@harvestdirect.com,0.2222222222222222,0.6225641025641026,0.5789473684210528
SUP-CAT4-0519,FarmGate Group #519,Groceries,Mumbai,South,contact519@harvestdirect.com,0.6296296296296297,0.3605128205128205,0.8421052631578946
SUP-CAT4-0520,GreenBasket Distributors #520,Groceries,Shenzhen,West,contact520@greenbasket.com,0.8888888888888888,0.8692307692307693,0.3157894736842103
SUP-CAT4-0521,PantryPro Partners #521,Groceries,Osaka,West,contact521@farmgate.com,0.25925925925925924,0.5128205128205128,0.05263157894736848
SUP-CAT4-0522,Fresh Fields Supply Chain #522,Groceries,Atlanta,East,contact522@freshfields.com,0.25925925925925924,0.17846153846153845,0.6315789473684212
SUP-CAT4-0523,Fresh Fields Group #523,Groceries,Dallas,South,contact523@greenbasket.com,0.9629629629629629,0.08461538461538462,0.7894736842105261
SUP-CAT4-0524,GreenBasket LLC #524,Groceries,Shenzhen,South,contact524@greenbasket.com,0.8888888888888888,0.764102564102564,0.3684210526315788
SUP-CAT4-0525,FarmGate Partners #525,Groceries,Rotterdam,South,contact525@harvestdirect.com,0.7037037037037037,0.9753846153846154,0.6315789473684212
SUP-CAT4-0526,Harvest Direct LLC #526,Groceries,Rotterdam,South,contact526@freshfields.com,0.8888888888888888,0.055384615384615386,0.3157894736842103
SUP-CAT4-0527,FarmGate Co. #527,Groceries,Phoenix,East,contact527@farmgate.com,0.3333333333333333,0.5825641025641025,0.9473684210526315
SUP-CAT4-0528,GreenBasket Wholesale #528,Groceries,Atlanta,East,contact528@freshfields.com,0.8888888888888888,0.6733333333333333,0.47368421052631576
SUP-CAT4-0529,FarmGate LLC #529,Groceries,Dallas,North,contact529@freshfields.com,0.7037037037037037,0.6112820512820513,1.0
SUP-CAT4-0530,GreenBasket LLC #530,Groceries,Chicago,Central,contact530@freshfields.com,0.8518518518518519,0.23692307692307693,0.7368421052631576
SUP-CAT4-0531,FarmGate Trading #531,Groceries,Osaka,East,contact531@farmgate.com,0.25925925925925924,0.6364102564102564,0.2631578947368418
SUP-CAT4-0532,Fresh Fields Ltd. #532,Groceries,Rotterdam,West,contact532@pantrypro.com,0.9629629629629629,0.06358974358974359,0.9473684210526315
SUP-CAT4-0533,PantryPro Distributors #533,Groceries,Phoenix,South,contact533@farmgate.com,0.7407407407407407,0.4907692307692308,0.05263157894736848
SUP-CAT4-0534,Harvest Direct Supply Chain #534,Groceries,Mumbai,Central,contact534@farmgate.com,0.48148148148148145,0.7205128205128205,0.05263157894736848
SUP-CAT4-0535,Fresh Fields Trading #535,Groceries,Dallas,South,contact535@pantrypro.com,0.9259259259259259,0.442051282051282,0.47368421052631576
SUP-CAT4-0536,Harvest Direct Distributors #536,Groceries,Osaka,South,contact536@greenbasket.com,0.6296296296296297,0.29743589743589743,0.21052631578947334
SUP-CAT4-0537,GreenBasket Supply Chain #537,Groceries,Mumbai,North,contact537@farmgate.com,0.6666666666666666,0.8148717948717948,0.15789473684210487
SUP-CAT4-0538,FarmGate Inc. #538,Groceries,Phoenix,South,contact538@freshfields.com,0.07407407407407407,0.8482051282051282,0.2631578947368418
SUP-CAT4-0539,Harvest Direct LLC #539,Groceries,Hanoi,East,contact539@pantrypro.com,0.18518518518518517,0.15846153846153846,0.21052631578947334
SUP-CAT4-0540,PantryPro Trading #540,Groceries,Hanoi,North,contact540@pantrypro.com,0.1111111111111111,0.26256410256410256,0.7894736842105261
SUP-CAT4-0541,GreenBasket Inc. #541,Groceries,Portland,Central,contact541@greenbasket.com,0.25925925925925924,0.07025641025641026,0.05263157894736848
SUP-CAT4-0542,Fresh Fields Group #542,Groceries,Rotterdam,North,contact542@greenbasket.com,0.48148148148148145,0.25076923076923074,0.2631578947368418
SUP-CAT4-0543,PantryPro LLC #543,Groceries,Hanoi,East,contact543@freshfields.com,0.8518518518518519,0.003076923076923077,0.10526315789473638
SUP-CAT4-0544,FarmGate Wholesale #544,Groceries,Columbus,South,contact544@harvestdirect.com,0.1111111111111111,0.4117948717948718,0.6842105263157897
SUP-CAT4-0545,GreenBasket Co. #545,Groceries,Shenzhen,Central,contact545@greenbasket.com,0.8148148148148148,0.48102564102564105,0.3684210526315788
SUP-CAT4-0546,Harvest Direct Inc. #546,Groceries,Newark,South,contact546@greenbasket.com,0.48148148148148145,0.7979487179487179,0.4210526315789473
SUP-CAT4-0547,Fresh Fields Wholesale #547,Groceries,Phoenix,East,contact547@freshfields.com,0.0,0.041025641025641026,0.5789473684210528
SUP-CAT4-0548,PantryPro Ltd. #548,Groceries,Denver,Central,contact548@pantrypro.com,0.9259259259259259,0.6271794871794871,0.6315789473684212
SUP-CAT4-0549,GreenBasket Wholesale #549,Groceries,Portland,East,contact549@freshfields.com,0.9629629629629629,0.7671794871794871,0.6842105263157897
SUP-CAT4-0550,FarmGate Co. #550,Groceries,Hanoi,East,contact550@greenbasket.com,0.0,0.2907692307692308,0.6842105263157897
SUP-CAT4-0551,FarmGate Ltd. #551,Groceries,Shenzhen,West,contact551@pantrypro.com,0.8518518518518519,0.8235897435897436,0.5789473684210528
SUP-CAT4-0552,Fresh Fields Wholesale #552,Groceries,Phoenix,Central,contact552@greenbasket.com,0.5925925925925926,0.010256410256410256,0.47368421052631576
SUP-CAT4-0553,Harvest Direct Supply Chain #553,Groceries,Portland,North,contact553@greenbasket.com,0.0,0.2287179487179487,0.5789473684210528
SUP-CAT4-0554,Fresh Fields LLC #554,Groceries,Columbus,East,contact554@pantrypro.com,0.2962962962962963,0.007692307692307693,0.3157894736842103
SUP-CAT4-0555,GreenBasket Inc. #555,Groceries,Osaka,West,contact555@greenbasket.com,0.037037037037037035,0.24256410256410257,0.7894736842105261
SUP-CAT4-0556,FarmGate Trading #556,Groceries,Chicago,West,contact556@pantrypro.com,0.2222222222222222,0.9117948717948718,0.21052631578947334
SUP-CAT4-0557,PantryPro LLC #557,Groceries,Phoenix,Central,contact557@greenbasket.com,1.0,0.2569230769230769,0.47368421052631576
SUP-CAT4-0558,GreenBasket Trading #558,Groceries,Shenzhen,South,contact558@harvestdirect.com,0.2962962962962963,0.09333333333333334,0.10526315789473638
SUP-CAT4-0559,Fresh Fields Group #559,Groceries,Atlanta,South,contact559@pantrypro.com,0.7037037037037037,0.4328205128205128,0.2631578947368418
SUP-CAT4-0560,Harvest Direct Ltd. #560,Groceries,Denver,Central,contact560@greenbasket.com,0.8148148148148148,0.46307692307692305,0.47368421052631576
SUP-CAT4-0561,Harvest Direct Wholesale #561,Groceries,Miami,South,contact561@farmgate.com,1.0,0.3764102564102564,0.5789473684210528
SUP-CAT4-0562,PantryPro Inc. #562,Groceries,Hanoi,Central,contact562@greenbasket.com,0.5925925925925926,0.9394871794871795,0.47368421052631576
SUP-CAT4-0563,Harvest Direct Trading #563,Groceries,Rotterdam,North,contact563@freshfields.com,0.9629629629629629,0.26666666666666666,0.3157894736842103
SUP-CAT4-0564,FarmGate Inc. #564,Groceries,Columbus,East,contact564@pantrypro.com,0.3333333333333333,0.2128205128205128,0.8421052631578946
SUP-CAT4-0565,GreenBasket Supply Chain #565,Groceries,Newark,West,contact565@farmgate.com,0.2222222222222222,0.8097435897435897,0.05263157894736848
SUP-CAT4-0566,Fresh Fields Wholesale #566,Groceries,Miami,North,contact566@greenbasket.com,0.9629629629629629,0.6523076923076923,0.21052631578947334
SUP-CAT4-0567,PantryPro Co. #567,Groceries,Newark,East,contact567@freshfields.com,0.3333333333333333,0.9933333333333333,0.8421052631578946
SUP-CAT4-0568,Fresh Fields Partners #568,Groceries,Rotterdam,East,contact568@farmgate.com,0.9259259259259259,0.897948717948718,0.3157894736842103
SUP-CAT4-0569,Fresh Fields Partners #569,Groceries,Miami,West,contact569@pantrypro.com,0.5925925925925926,0.4492307692307692,0.5263157894736843
SUP-CAT4-0570,Harvest Direct Inc. #570,Groceries,Chicago,East,contact570@pantrypro.com,1.0,0.004615384615384616,0.6315789473684212
SUP-CAT4-0571,PantryPro LLC #571,Groceries,Atlanta,South,contact571@freshfields.com,0.25925925925925924,0.20205128205128206,0.894736842105263
SUP-CAT4-0572,GreenBasket Group #572,Groceries,Dallas,North,contact572@harvestdirect.com,0.037037037037037035,0.17846153846153845,0.05263157894736848
SUP-CAT4-0573,PantryPro Co. #573,Groceries,Miami,Central,contact573@greenbasket.com,0.4074074074074074,0.898974358974359,0.8421052631578946
SUP-CAT4-0574,GreenBasket Wholesale #574,Groceries,Newark,West,contact574@farmgate.com,0.8148148148148148,0.47897435897435897,0.10526315789473638
SUP-CAT4-0575,Fresh Fields Partners #575,Groceries,Newark,North,contact575@pantrypro.com,0.9629629629629629,0.1794871794871795,0.15789473684210487
SUP-CAT4-0576,PantryPro Partners #576,Groceries,Seattle,East,contact576@freshfields.com,0.25925925925925924,0.7943589743589744,0.3684210526315788
SUP-CAT4-0577,GreenBasket Distributors #577,Groceries,Rotterdam,East,contact577@freshfields.com,0.7407407407407407,0.38666666666666666,0.21052631578947334
SUP-CAT4-0578,FarmGate Group #578,Groceries,Mumbai,Central,contact578@farmgate.com,0.5555555555555556,0.19538461538461538,0.6315789473684212
SUP-CAT4-0579,Fresh Fields Wholesale #579,Groceries,Columbus,North,contact579@farmgate.com,0.9629629629629629,0.803076923076923,0.7368421052631576
SUP-CAT4-0580,FarmGate Supply Chain #580,Groceries,Miami,North,contact580@farmgate.com,0.7407407407407407,0.6492307692307693,0.5789473684210528
SUP-CAT4-0581,FarmGate Partners #581,Groceries,Phoenix,East,contact581@pantrypro.com,0.07407407407407407,0.6384615384615384,0.8421052631578946
SUP-CAT4-0582,Harvest Direct Supply Chain #582,Groceries,Atlanta,South,contact582@freshfields.com,0.9259259259259259,0.7876923076923077,0.7368421052631576
SUP-CAT4-0583,PantryPro Ltd. #583,Groceries,Denver,East,contact583@freshfields.com,0.7407407407407407,0.8456410256410256,0.9473684210526315
SUP-CAT4-0584,Fresh Fields Group #584,Groceries,Dallas,West,contact584@harvestdirect.com,0.5185185185185185,0.2676923076923077,0.5263157894736843
SUP-CAT4-0585,Fresh Fields Ltd. #585,Groceries,Phoenix,East,contact585@farmgate.com,0.7407407407407407,0.13692307692307693,0.3684210526315788
SUP-CAT4-0586,PantryPro Inc. #586,Groceries,Rotterdam,West,contact586@pantrypro.com,0.18518518518518517,0.17743589743589744,0.21052631578947334
SUP-CAT4-0587,Fresh Fields Trading #587,Groceries,Phoenix,North,contact587@pantrypro.com,0.37037037037037035,0.0,0.3684210526315788
SUP-CAT4-0588,Harvest Direct Inc. #588,Groceries,Dallas,East,contact588@freshfields.com,0.14814814814814814,0.18769230769230769,0.5789473684210528
SUP-CAT4-0589,Harvest Direct Co. #589,Groceries,Mumbai,East,contact589@farmgate.com,0.2962962962962963,0.43025641025641026,0.3157894736842103
SUP-CAT4-0590,Fresh Fields Partners #590,Groceries,Mumbai,South,contact590@greenbasket.com,0.14814814814814814,0.6907692307692308,0.15789473684210487
SUP-CAT4-0591,PantryPro Trading #591,Groceries,Denver,West,contact591@farmgate.com,0.07407407407407407,0.8271794871794872,0.6315789473684212
SUP-CAT4-0592,GreenBasket Ltd. #592,Groceries,Osaka,Central,contact592@pantrypro.com,0.3333333333333333,0.9512820512820512,0.21052631578947334
SUP-CAT4-0593,Harvest Direct Supply Chain #593,Groceries,Miami,North,contact593@harvestdirect.com,0.48148148148148145,0.6215384615384615,0.0
SUP-CAT4-0594,Fresh Fields Trading #594,Groceries,Atlanta,East,contact594@harvestdirect.com,0.2222222222222222,0.33076923076923076,1.0
SUP-CAT4-0595,PantryPro Inc. #595,Groceries,Rotterdam,North,contact595@pantrypro.com,0.8518518518518519,0.4379487179487179,0.6842105263157897
SUP-CAT4-0596,PantryPro LLC #596,Groceries,Chicago,North,contact596@freshfields.com,0.48148148148148145,0.7974358974358975,0.05263157894736848
SUP-CAT4-0597,PantryPro Wholesale #597,Groceries,Portland,South,contact597@farmgate.com,0.37037037037037035,0.7394871794871795,0.7894736842105261
SUP-CAT4-0598,GreenBasket Distributors #598,Groceries,Rotterdam,Central,contact598@farmgate.com,0.037037037037037035,0.6553846153846153,0.8421052631578946
SUP-CAT4-0599,Harvest Direct Inc. #599,Groceries,Shenzhen,East,contact599@pantrypro.com,1.0,0.7102564102564103,0.10526315789473638
SUP-CAT4-0600,Harvest Direct Ltd. #600,Groceries,Miami,North,contact600@harvestdirect.com,0.8518518518518519,0.9266666666666666,0.2631578947368418
SUP-CAT4-0601,Fresh Fields Wholesale #601,Groceries,Denver,Central,contact601@greenbasket.com,0.07407407407407407,0.49128205128205127,0.47368421052631576
SUP-CAT4-0602,FarmGate Group #602,Groceries,Portland,East,contact602@harvestdirect.com,0.4444444444444444,0.015384615384615385,0.9473684210526315
SUP-CAT4-0603,FarmGate Inc. #603,Groceries,Osaka,East,contact603@pantrypro.com,0.37037037037037035,0.7902564102564102,0.5263157894736843
SUP-CAT4-0604,GreenBasket Ltd. #604,Groceries,Rotterdam,West,contact604@freshfields.com,0.8518518518518519,0.3902564102564103,0.8421052631578946
SUP-CAT4-0605,PantryPro Partners #605,Groceries,Denver,Central,contact605@farmgate.com,0.48148148148148145,0.6497435897435897,0.3157894736842103
SUP-CAT4-0606,GreenBasket Co. #606,Groceries,Newark,North,contact606@freshfields.com,0.0,0.7866666666666666,0.3157894736842103
SUP-CAT4-0607,GreenBasket Group #607,Groceries,Denver,South,contact607@pantrypro.com,0.7037037037037037,0.10666666666666667,0.47368421052631576
SUP-CAT4-0608,Harvest Direct Wholesale #608,Groceries,Seattle,West,contact608@pantrypro.com,0.8888888888888888,0.3076923076923077,0.5789473684210528
SUP-CAT4-0609,FarmGate Distributors #609,Groceries,Phoenix,North,contact609@harvestdirect.com,1.0,0.07025641025641026,0.7368421052631576
SUP-CAT4-0610,FarmGate Ltd. #610,Groceries,Atlanta,Central,contact610@farmgate.com,0.9629629629629629,0.9692307692307692,0.8421052631578946
SUP-CAT4-0611,Fresh Fields Wholesale #611,Groceries,Dallas,Central,contact611@harvestdirect.com,0.25925925925925924,0.9538461538461539,0.3157894736842103
SUP-CAT4-0612,PantryPro Trading #612,Groceries,Newark,Central,contact612@farmgate.com,0.9629629629629629,0.09230769230769231,0.05263157894736848
SUP-CAT4-0613,PantryPro Wholesale #613,Groceries,Hanoi,Central,contact613@farmgate.com,0.5925925925925926,0.06820512820512821,0.10526315789473638
SUP-CAT4-0614,PantryPro Trading #614,Groceries,Columbus,East,contact614@farmgate.com,0.8518518518518519,0.4682051282051282,0.5789473684210528
SUP-CAT4-0615,Fresh Fields Co. #615,Groceries,Denver,North,contact615@harvestdirect.com,0.9259259259259259,0.4128205128205128,0.9473684210526315
SUP-CAT4-0616,Fresh Fields Inc. #616,Groceries,Osaka,East,contact616@freshfields.com,0.8148148148148148,0.8133333333333334,0.05263157894736848
SUP-CAT4-0617,Fresh Fields LLC #617,Groceries,Chicago,Central,contact617@pantrypro.com,0.0,0.3415384615384615,0.4210526315789473
SUP-CAT4-0618,PantryPro Distributors #618,Groceries,Atlanta,North,contact618@greenbasket.com,0.9629629629629629,0.42102564102564105,0.894736842105263
SUP-CAT4-0619,FarmGate Distributors #619,Groceries,Seattle,Central,contact619@freshfields.com,0.5925925925925926,0.49230769230769234,0.21052631578947334
SUP-CAT4-0620,GreenBasket Wholesale #620,Groceries,Shenzhen,West,contact620@greenbasket.com,0.18518518518518517,0.025128205128205128,0.21052631578947334
SUP-CAT4-0621,FarmGate Supply Chain #621,Groceries,Hanoi,South,contact621@farmgate.com,0.0,0.04666666666666667,0.7368421052631576
SUP-CAT4-0622,FarmGate Trading #622,Groceries,Mumbai,Central,contact622@greenbasket.com,0.1111111111111111,0.6333333333333333,0.21052631578947334
SUP-CAT4-0623,PantryPro Group #623,Groceries,Atlanta,East,contact623@farmgate.com,0.8888888888888888,0.4276923076923077,0.7368421052631576
SUP-CAT4-0624,Harvest Direct Group #624,Groceries,Dallas,Central,contact624@pantrypro.com,0.6296296296296297,0.05384615384615385,0.4210526315789473
SUP-CAT4-0625,GreenBasket Ltd. #625,Groceries,Denver,South,contact625@pantrypro.com,0.9259259259259259,0.7353846153846154,0.9473684210526315
SUP-CAT4-0626,PantryPro Wholesale #626,Groceries,Shenzhen,West,contact626@greenbasket.com,0.2962962962962963,0.23282051282051283,0.8421052631578946
SUP-CAT4-0627,Fresh Fields Inc. #627,Groceries,Osaka,South,contact627@pantrypro.com,0.5925925925925926,0.5143589743589744,0.7368421052631576
SUP-CAT4-0628,Harvest Direct Supply Chain #628,Groceries,Dallas,East,contact628@freshfields.com,0.9629629629629629,0.27487179487179486,0.4210526315789473
SUP-CAT4-0629,GreenBasket Co. #629,Groceries,Dallas,North,contact629@greenbasket.com,0.4444444444444444,0.6148717948717949,0.894736842105263
SUP-CAT4-0630,FarmGate Trading #630,Groceries,Hanoi,East,contact630@pantrypro.com,0.1111111111111111,0.31333333333333335,0.4210526315789473
SUP-CAT4-0631,Harvest Direct Partners #631,Groceries,Hanoi,West,contact631@freshfields.com,0.14814814814814814,0.20974358974358975,0.7368421052631576
SUP-CAT4-0632,Harvest Direct Wholesale #632,Groceries,Mumbai,South,contact632@harvestdirect.com,0.1111111111111111,0.6902564102564103,0.05263157894736848
SUP-CAT4-0633,GreenBasket Supply Chain #633,Groceries,Newark,North,contact633@harvestdirect.com,0.037037037037037035,0.6605128205128206,0.2631578947368418
SUP-CAT4-0634,FarmGate Supply Chain #634,Groceries,Miami,Central,contact634@pantrypro.com,0.0,0.17743589743589744,0.5789473684210528
SUP-CAT4-0635,Fresh Fields Trading #635,Groceries,Chicago,East,contact635@farmgate.com,0.8518518518518519,0.2964102564102564,0.3684210526315788
SUP-CAT4-0636,PantryPro Distributors #636,Groceries,Seattle,South,contact636@farmgate.com,0.0,0.4558974358974359,0.9473684210526315
SUP-CAT4-0637,PantryPro Inc. #637,Groceries,Hanoi,South,contact637@farmgate.com,0.18518518518518517,0.9317948717948717,0.3684210526315788
SUP-CAT4-0638,PantryPro Co. #638,Groceries,Dallas,North,contact638@farmgate.com,0.2222222222222222,0.7646153846153846,0.5263157894736843
SUP-CAT4-0639,PantryPro Ltd. #639,Groceries,Atlanta,South,contact639@harvestdirect.com,0.48148148148148145,0.9487179487179487,0.4210526315789473
SUP-CAT4-0640,GreenBasket Wholesale #640,Groceries,Hanoi,Central,contact640@freshfields.com,0.6666666666666666,0.3912820512820513,0.6842105263157897
SUP-CAT4-0641,PantryPro Co. #641,Groceries,Columbus,North,contact641@harvestdirect.com,0.5185185185185185,0.897948717948718,0.6842105263157897
SUP-CAT4-0642,PantryPro Distributors #642,Groceries,Shenzhen,East,contact642@freshfields.com,0.1111111111111111,0.7815384615384615,0.6315789473684212
SUP-CAT4-0643,Fresh Fields Distributors #643,Groceries,Chicago,Central,contact643@greenbasket.com,0.07407407407407407,0.9035897435897436,0.7368421052631576
SUP-CAT4-0644,GreenBasket Trading #644,Groceries,Hanoi,West,contact644@harvestdirect.com,0.4444444444444444,0.019487179487179488,0.5263157894736843
SUP-CAT4-0645,FarmGate Wholesale #645,Groceries,Phoenix,South,contact645@harvestdirect.com,1.0,0.9989743589743589,0.5263157894736843
SUP-CAT4-0646,GreenBasket LLC #646,Groceries,Osaka,North,contact646@harvestdirect.com,0.25925925925925924,0.08871794871794872,0.3157894736842103
SUP-CAT4-0647,Harvest Direct Trading #647,Groceries,Dallas,West,contact647@freshfields.com,0.7777777777777778,0.5512820512820513,0.15789473684210487
SUP-CAT4-0648,GreenBasket Trading #648,Groceries,Newark,East,contact648@greenbasket.com,0.5185185185185185,0.13384615384615384,0.5263157894736843
SUP-CAT4-0649,PantryPro Wholesale #649,Groceries,Miami,South,contact649@farmgate.com,0.6666666666666666,0.8569230769230769,0.6842105263157897
SUP-CAT4-0650,Fresh Fields Distributors #650,Groceries,Chicago,Central,contact650@greenbasket.com,0.037037037037037035,0.20153846153846153,0.7368421052631576
SUP-CAT4-0651,Harvest Direct LLC #651,Groceries,Atlanta,South,contact651@greenbasket.com,0.14814814814814814,0.4235897435897436,0.05263157894736848
SUP-CAT4-0652,GreenBasket Ltd. #652,Groceries,Miami,West,contact652@freshfields.com,0.18518518518518517,0.6943589743589743,0.7894736842105261
SUP-CAT4-0653,GreenBasket Supply Chain #653,Groceries,Seattle,West,contact653@greenbasket.com,0.7777777777777778,0.7902564102564102,0.05263157894736848
SUP-CAT4-0654,PantryPro Group #654,Groceries,Denver,North,contact654@pantrypro.com,1.0,0.4717948717948718,0.7368421052631576
SUP-CAT4-0655,GreenBasket Distributors #655,Groceries,Atlanta,East,contact655@harvestdirect.com,0.5925925925925926,0.06051282051282051,0.6842105263157897
SUP-CAT4-0656,Harvest Direct Supply Chain #656,Groceries,Mumbai,East,contact656@pantrypro.com,0.4074074074074074,0.6871794871794872,0.2631578947368418
SUP-CAT4-0657,Harvest Direct Distributors #657,Groceries,Atlanta,South,contact657@harvestdirect.com,0.4444444444444444,0.2605128205128205,0.3157894736842103
SUP-CAT4-0658,PantryPro Partners #658,Groceries,Rotterdam,West,contact658@farmgate.com,0.4074074074074074,0.7446153846153846,0.15789473684210487
SUP-CAT4-0659,PantryPro Wholesale #659,Groceries,Miami,South,contact659@freshfields.com,0.037037037037037035,0.047692307692307694,0.21052631578947334
SUP-CAT4-0660,GreenBasket Partners #660,Groceries,Shenzhen,South,contact660@pantrypro.com,0.2962962962962963,0.7338461538461538,0.9473684210526315
SUP-CAT4-0661,GreenBasket Ltd. #661,Groceries,Shenzhen,East,contact661@farmgate.com,0.4074074074074074,0.7066666666666667,0.15789473684210487
SUP-CAT4-0662,Fresh Fields Ltd. #662,Groceries,Rotterdam,North,contact662@farmgate.com,0.8518518518518519,0.06564102564102564,0.2631578947368418
SUP-CAT4-0663,PantryPro Inc. #663,Groceries,Mumbai,North,contact663@farmgate.com,0.07407407407407407,0.33076923076923076,0.05263157894736848
SUP-CAT4-0664,Fresh Fields Ltd. #664,Groceries,Hanoi,South,contact664@greenbasket.com,0.48148148148148145,0.7707692307692308,0.0
SUP-CAT4-0665,FarmGate Group #665,Groceries,Atlanta,North,contact665@harvestdirect.com,0.18518518518518517,0.3646153846153846,0.7894736842105261
SUP-CAT4-0666,FarmGate Supply Chain #666,Groceries,Miami,East,contact666@pantrypro.com,0.7777777777777778,0.6461538461538462,0.21052631578947334
SUP-CAT4-0667,PantryPro Ltd. #667,Groceries,Shenzhen,Central,contact667@harvestdirect.com,0.7777777777777778,0.9538461538461539,0.5789473684210528
SUP-CAT4-0668,PantryPro Wholesale #668,Groceries,Portland,West,contact668@farmgate.com,0.7777777777777778,0.3528205128205128,0.9473684210526315
SUP-CAT4-0669,PantryPro Distributors #669,Groceries,Atlanta,East,contact669@pantrypro.com,0.8518518518518519,0.9164102564102564,0.5789473684210528
SUP-CAT4-0670,Harvest Direct Trading #670,Groceries,Shenzhen,West,contact670@harvestdirect.com,0.5925925925925926,0.6723076923076923,0.21052631578947334
SUP-CAT4-0671,FarmGate Co. #671,Groceries,Newark,West,contact671@pantrypro.com,0.14814814814814814,0.0841025641025641,0.6842105263157897
SUP-CAT4-0672,PantryPro Partners #672,Groceries,Portland,North,contact672@freshfields.com,0.037037037037037035,0.18102564102564103,0.5263157894736843
SUP-CAT4-0673,GreenBasket Supply Chain #673,Groceries,Miami,North,contact673@farmgate.com,0.7777777777777778,0.11538461538461539,0.6842105263157897
SUP-CAT4-0674,Fresh Fields Supply Chain #674,Groceries,Seattle,West,contact674@freshfields.com,0.8148148148148148,0.9994871794871795,0.3157894736842103
SUP-CAT4-0675,Fresh Fields Distributors #675,Groceries,Mumbai,West,contact675@harvestdirect.com,0.5555555555555556,0.6051282051282051,0.3684210526315788
SUP-CAT4-0676,FarmGate LLC #676,Groceries,Seattle,North,contact676@pantrypro.com,0.6296296296296297,0.3974358974358974,0.3157894736842103
SUP-CAT4-0677,GreenBasket Distributors #677,Groceries,Columbus,West,contact677@pantrypro.com,0.5555555555555556,0.20974358974358975,0.5263157894736843
SUP-CAT4-0678,PantryPro Inc. #678,Groceries,Dallas,Central,contact678@greenbasket.com,0.2962962962962963,0.0558974358974359,0.9473684210526315
SUP-CAT4-0679,Fresh Fields Partners #679,Groceries,Phoenix,North,contact679@pantrypro.com,0.48148148148148145,0.03538461538461538,0.5263157894736843
SUP-CAT4-0680,GreenBasket Trading #680,Groceries,Hanoi,West,contact680@greenbasket.com,0.4444444444444444,0.8697435897435898,0.2631578947368418
SUP-CAT4-0681,Fresh Fields Co. #681,Groceries,Hanoi,East,contact681@greenbasket.com,0.3333333333333333,0.44051282051282054,0.7368421052631576
SUP-CAT4-0682,Fresh Fields LLC #682,Groceries,Chicago,South,contact682@harvestdirect.com,1.0,0.40974358974358976,0.894736842105263
SUP-CAT4-0683,GreenBasket Supply Chain #683,Groceries,Rotterdam,East,contact683@pantrypro.com,0.5925925925925926,0.662051282051282,0.894736842105263
SUP-CAT4-0684,Harvest Direct Wholesale #684,Groceries,Denver,Central,contact684@farmgate.com,0.9629629629629629,0.6456410256410257,0.15789473684210487
SUP-CAT4-0685,FarmGate Wholesale #685,Groceries,Dallas,West,contact685@greenbasket.com,0.4444444444444444,0.8758974358974358,0.7894736842105261
SUP-CAT4-0686,PantryPro Co. #686,Groceries,Rotterdam,West,contact686@freshfields.com,0.14814814814814814,0.5512820512820513,0.21052631578947334
SUP-CAT4-0687,PantryPro Partners #687,Groceries,Phoenix,West,contact687@greenbasket.com,0.6296296296296297,0.5035897435897436,0.0
SUP-CAT4-0688,PantryPro LLC #688,Groceries,Seattle,Central,contact688@farmgate.com,0.6666666666666666,0.8317948717948718,0.10526315789473638
SUP-CAT4-0689,Harvest Direct Inc. #689,Groceries,Newark,South,contact689@pantrypro.com,0.0,0.3435897435897436,0.4210526315789473
SUP-CAT4-0690,Fresh Fields Wholesale #690,Groceries,Seattle,West,contact690@farmgate.com,0.8888888888888888,0.5779487179487179,0.5263157894736843
SUP-CAT4-0691,Harvest Direct Wholesale #691,Groceries,Shenzhen,East,contact691@harvestdirect.com,0.7037037037037037,0.7543589743589744,1.0
SUP-CAT4-0692,PantryPro Ltd. #692,Groceries,Atlanta,West,contact692@freshfields.com,0.0,0.9948717948717949,0.05263157894736848
SUP-CAT4-0693,FarmGate Inc. #693,Groceries,Mumbai,Central,contact693@farmgate.com,0.5185185185185185,0.07846153846153846,0.15789473684210487
SUP-CAT4-0694,Harvest Direct Partners #694,Groceries,Phoenix,East,contact694@greenbasket.com,0.8888888888888888,0.35743589743589743,0.05263157894736848
SUP-CAT4-0695,Harvest Direct Group #695,Groceries,Shenzhen,East,contact695@pantrypro.com,0.8888888888888888,0.5948717948717949,1.0
SUP-CAT4-0696,PantryPro Co. #696,Groceries,Miami,North,contact696@farmgate.com,0.5555555555555556,0.8179487179487179,0.3157894736842103
SUP-CAT4-0697,GreenBasket Wholesale #697,Groceries,Atlanta,Central,contact697@freshfields.com,0.7037037037037037,0.7697435897435897,0.4210526315789473
SUP-CAT4-0698,Fresh Fields Supply Chain #698,Groceries,Chicago,North,contact698@pantrypro.com,0.037037037037037035,0.9517948717948718,1.0
SUP-CAT4-0699,GreenBasket Trading #699,Groceries,Portland,West,contact699@harvestdirect.com,0.8518518518518519,0.4948717948717949,0.5789473684210528
SUP-CAT4-0700,GreenBasket Group #700,Groceries,Portland,South,contact700@harvestdirect.com,0.9629629629629629,0.358974358974359,1.0
SUP-CAT4-0701,Fresh Fields Trading #701,Groceries,Seattle,North,contact701@greenbasket.com,0.18518518518518517,0.38974358974358975,0.3684210526315788
SUP-CAT4-0702,FarmGate Group #702,Groceries,Shenzhen,West,contact702@greenbasket.com,0.8148148148148148,0.40205128205128204,0.3157894736842103
SUP-CAT4-0703,PantryPro Ltd. #703,Groceries,Dallas,Central,contact703@harvestdirect.com,0.25925925925925924,0.39897435897435896,0.9473684210526315
SUP-CAT4-0704,Harvest Direct Co. #704,Groceries,Portland,Central,contact704@farmgate.com,0.9259259259259259,0.4492307692307692,0.21052631578947334
SUP-CAT4-0705,Harvest Direct Partners #705,Groceries,Seattle,South,contact705@pantrypro.com,0.8888888888888888,0.31025641025641026,0.3157894736842103
SUP-CAT4-0706,Harvest Direct Ltd. #706,Groceries,Newark,North,contact706@greenbasket.com,0.3333333333333333,0.5025641025641026,0.4210526315789473
SUP-CAT4-0707,FarmGate Wholesale #707,Groceries,Chicago,North,contact707@pantrypro.com,1.0,0.18974358974358974,0.6315789473684212
SUP-CAT4-0708,Harvest Direct Inc. #708,Groceries,Osaka,South,contact708@harvestdirect.com,0.18518518518518517,0.10512820512820513,0.0
SUP-CAT4-0709,Harvest Direct LLC #709,Groceries,Rotterdam,South,contact709@pantrypro.com,0.7037037037037037,0.6425641025641026,0.10526315789473638
SUP-CAT4-0710,PantryPro Wholesale #710,Groceries,Dallas,East,contact710@pantrypro.com,0.5925925925925926,0.4282051282051282,0.3157894736842103
SUP-CAT4-0711,FarmGate Ltd. #711,Groceries,Portland,Central,contact711@pantrypro.com,0.5185185185185185,0.6338461538461538,0.894736842105263
SUP-CAT4-0712,GreenBasket Wholesale #712,Groceries,Hanoi,West,contact712@greenbasket.com,0.3333333333333333,0.35128205128205126,0.3157894736842103
SUP-CAT4-0713,FarmGate Distributors #713,Groceries,Portland,South,contact713@freshfields.com,0.25925925925925924,0.8994871794871795,0.3684210526315788
SUP-CAT4-0714,Fresh Fields Partners #714,Groceries,Hanoi,Central,contact714@freshfields.com,0.8518518518518519,0.7630769230769231,0.6842105263157897
SUP-CAT4-0715,Harvest Direct LLC #715,Groceries,Rotterdam,North,contact715@farmgate.com,0.7777777777777778,0.45384615384615384,0.6315789473684212
SUP-CAT4-0716,Harvest Direct Group #716,Groceries,Shenzhen,Central,contact716@freshfields.com,0.5185185185185185,0.21743589743589745,0.15789473684210487
SUP-CAT4-0717,Harvest Direct Inc. #717,Groceries,Newark,West,contact717@pantrypro.com,0.2222222222222222,0.13282051282051283,0.10526315789473638
SUP-CAT4-0718,PantryPro Partners #718,Groceries,Dallas,Central,contact718@harvestdirect.com,0.037037037037037035,0.9897435897435898,0.894736842105263
SUP-CAT4-0719,FarmGate Inc. #719,Groceries,Phoenix,South,contact719@pantrypro.com,0.5925925925925926,0.7430769230769231,0.3684210526315788
SUP-CAT4-0720,Harvest Direct Partners #720,Groceries,Columbus,Central,contact720@pantrypro.com,0.18518518518518517,0.4646153846153846,0.15789473684210487
SUP-CAT4-0721,FarmGate Distributors #721,Groceries,Seattle,Central,contact721@freshfields.com,0.2962962962962963,0.23487179487179488,0.15789473684210487
SUP-CAT4-0722,Harvest Direct LLC #722,Groceries,Portland,Central,contact722@freshfields.com,0.5185185185185185,0.9158974358974359,0.7894736842105261
SUP-CAT4-0723,Fresh Fields Wholesale #723,Groceries,Rotterdam,North,contact723@farmgate.com,0.14814814814814814,0.9348717948717948,0.05263157894736848
SUP-CAT4-0724,FarmGate Trading #724,Groceries,Seattle,West,contact724@pantrypro.com,0.7037037037037037,0.4230769230769231,0.7894736842105261
SUP-CAT4-0725,Harvest Direct Group #725,Groceries,Seattle,Central,contact725@greenbasket.com,0.25925925925925924,0.1117948717948718,0.10526315789473638
SUP-CAT4-0726,Harvest Direct Partners #726,Groceries,Chicago,South,contact726@harvestdirect.com,0.5185185185185185,0.041025641025641026,0.7894736842105261
SUP-CAT4-0727,FarmGate LLC #727,Groceries,Miami,South,contact727@farmgate.com,0.7777777777777778,0.9343589743589743,0.05263157894736848
SUP-CAT4-0728,PantryPro Group #728,Groceries,Dallas,North,contact728@greenbasket.com,0.18518518518518517,0.08307692307692308,0.7368421052631576
SUP-CAT4-0729,Harvest Direct Trading #729,Groceries,Shenzhen,Central,contact729@freshfields.com,0.1111111111111111,0.6435897435897436,0.8421052631578946
SUP-CAT4-0730,PantryPro Group #730,Groceries,Miami,North,contact730@freshfields.com,0.0,0.28307692307692306,0.21052631578947334
SUP-CAT4-0731,GreenBasket Partners #731,Groceries,Dallas,West,contact731@freshfields.com,0.3333333333333333,0.2753846153846154,0.9473684210526315
SUP-CAT4-0732,Harvest Direct Wholesale #732,Groceries,Rotterdam,Central,contact732@farmgate.com,0.5185185185185185,0.4041025641025641,0.6315789473684212
SUP-CAT4-0733,FarmGate Ltd. #733,Groceries,Chicago,West,contact733@pantrypro.com,0.3333333333333333,0.06820512820512821,0.5263157894736843
SUP-CAT4-0734,Fresh Fields Trading #734,Groceries,Phoenix,Central,contact734@freshfields.com,0.5185185185185185,0.12512820512820513,0.894736842105263
SUP-CAT4-0735,FarmGate Supply Chain #735,Groceries,Mumbai,South,contact735@pantrypro.com,0.2222222222222222,0.4676923076923077,0.7368421052631576
SUP-CAT4-0736,PantryPro Ltd. #736,Groceries,Chicago,East,contact736@freshfields.com,0.8888888888888888,0.36564102564102563,0.4210526315789473
SUP-CAT4-0737,GreenBasket Group #737,Groceries,Dallas,Central,contact737@farmgate.com,0.07407407407407407,0.21128205128205127,0.7368421052631576
SUP-CAT4-0738,GreenBasket Co. #738,Groceries,Chicago,West,contact738@greenbasket.com,0.2962962962962963,0.5420512820512821,0.21052631578947334
SUP-CAT4-0739,PantryPro Wholesale #739,Groceries,Atlanta,South,contact739@harvestdirect.com,0.8888888888888888,0.26461538461538464,0.2631578947368418
SUP-CAT4-0740,PantryPro LLC #740,Groceries,Shenzhen,North,contact740@farmgate.com,0.5555555555555556,0.11487179487179487,0.6842105263157897
SUP-CAT4-0741,FarmGate Supply Chain #741,Groceries,Mumbai,Central,contact741@freshfields.com,0.8148148148148148,0.9943589743589744,0.15789473684210487
SUP-CAT4-0742,FarmGate Group #742,Groceries,Newark,Central,contact742@pantrypro.com,0.8148148148148148,0.6923076923076923,0.21052631578947334
SUP-CAT4-0743,GreenBasket Group #743,Groceries,Chicago,North,contact743@greenbasket.com,0.2222222222222222,0.7005128205128205,0.3684210526315788
SUP-CAT4-0744,GreenBasket Ltd. #744,Groceries,Dallas,North,contact744@harvestdirect.com,0.9629629629629629,0.6533333333333333,0.21052631578947334
SUP-CAT4-0745,PantryPro Wholesale #745,Groceries,Seattle,Central,contact745@freshfields.com,0.6666666666666666,0.15282051282051282,0.9473684210526315
SUP-CAT4-0746,PantryPro Supply Chain #746,Groceries,Hanoi,East,contact746@greenbasket.com,0.0,0.19384615384615383,0.894736842105263
SUP-CAT4-0747,Harvest Direct Co. #747,Groceries,Newark,East,contact747@greenbasket.com,0.2962962962962963,0.3194871794871795,0.7894736842105261
SUP-CAT4-0748,GreenBasket Supply Chain #748,Groceries,Columbus,Central,contact748@farmgate.com,1.0,0.561025641025641,0.47368421052631576
SUP-CAT4-0749,Harvest Direct Partners #749,Groceries,Columbus,North,contact749@pantrypro.com,0.8888888888888888,0.9948717948717949,0.9473684210526315
SUP-CAT4-0750,PantryPro Wholesale #750,Groceries,Denver,South,contact750@freshfields.com,0.6296296296296297,0.33589743589743587,0.05263157894736848
SUP-CAT4-0751,Harvest Direct Distributors #751,Groceries,Portland,North,contact751@freshfields.com,0.48148148148148145,0.5994871794871794,0.6315789473684212
SUP-CAT4-0752,Fresh Fields Supply Chain #752,Groceries,Columbus,North,contact752@pantrypro.com,0.9259259259259259,0.6953846153846154,0.894736842105263
SUP-CAT4-0753,GreenBasket Trading #753,Groceries,Newark,Central,contact753@greenbasket.com,0.4444444444444444,0.9876923076923076,0.3684210526315788
SUP-CAT4-0754,PantryPro Supply Chain #754,Groceries,Shenzhen,East,contact754@freshfields.com,0.037037037037037035,0.5338461538461539,0.3157894736842103
SUP-CAT4-0755,GreenBasket Co. #755,Groceries,Seattle,Central,contact755@greenbasket.com,0.48148148148148145,0.022564102564102566,0.21052631578947334
SUP-CAT4-0756,Fresh Fields LLC #756,Groceries,Shenzhen,East,contact756@farmgate.com,0.9629629629629629,0.5415384615384615,0.8421052631578946
SUP-CAT4-0757,Harvest Direct Trading #757,Groceries,Chicago,Central,contact757@freshfields.com,1.0,0.5605128205128205,0.21052631578947334
SUP-CAT4-0758,GreenBasket Trading #758,Groceries,Seattle,South,contact758@farmgate.com,1.0,0.5594871794871795,0.47368421052631576
SUP-CAT4-0759,GreenBasket Distributors #759,Groceries,Mumbai,Central,contact759@greenbasket.com,0.18518518518518517,0.3507692307692308,0.15789473684210487
SUP-CAT4-0760,PantryPro Wholesale #760,Groceries,Columbus,West,contact760@farmgate.com,0.4074074074074074,0.7497435897435898,0.6842105263157897
SUP-CAT4-0761,GreenBasket Inc. #761,Groceries,Columbus,East,contact761@freshfields.com,0.7037037037037037,0.3779487179487179,0.05263157894736848
SUP-CAT4-0762,FarmGate Co. #762,Groceries,Atlanta,East,contact762@freshfields.com,0.07407407407407407,0.2682051282051282,0.3157894736842103
SUP-CAT4-0763,PantryPro Supply Chain #763,Groceries,Portland,East,contact763@greenbasket.com,0.2962962962962963,0.8517948717948718,0.5263157894736843
SUP-CAT4-0764,Fresh Fields Ltd. #764,Groceries,Rotterdam,South,contact764@harvestdirect.com,0.4074074074074074,0.06717948717948719,0.6315789473684212
SUP-CAT4-0765,Harvest Direct Ltd. #765,Groceries,Chicago,South,contact765@greenbasket.com,0.3333333333333333,0.20564102564102565,0.4210526315789473
SUP-CAT4-0766,FarmGate Trading #766,Groceries,Chicago,West,contact766@harvestdirect.com,0.037037037037037035,0.42615384615384616,1.0
SUP-CAT4-0767,GreenBasket LLC #767,Groceries,Osaka,Central,contact767@freshfields.com,0.7407407407407407,0.4046153846153846,0.2631578947368418
SUP-CAT4-0768,PantryPro Distributors #768,Groceries,Osaka,West,contact768@harvestdirect.com,0.037037037037037035,0.2743589743589744,0.7368421052631576
SUP-CAT4-0769,Harvest Direct Supply Chain #769,Groceries,Portland,North,contact769@pantrypro.com,0.4444444444444444,0.2712820512820513,0.0
SUP-CAT4-0770,PantryPro Trading #770,Groceries,Miami,Central,contact770@pantrypro.com,0.7407407407407407,0.04717948717948718,0.9473684210526315
SUP-CAT4-0771,PantryPro Supply Chain #771,Groceries,Portland,North,contact771@farmgate.com,0.037037037037037035,0.6517948717948718,1.0
SUP-CAT4-0772,Fresh Fields Trading #772,Groceries,Newark,Central,contact772@pantrypro.com,0.6296296296296297,0.9235897435897436,0.3157894736842103
SUP-CAT4-0773,Harvest Direct Group #773,Groceries,Columbus,South,contact773@farmgate.com,0.37037037037037035,0.9164102564102564,0.6842105263157897
SUP-CAT4-0774,FarmGate Trading #774,Groceries,Miami,Central,contact774@pantrypro.com,0.6296296296296297,0.7384615384615385,0.5263157894736843
SUP-CAT4-0775,Fresh Fields Co. #775,Groceries,Rotterdam,South,contact775@farmgate.com,0.37037037037037035,0.2441025641025641,0.4210526315789473
SUP-CAT4-0776,GreenBasket Distributors #776,Groceries,Denver,Central,contact776@farmgate.com,0.5925925925925926,0.9856410256410256,0.05263157894736848
SUP-CAT4-0777,Harvest Direct Co. #777,Groceries,Dallas,East,contact777@pantrypro.com,0.5925925925925926,0.6051282051282051,0.05263157894736848
SUP-CAT4-0778,FarmGate Distributors #778,Groceries,Denver,South,contact778@harvestdirect.com,0.037037037037037035,0.5620512820512821,0.8421052631578946
SUP-CAT4-0779,GreenBasket Group #779,Groceries,Columbus,South,contact779@pantrypro.com,0.07407407407407407,0.3046153846153846,0.9473684210526315
SUP-CAT4-0780,PantryPro Partners #780,Groceries,Miami,West,contact780@greenbasket.com,0.7777777777777778,0.03076923076923077,0.7894736842105261
SUP-CAT4-0781,Harvest Direct Partners #781,Groceries,Seattle,North,contact781@freshfields.com,0.5185185185185185,0.3902564102564103,0.5263157894736843
SUP-CAT4-0782,GreenBasket Ltd. #782,Groceries,Shenzhen,South,contact782@farmgate.com,0.3333333333333333,0.7979487179487179,0.7368421052631576
SUP-CAT4-0783,Fresh Fields Wholesale #783,Groceries,Newark,East,contact783@greenbasket.com,0.25925925925925924,0.321025641025641,0.894736842105263
SUP-CAT4-0784,PantryPro LLC #784,Groceries,Portland,East,contact784@greenbasket.com,0.7407407407407407,0.9641025641025641,0.47368421052631576
SUP-CAT4-0785,FarmGate Supply Chain #785,Groceries,Phoenix,South,contact785@freshfields.com,0.07407407407407407,0.5117948717948718,0.21052631578947334
SUP-CAT4-0786,PantryPro Trading #786,Groceries,Phoenix,North,contact786@farmgate.com,0.5555555555555556,0.08871794871794872,0.47368421052631576
SUP-CAT4-0787,FarmGate Co. #787,Groceries,Osaka,Central,contact787@greenbasket.com,0.25925925925925924,0.009743589743589744,0.05263157894736848
SUP-CAT4-0788,FarmGate Group #788,Groceries,Portland,South,contact788@farmgate.com,0.3333333333333333,0.7215384615384616,0.9473684210526315
SUP-CAT4-0789,Fresh Fields Inc. #789,Groceries,Mumbai,North,contact789@harvestdirect.com,0.37037037037037035,0.14102564102564102,0.9473684210526315
SUP-CAT4-0790,PantryPro Partners #790,Groceries,Mumbai,Central,contact790@farmgate.com,0.5555555555555556,0.5948717948717949,0.9473684210526315
SUP-CAT4-0791,GreenBasket Inc. #791,Groceries,Hanoi,South,contact791@greenbasket.com,0.18518518518518517,0.5615384615384615,0.5263157894736843
SUP-CAT4-0792,Harvest Direct Wholesale #792,Groceries,Columbus,West,contact792@farmgate.com,0.8888888888888888,0.4917948717948718,0.10526315789473638
SUP-CAT4-0793,PantryPro Supply Chain #793,Groceries,Seattle,West,contact793@farmgate.com,0.7777777777777778,0.20717948717948717,0.05263157894736848
SUP-CAT4-0794,Fresh Fields Distributors #794,Groceries,Dallas,West,contact794@farmgate.com,0.7037037037037037,0.1758974358974359,0.0
SUP-CAT4-0795,PantryPro Co. #795,Groceries,Portland,Central,contact795@greenbasket.com,0.18518518518518517,0.7923076923076923,0.9473684210526315
SUP-CAT4-0796,PantryPro Distributors #796,Groceries,Portland,Central,contact796@harvestdirect.com,0.3333333333333333,0.8430769230769231,0.3684210526315788
SUP-CAT4-0797,FarmGate Distributors #797,Groceries,Atlanta,East,contact797@farmgate.com,0.9629629629629629,0.3564102564102564,0.2631578947368418
SUP-CAT4-0798,FarmGate Distributors #798,Groceries,Atlanta,North,contact798@farmgate.com,0.5925925925925926,0.1,0.10526315789473638
SUP-CAT4-0799,FarmGate Ltd. #799,Groceries,Denver,Central,contact799@freshfields.com,0.8888888888888888,0.3958974358974359,0.2631578947368418
SUP-CAT4-0800,Fresh Fields LLC #800,Groceries,Phoenix,East,contact800@farmgate.com,1.0,0.8466666666666667,0.3157894736842103
SUP-CAT4-0801,FarmGate Supply Chain #801,Groceries,Osaka,East,contact801@harvestdirect.com,0.07407407407407407,0.05692307692307692,0.21052631578947334
SUP-CAT4-0802,FarmGate Ltd. #802,Groceries,Newark,West,contact802@harvestdirect.com,0.6296296296296297,0.8241025641025641,0.47368421052631576
SUP-CAT4-0803,Fresh Fields LLC #803,Groceries,Portland,South,contact803@farmgate.com,0.07407407407407407,0.1594871794871795,1.0
SUP-CAT4-0804,PantryPro Partners #804,Groceries,Columbus,Central,contact804@farmgate.com,0.25925925925925924,0.6594871794871795,0.0
SUP-CAT4-0805,Fresh Fields Distributors #805,Groceries,Newark,East,contact805@freshfields.com,0.48148148148148145,0.3128205128205128,0.05263157894736848
SUP-CAT4-0806,Fresh Fields Supply Chain #806,Groceries,Newark,West,contact806@freshfields.com,0.4444444444444444,0.03128205128205128,0.47368421052631576
SUP-CAT4-0807,GreenBasket Co. #807,Groceries,Columbus,North,contact807@farmgate.com,0.9259259259259259,0.3553846153846154,0.5263157894736843
SUP-CAT4-0808,Fresh Fields Trading #808,Groceries,Miami,East,contact808@freshfields.com,0.2962962962962963,0.4241025641025641,0.6315789473684212
SUP-CAT4-0809,PantryPro Distributors #809,Groceries,Phoenix,South,contact809@pantrypro.com,0.1111111111111111,0.7625641025641026,0.8421052631578946
SUP-CAT4-0810,FarmGate LLC #810,Groceries,Seattle,North,contact810@freshfields.com,0.6666666666666666,0.2917948717948718,0.3684210526315788
SUP-CAT4-0811,Harvest Direct LLC #811,Groceries,Chicago,North,contact811@greenbasket.com,0.48148148148148145,0.6066666666666667,0.2631578947368418
SUP-CAT4-0812,Fresh Fields Supply Chain #812,Groceries,Columbus,West,contact812@farmgate.com,0.5185185185185185,0.8312820512820512,1.0
SUP-CAT4-0813,GreenBasket Inc. #813,Groceries,Columbus,South,contact813@greenbasket.com,0.8888888888888888,0.6548717948717949,0.3684210526315788
SUP-CAT4-0814,Fresh Fields Co. #814,Groceries,Rotterdam,North,contact814@farmgate.com,0.9259259259259259,0.04256410256410256,0.7368421052631576
SUP-CAT4-0815,PantryPro Wholesale #815,Groceries,Portland,Central,contact815@pantrypro.com,0.2222222222222222,0.5543589743589744,0.7894736842105261
SUP-CAT4-0816,Fresh Fields LLC #816,Groceries,Osaka,South,contact816@freshfields.com,0.8888888888888888,0.7635897435897436,0.8421052631578946
SUP-CAT4-0817,FarmGate LLC #817,Groceries,Portland,East,contact817@harvestdirect.com,0.0,0.9851282051282051,0.9473684210526315
SUP-CAT4-0818,GreenBasket LLC #818,Groceries,Shenzhen,Central,contact818@freshfields.com,0.9629629629629629,0.6784615384615384,1.0
SUP-CAT4-0819,Harvest Direct Inc. #819,Groceries,Portland,North,contact819@freshfields.com,0.6296296296296297,0.47384615384615386,0.5263157894736843
SUP-CAT4-0820,GreenBasket Partners #820,Groceries,Phoenix,South,contact820@freshfields.com,0.14814814814814814,0.4938461538461538,0.6842105263157897
SUP-CAT4-0821,Fresh Fields Partners #821,Groceries,Miami,North,contact821@greenbasket.com,0.48148148148148145,0.06051282051282051,0.15789473684210487
SUP-CAT4-0822,GreenBasket Group #822,Groceries,Columbus,Central,contact822@farmgate.com,0.18518518518518517,0.4841025641025641,0.21052631578947334
SUP-CAT4-0823,PantryPro Wholesale #823,Groceries,Hanoi,North,contact823@greenbasket.com,0.7407407407407407,0.32666666666666666,0.15789473684210487
SUP-CAT4-0824,GreenBasket Supply Chain #824,Groceries,Portland,North,contact824@farmgate.com,0.2222222222222222,0.6815384615384615,0.8421052631578946
SUP-CAT4-0825,Harvest Direct Group #825,Groceries,Chicago,West,contact825@pantrypro.com,0.1111111111111111,0.9374358974358974,0.15789473684210487
SUP-CAT4-0826,Fresh Fields Wholesale #826,Groceries,Denver,West,contact826@greenbasket.com,0.6296296296296297,0.23025641025641025,0.9473684210526315
SUP-CAT4-0827,GreenBasket Distributors #827,Groceries,Newark,North,contact827@freshfields.com,0.5925925925925926,0.6594871794871795,0.6842105263157897
SUP-CAT4-0828,Harvest Direct Partners #828,Groceries,Mumbai,South,contact828@pantrypro.com,1.0,0.1635897435897436,0.4210526315789473
SUP-CAT4-0829,GreenBasket Distributors #829,Groceries,Osaka,North,contact829@greenbasket.com,0.5925925925925926,0.1712820512820513,0.47368421052631576
SUP-CAT4-0830,Fresh Fields Inc. #830,Groceries,Portland,West,contact830@freshfields.com,0.1111111111111111,0.1041025641025641,0.15789473684210487
SUP-CAT4-0831,FarmGate Group #831,Groceries,Osaka,East,contact831@greenbasket.com,0.7407407407407407,0.8548717948717949,0.6315789473684212
SUP-CAT4-0832,Harvest Direct Partners #832,Groceries,Columbus,South,contact832@greenbasket.com,0.48148148148148145,0.20307692307692307,0.6842105263157897
SUP-CAT4-0833,GreenBasket Supply Chain #833,Groceries,Denver,West,contact833@pantrypro.com,0.8518518518518519,0.3323076923076923,0.5263157894736843
SUP-CAT4-0834,Harvest Direct LLC #834,Groceries,Shenzhen,Central,contact834@pantrypro.com,0.7777777777777778,0.7564102564102564,0.2631578947368418
SUP-CAT4-0835,Fresh Fields LLC #835,Groceries,Columbus,West,contact835@freshfields.com,0.4074074074074074,0.28307692307692306,0.6315789473684212
SUP-CAT4-0836,PantryPro Partners #836,Groceries,Phoenix,East,contact836@harvestdirect.com,0.48148148148148145,0.5128205128205128,0.4210526315789473
SUP-CAT4-0837,Harvest Direct Partners #837,Groceries,Shenzhen,West,contact837@pantrypro.com,0.5555555555555556,0.21435897435897436,0.05263157894736848
SUP-CAT4-0838,Harvest Direct Inc. #838,Groceries,Shenzhen,North,contact838@freshfields.com,0.07407407407407407,0.7764102564102564,0.21052631578947334
SUP-CAT4-0839,GreenBasket Group #839,Groceries,Portland,South,contact839@pantrypro.com,0.0,0.4282051282051282,0.6842105263157897
SUP-CAT4-0840,Fresh Fields Group #840,Groceries,Denver,West,contact840@harvestdirect.com,0.8888888888888888,0.24102564102564103,0.10526315789473638
SUP-CAT4-0841,GreenBasket Supply Chain #841,Groceries,Columbus,West,contact841@harvestdirect.com,0.7777777777777778,0.7056410256410256,1.0
SUP-CAT4-0842,Fresh Fields Supply Chain #842,Groceries,Seattle,North,contact842@farmgate.com,0.5555555555555556,0.18974358974358974,0.5789473684210528
SUP-CAT4-0843,Fresh Fields Wholesale #843,Groceries,Mumbai,East,contact843@greenbasket.com,0.4444444444444444,0.4758974358974359,0.3157894736842103
SUP-CAT4-0844,GreenBasket Inc. #844,Groceries,Columbus,Central,contact844@freshfields.com,0.4074074074074074,0.6297435897435898,0.894736842105263
SUP-CAT4-0845,FarmGate Trading #845,Groceries,Denver,North,contact845@harvestdirect.com,0.9629629629629629,0.5876923076923077,0.3157894736842103
SUP-CAT4-0846,Fresh Fields Trading #846,Groceries,Miami,North,contact846@pantrypro.com,1.0,0.2692307692307692,0.8421052631578946
SUP-CAT4-0847,PantryPro LLC #847,Groceries,Chicago,Central,contact847@farmgate.com,0.6296296296296297,0.3553846153846154,0.7894736842105261
SUP-CAT4-0848,FarmGate Inc. #848,Groceries,Dallas,South,contact848@harvestdirect.com,1.0,0.43743589743589745,0.47368421052631576
SUP-CAT4-0849,GreenBasket Inc. #849,Groceries,Atlanta,South,contact849@farmgate.com,0.5185185185185185,0.6692307692307692,0.5789473684210528
SUP-CAT4-0850,PantryPro Wholesale #850,Groceries,Chicago,East,contact850@greenbasket.com,0.14814814814814814,0.7666666666666667,1.0
SUP-CAT4-0851,Fresh Fields Co. #851,Groceries,Dallas,South,contact851@greenbasket.com,0.1111111111111111,0.378974358974359,0.6315789473684212
SUP-CAT4-0852,FarmGate Trading #852,Groceries,Portland,Central,contact852@harvestdirect.com,0.7777777777777778,0.3194871794871795,0.7368421052631576
SUP-CAT4-0853,GreenBasket Group #853,Groceries,Shenzhen,Central,contact853@pantrypro.com,0.8518518518518519,0.10102564102564103,0.6842105263157897
SUP-CAT4-0854,FarmGate Partners #854,Groceries,Atlanta,West,contact854@greenbasket.com,0.8888888888888888,0.5374358974358975,0.21052631578947334
SUP-CAT4-0855,Fresh Fields Trading #855,Groceries,Osaka,South,contact855@pantrypro.com,1.0,0.7917948717948718,0.4210526315789473
SUP-CAT4-0856,PantryPro Supply Chain #856,Groceries,Shenzhen,South,contact856@greenbasket.com,0.48148148148148145,0.9712820512820513,0.3157894736842103
SUP-CAT4-0857,Harvest Direct Wholesale #857,Groceries,Mumbai,North,contact857@farmgate.com,0.5555555555555556,0.12102564102564102,0.5263157894736843
SUP-CAT4-0858,Harvest Direct Wholesale #858,Groceries,Phoenix,East,contact858@freshfields.com,0.2222222222222222,0.6933333333333334,0.2631578947368418
SUP-CAT4-0859,GreenBasket Ltd. #859,Groceries,Chicago,East,contact859@farmgate.com,0.25925925925925924,0.23282051282051283,0.7368421052631576
SUP-CAT4-0860,FarmGate Trading #860,Groceries,Osaka,North,contact860@pantrypro.com,0.5925925925925926,0.3861538461538462,0.15789473684210487
SUP-CAT4-0861,PantryPro Trading #861,Groceries,Phoenix,South,contact861@pantrypro.com,0.0,0.6641025641025641,0.5789473684210528
SUP-CAT4-0862,FarmGate Supply Chain #862,Groceries,Phoenix,North,contact862@farmgate.com,0.8518518518518519,0.92,0.2631578947368418
SUP-CAT4-0863,GreenBasket Wholesale #863,Groceries,Mumbai,South,contact863@farmgate.com,0.48148148148148145,0.7056410256410256,0.6842105263157897
SUP-CAT4-0864,Harvest Direct Inc. #864,Groceries,Rotterdam,West,contact864@farmgate.com,0.2222222222222222,0.2876923076923077,0.5789473684210528
SUP-CAT4-0865,FarmGate Group #865,Groceries,Dallas,Central,contact865@pantrypro.com,0.25925925925925924,0.8769230769230769,0.47368421052631576
SUP-CAT4-0866,Harvest Direct Trading #866,Groceries,Portland,North,contact866@pantrypro.com,0.037037037037037035,0.046153846153846156,0.4210526315789473
SUP-CAT4-0867,PantryPro Supply Chain #867,Groceries,Miami,East,contact867@greenbasket.com,0.7407407407407407,0.18615384615384614,1.0
SUP-CAT4-0868,Fresh Fields LLC #868,Groceries,Newark,West,contact868@freshfields.com,0.1111111111111111,0.28,0.05263157894736848
SUP-CAT4-0869,GreenBasket Co. #869,Groceries,Mumbai,East,contact869@greenbasket.com,0.0,0.9133333333333333,0.5789473684210528
SUP-CAT4-0870,FarmGate LLC #870,Groceries,Newark,East,contact870@greenbasket.com,0.2222222222222222,0.13794871794871794,0.47368421052631576
SUP-CAT4-0871,Fresh Fields Co. #871,Groceries,Chicago,North,contact871@pantrypro.com,0.07407407407407407,0.6569230769230769,0.21052631578947334
SUP-CAT4-0872,FarmGate Wholesale #872,Groceries,Shenzhen,South,contact872@harvestdirect.com,0.37037037037037035,0.4066666666666667,0.6315789473684212
SUP-CAT4-0873,PantryPro Inc. #873,Groceries,Newark,South,contact873@harvestdirect.com,0.37037037037037035,0.221025641025641,0.6315789473684212
SUP-CAT4-0874,Fresh Fields Group #874,Groceries,Hanoi,East,contact874@pantrypro.com,0.6296296296296297,0.8205128205128205,0.21052631578947334
SUP-CAT4-0875,GreenBasket Distributors #875,Groceries,Osaka,North,contact875@farmgate.com,0.8148148148148148,0.7723076923076924,0.7368421052631576
SUP-CAT4-0876,Harvest Direct Inc. #876,Groceries,Atlanta,West,contact876@harvestdirect.com,1.0,0.07384615384615385,0.5263157894736843
SUP-CAT4-0877,FarmGate Distributors #877,Groceries,Mumbai,North,contact877@freshfields.com,0.2962962962962963,0.4517948717948718,0.5789473684210528
SUP-CAT4-0878,FarmGate Partners #878,Groceries,Rotterdam,Central,contact878@freshfields.com,0.48148148148148145,0.6128205128205129,0.15789473684210487
SUP-CAT4-0879,Fresh Fields Trading #879,Groceries,Newark,North,contact879@freshfields.com,0.4444444444444444,0.43333333333333335,0.21052631578947334
SUP-CAT4-0880,Harvest Direct LLC #880,Groceries,Mumbai,North,contact880@pantrypro.com,0.2222222222222222,0.39794871794871794,0.7368421052631576
SUP-CAT4-0881,Fresh Fields Ltd. #881,Groceries,Denver,South,contact881@farmgate.com,0.7777777777777778,0.4707692307692308,0.0
SUP-CAT4-0882,FarmGate Inc. #882,Groceries,Osaka,North,contact882@freshfields.com,0.2222222222222222,0.5753846153846154,0.3684210526315788
SUP-CAT4-0883,PantryPro Supply Chain #883,Groceries,Columbus,East,contact883@pantrypro.com,0.5185185185185185,0.5743589743589743,0.47368421052631576
SUP-CAT4-0884,PantryPro Distributors #884,Groceries,Atlanta,West,contact884@harvestdirect.com,0.9629629629629629,0.3035897435897436,0.5263157894736843
SUP-CAT4-0885,PantryPro Supply Chain #885,Groceries,Phoenix,South,contact885@greenbasket.com,0.5925925925925926,0.5861538461538461,0.0
SUP-CAT4-0886,GreenBasket Co. #886,Groceries,Newark,South,contact886@farmgate.com,0.2962962962962963,0.798974358974359,0.3157894736842103
SUP-CAT4-0887,FarmGate Distributors #887,Groceries,Chicago,Central,contact887@harvestdirect.com,0.4074074074074074,0.02564102564102564,0.894736842105263
SUP-CAT4-0888,Harvest Direct Co. #888,Groceries,Mumbai,South,contact888@pantrypro.com,0.7407407407407407,0.4835897435897436,0.5263157894736843
SUP-CAT4-0889,PantryPro Distributors #889,Groceries,Denver,South,contact889@greenbasket.com,0.9629629629629629,0.6405128205128205,0.21052631578947334
SUP-CAT4-0890,PantryPro Inc. #890,Groceries,Dallas,North,contact890@pantrypro.com,0.7407407407407407,0.9728205128205129,0.9473684210526315
SUP-CAT4-0891,Harvest Direct Supply Chain #891,Groceries,Seattle,South,contact891@harvestdirect.com,0.07407407407407407,0.9461538461538461,0.05263157894736848
SUP-CAT4-0892,Fresh Fields Co. #892,Groceries,Seattle,South,contact892@pantrypro.com,0.3333333333333333,0.6164102564102564,0.21052631578947334
SUP-CAT4-0893,Harvest Direct Co. #893,Groceries,Mumbai,Central,contact893@farmgate.com,0.9629629629629629,0.13794871794871794,0.894736842105263
SUP-CAT4-0894,Fresh Fields Trading #894,Groceries,Portland,Central,contact894@freshfields.com,0.6666666666666666,0.5487179487179488,0.3684210526315788
SUP-CAT4-0895,Fresh Fields Wholesale #895,Groceries,Dallas,South,contact895@pantrypro.com,0.07407407407407407,0.6728205128205128,0.894736842105263
SUP-CAT4-0896,PantryPro Partners #896,Groceries,Shenzhen,West,contact896@greenbasket.com,0.0,0.39384615384615385,0.5263157894736843
SUP-CAT4-0897,FarmGate Ltd. #897,Groceries,Denver,West,contact897@harvestdirect.com,0.18518518518518517,0.9358974358974359,0.15789473684210487
SUP-CAT4-0898,PantryPro Inc. #898,Groceries,Dallas,West,contact898@pantrypro.com,0.9629629629629629,0.5323076923076923,0.894736842105263
SUP-CAT4-0899,PantryPro Ltd. #899,Groceries,Seattle,West,contact899@pantrypro.com,0.48148148148148145,0.24820512820512822,0.9473684210526315
SUP-CAT4-0900,GreenBasket Ltd. #900,Groceries,Phoenix,North,contact900@harvestdirect.com,0.7037037037037037,0.7835897435897435,0.5789473684210528
SUP-CAT4-0901,PantryPro Wholesale #901,Groceries,Atlanta,East,contact901@greenbasket.com,0.5925925925925926,0.9246153846153846,0.6315789473684212
SUP-CAT4-0902,GreenBasket Wholesale #902,Groceries,Denver,Central,contact902@greenbasket.com,0.0,0.8066666666666666,0.894736842105263
SUP-CAT4-0903,GreenBasket Trading #903,Groceries,Atlanta,North,contact903@pantrypro.com,0.25925925925925924,0.010769230769230769,0.15789473684210487
SUP-CAT4-0904,Harvest Direct Inc. #904,Groceries,Chicago,Central,contact904@greenbasket.com,0.9259259259259259,0.08615384615384615,0.21052631578947334
SUP-CAT4-0905,FarmGate Partners #905,Groceries,Denver,Central,contact905@farmgate.com,0.0,0.7476923076923077,0.7894736842105261
SUP-CAT4-0906,Fresh Fields Supply Chain #906,Groceries,Columbus,West,contact906@greenbasket.com,0.7037037037037037,0.49435897435897436,0.6315789473684212
SUP-CAT4-0907,Harvest Direct Distributors #907,Groceries,Osaka,North,contact907@pantrypro.com,0.5185185185185185,0.4574358974358974,0.10526315789473638
SUP-CAT4-0908,FarmGate Ltd. #908,Groceries,Osaka,South,contact908@freshfields.com,0.18518518518518517,0.16256410256410256,0.2631578947368418
SUP-CAT4-0909,Harvest Direct Distributors #909,Groceries,Mumbai,Central,contact909@farmgate.com,0.8888888888888888,0.8758974358974358,0.4210526315789473
SUP-CAT4-0910,Harvest Direct Partners #910,Groceries,Portland,South,contact910@greenbasket.com,0.25925925925925924,0.6548717948717949,0.0
SUP-CAT4-0911,GreenBasket Supply Chain #911,Groceries,Newark,North,contact911@pantrypro.com,0.1111111111111111,0.26615384615384613,0.6315789473684212
SUP-CAT4-0912,GreenBasket LLC #912,Groceries,Columbus,North,contact912@harvestdirect.com,0.8518518518518519,0.78,0.47368421052631576
SUP-CAT4-0913,Fresh Fields Wholesale #913,Groceries,Seattle,North,contact913@farmgate.com,0.5925925925925926,0.8194871794871795,0.8421052631578946
SUP-CAT4-0914,PantryPro Co. #914,Groceries,Newark,North,contact914@greenbasket.com,0.6296296296296297,0.24871794871794872,0.7368421052631576
SUP-CAT4-0915,Harvest Direct Supply Chain #915,Groceries,Dallas,North,contact915@greenbasket.com,0.48148148148148145,0.07384615384615385,0.7368421052631576
SUP-CAT4-0916,PantryPro Group #916,Groceries,Columbus,South,contact916@pantrypro.com,0.07407407407407407,0.7215384615384616,0.8421052631578946
SUP-CAT4-0917,GreenBasket Distributors #917,Groceries,Phoenix,South,contact917@pantrypro.com,0.18518518518518517,0.08717948717948718,0.21052631578947334
SUP-CAT4-0918,Harvest Direct Inc. #918,Groceries,Mumbai,South,contact918@freshfields.com,0.5185185185185185,0.15282051282051282,0.15789473684210487
SUP-CAT4-0919,GreenBasket LLC #919,Groceries,Mumbai,Central,contact919@pantrypro.com,0.0,0.5841025641025641,0.6842105263157897
SUP-CAT4-0920,Harvest Direct Inc. #920,Groceries,Phoenix,East,contact920@pantrypro.com,0.07407407407407407,0.6358974358974359,0.7894736842105261
SUP-CAT4-0921,FarmGate Ltd. #921,Groceries,Dallas,East,contact921@greenbasket.com,0.48148148148148145,0.662051282051282,0.8421052631578946
SUP-CAT4-0922,GreenBasket Trading #922,Groceries,Miami,South,contact922@freshfields.com,0.5925925925925926,0.4035897435897436,0.8421052631578946
SUP-CAT4-0923,Fresh Fields Partners #923,Groceries,Phoenix,North,contact923@pantrypro.com,0.0,0.06358974358974359,0.894736842105263
SUP-CAT4-0924,PantryPro Distributors #924,Groceries,Newark,North,contact924@freshfields.com,0.0,0.48923076923076925,0.5789473684210528
SUP-CAT4-0925,GreenBasket Trading #925,Groceries,Rotterdam,North,contact925@harvestdirect.com,0.07407407407407407,0.23692307692307693,0.9473684210526315
SUP-CAT4-0926,FarmGate Co. #926,Groceries,Mumbai,South,contact926@freshfields.com,0.25925925925925924,0.3071794871794872,0.5263157894736843
SUP-CAT4-0927,FarmGate Ltd. #927,Groceries,Seattle,North,contact927@freshfields.com,0.4074074074074074,0.5953846153846154,0.6315789473684212
SUP-CAT4-0928,FarmGate Wholesale #928,Groceries,Portland,South,contact928@farmgate.com,0.7407407407407407,0.24717948717948718,0.6842105263157897
SUP-CAT4-0929,FarmGate Partners #929,Groceries,Rotterdam,West,contact929@pantrypro.com,0.14814814814814814,0.23282051282051283,0.894736842105263
SUP-CAT4-0930,Harvest Direct Distributors #930,Groceries,Phoenix,South,contact930@greenbasket.com,0.18518518518518517,0.9574358974358974,0.5263157894736843
SUP-CAT4-0931,GreenBasket LLC #931,Groceries,Portland,East,contact931@greenbasket.com,0.7037037037037037,0.9066666666666666,0.3684210526315788
SUP-CAT4-0932,Harvest Direct Group #932,Groceries,Portland,North,contact932@farmgate.com,0.3333333333333333,0.7302564102564103,0.6315789473684212
SUP-CAT4-0933,Harvest Direct Group #933,Groceries,Osaka,Central,contact933@farmgate.com,0.2222222222222222,0.6041025641025641,0.8421052631578946
SUP-CAT4-0934,PantryPro Distributors #934,Groceries,Atlanta,South,contact934@farmgate.com,0.6666666666666666,0.6317948717948718,0.4210526315789473
SUP-CAT4-0935,Harvest Direct Inc. #935,Groceries,Chicago,South,contact935@greenbasket.com,1.0,0.6912820512820513,0.7368421052631576
SUP-CAT4-0936,Fresh Fields Supply Chain #936,Groceries,Mumbai,South,contact936@harvestdirect.com,0.7037037037037037,0.3958974358974359,0.3157894736842103
SUP-CAT4-0937,Harvest Direct Wholesale #937,Groceries,Phoenix,Central,contact937@greenbasket.com,0.7407407407407407,0.23692307692307693,0.3157894736842103
SUP-CAT4-0938,GreenBasket Supply Chain #938,Groceries,Hanoi,North,contact938@pantrypro.com,0.18518518518518517,0.5743589743589743,0.4210526315789473
SUP-CAT4-0939,FarmGate Inc. #939,Groceries,Atlanta,North,contact939@pantrypro.com,0.7037037037037037,0.44769230769230767,0.9473684210526315
SUP-CAT4-0940,GreenBasket Group #940,Groceries,Denver,East,contact940@freshfields.com,0.3333333333333333,0.7794871794871795,0.7368421052631576
SUP-CAT4-0941,FarmGate Co. #941,Groceries,Columbus,Central,contact941@greenbasket.com,0.1111111111111111,0.9194871794871795,0.15789473684210487
SUP-CAT4-0942,PantryPro Trading #942,Groceries,Dallas,Central,contact942@greenbasket.com,0.18518518518518517,0.8548717948717949,0.6842105263157897
SUP-CAT4-0943,FarmGate Supply Chain #943,Groceries,Newark,Central,contact943@harvestdirect.com,0.2962962962962963,0.2235897435897436,0.47368421052631576
SUP-CAT4-0944,Fresh Fields Supply Chain #944,Groceries,Rotterdam,North,contact944@farmgate.com,0.6296296296296297,0.44461538461538463,0.5263157894736843
SUP-CAT4-0945,Harvest Direct Wholesale #945,Groceries,Osaka,South,contact945@harvestdirect.com,0.2962962962962963,0.8184615384615385,0.05263157894736848
SUP-CAT4-0946,FarmGate Distributors #946,Groceries,Shenzhen,North,contact946@harvestdirect.com,0.6296296296296297,0.3748717948717949,0.5789473684210528
SUP-CAT4-0947,Fresh Fields Supply Chain #947,Groceries,Miami,Central,contact947@freshfields.com,0.5555555555555556,0.09743589743589744,0.05263157894736848
SUP-CAT4-0948,PantryPro LLC #948,Groceries,Rotterdam,North,contact948@harvestdirect.com,0.7037037037037037,0.961025641025641,0.5263157894736843
SUP-CAT4-0949,PantryPro Partners #949,Groceries,Phoenix,South,contact949@harvestdirect.com,0.1111111111111111,0.8687179487179487,0.7894736842105261
SUP-CAT4-0950,PantryPro Partners #950,Groceries,Dallas,East,contact950@farmgate.com,0.8888888888888888,0.010256410256410256,0.7894736842105261
SUP-CAT4-0951,PantryPro Trading #951,Groceries,Dallas,Central,contact951@pantrypro.com,0.2962962962962963,0.0015384615384615385,0.15789473684210487
SUP-CAT4-0952,Fresh Fields Partners #952,Groceries,Dallas,South,contact952@pantrypro.com,0.5185185185185185,0.5543589743589744,0.05263157894736848
SUP-CAT4-0953,GreenBasket Wholesale #953,Groceries,Portland,West,contact953@pantrypro.com,0.07407407407407407,0.10717948717948718,0.5263157894736843
SUP-CAT4-0954,PantryPro Inc. #954,Groceries,Miami,South,contact954@farmgate.com,0.4444444444444444,0.9846153846153847,0.3684210526315788
SUP-CAT4-0955,PantryPro Inc. #955,Groceries,Miami,South,contact955@farmgate.com,0.037037037037037035,0.637948717948718,0.0
SUP-CAT4-0956,Harvest Direct Group #956,Groceries,Hanoi,West,contact956@harvestdirect.com,0.0,0.12102564102564102,0.6315789473684212
SUP-CAT4-0957,FarmGate Supply Chain #957,Groceries,Hanoi,West,contact957@harvestdirect.com,0.5185185185185185,0.8348717948717949,0.7368421052631576
SUP-CAT4-0958,GreenBasket Group #958,Groceries,Miami,Central,contact958@harvestdirect.com,0.48148148148148145,0.9374358974358974,0.05263157894736848
SUP-CAT4-0959,GreenBasket Trading #959,Groceries,Chicago,North,contact959@pantrypro.com,0.5185185185185185,0.378974358974359,0.5263157894736843
SUP-CAT4-0960,FarmGate Group #960,Groceries,Portland,East,contact960@harvestdirect.com,0.5925925925925926,0.31435897435897436,0.9473684210526315
SUP-CAT4-0961,Fresh Fields Ltd. #961,Groceries,Osaka,Central,contact961@harvestdirect.com,0.9629629629629629,0.6169230769230769,0.9473684210526315
SUP-CAT4-0962,Fresh Fields Inc. #962,Groceries,Chicago,Central,contact962@freshfields.com,0.7777777777777778,0.4625641025641026,0.3684210526315788
SUP-CAT4-0963,Harvest Direct Partners #963,Groceries,Denver,Central,contact963@greenbasket.com,0.037037037037037035,0.8553846153846154,0.3157894736842103
SUP-CAT4-0964,PantryPro Group #964,Groceries,Shenzhen,East,contact964@greenbasket.com,0.0,0.2241025641025641,0.7894736842105261
SUP-CAT4-0965,GreenBasket Inc. #965,Groceries,Chicago,South,contact965@pantrypro.com,0.9259259259259259,0.4748717948717949,0.4210526315789473
SUP-CAT4-0966,Fresh Fields Distributors #966,Groceries,Chicago,South,contact966@farmgate.com,0.5555555555555556,0.46923076923076923,0.3684210526315788
SUP-CAT4-0967,Fresh Fields Ltd. #967,Groceries,Mumbai,South,contact967@freshfields.com,0.25925925925925924,0.6994871794871795,0.2631578947368418
SUP-CAT4-0968,PantryPro Wholesale #968,Groceries,Seattle,South,contact968@freshfields.com,0.8888888888888888,0.16923076923076924,0.21052631578947334
SUP-CAT4-0969,Harvest Direct Co. #969,Groceries,Denver,West,contact969@pantrypro.com,0.0,0.10358974358974359,0.21052631578947334
SUP-CAT4-0970,GreenBasket LLC #970,Groceries,Mumbai,North,contact970@farmgate.com,0.6666666666666666,0.5138461538461538,0.5263157894736843
SUP-CAT4-0971,Fresh Fields LLC #971,Groceries,Seattle,North,contact971@freshfields.com,0.1111111111111111,0.5682051282051283,0.47368421052631576
SUP-CAT4-0972,Fresh Fields Wholesale #972,Groceries,Hanoi,East,contact972@harvestdirect.com,0.2962962962962963,0.48307692307692307,0.894736842105263
SUP-CAT4-0973,Harvest Direct Partners #973,Groceries,Chicago,West,contact973@harvestdirect.com,0.3333333333333333,0.9097435897435897,0.05263157894736848
SUP-CAT4-0974,FarmGate Group #974,Groceries,Chicago,South,contact974@pantrypro.com,0.7777777777777778,0.8969230769230769,0.4210526315789473
SUP-CAT4-0975,Fresh Fields LLC #975,Groceries,Newark,West,contact975@harvestdirect.com,0.9259259259259259,0.32564102564102565,0.7368421052631576
SUP-CAT4-0976,PantryPro LLC #976,Groceries,Dallas,East,contact976@harvestdirect.com,0.6666666666666666,0.25384615384615383,0.47368421052631576
SUP-CAT4-0977,PantryPro Distributors #977,Groceries,Columbus,Central,contact977@farmgate.com,0.07407407407407407,0.8584615384615385,0.47368421052631576
SUP-CAT4-0978,FarmGate LLC #978,Groceries,Rotterdam,West,contact978@harvestdirect.com,0.7407407407407407,0.637948717948718,0.6315789473684212
SUP-CAT4-0979,Fresh Fields Supply Chain #979,Groceries,Phoenix,West,contact979@freshfields.com,0.6666666666666666,0.7082051282051282,0.05263157894736848
SUP-CAT4-0980,Harvest Direct Supply Chain #980,Groceries,Denver,North,contact980@pantrypro.com,0.5925925925925926,0.057435897435897436,0.4210526315789473
SUP-CAT4-0981,PantryPro Group #981,Groceries,Phoenix,East,contact981@greenbasket.com,0.5185185185185185,0.17897435897435898,0.47368421052631576
SUP-CAT4-0982,GreenBasket Ltd. #982,Groceries,Miami,North,contact982@farmgate.com,0.25925925925925924,0.8548717948717949,0.0
SUP-CAT4-0983,PantryPro Ltd. #983,Groceries,Phoenix,Central,contact983@harvestdirect.com,0.6666666666666666,0.12102564102564102,0.21052631578947334
SUP-CAT4-0984,Fresh Fields Co. #984,Groceries,Newark,West,contact984@freshfields.com,0.9259259259259259,0.4082051282051282,0.3157894736842103
SUP-CAT4-0985,Harvest Direct Trading #985,Groceries,Chicago,South,contact985@greenbasket.com,0.14814814814814814,0.5620512820512821,0.7368421052631576
SUP-CAT4-0986,Fresh Fields Supply Chain #986,Groceries,Portland,South,contact986@farmgate.com,0.1111111111111111,0.48923076923076925,0.05263157894736848
SUP-CAT4-0987,Fresh Fields Partners #987,Groceries,Dallas,South,contact987@pantrypro.com,0.7407407407407407,0.821025641025641,0.05263157894736848
SUP-CAT4-0988,FarmGate Group #988,Groceries,Chicago,Central,contact988@farmgate.com,0.5185185185185185,0.8517948717948718,0.7894736842105261
SUP-CAT4-0989,FarmGate Distributors #989,Groceries,Miami,East,contact989@pantrypro.com,0.8518518518518519,0.2994871794871795,0.7894736842105261
SUP-CAT4-0990,Fresh Fields Group #990,Groceries,Shenzhen,South,contact990@harvestdirect.com,0.6296296296296297,0.03641025641025641,0.7894736842105261
SUP-CAT4-0991,FarmGate Inc. #991,Groceries,Mumbai,Central,contact991@greenbasket.com,0.25925925925925924,0.6861538461538461,1.0
SUP-CAT4-0992,GreenBasket Wholesale #992,Groceries,Chicago,North,contact992@farmgate.com,0.8518518518518519,0.9123076923076923,0.05263157894736848
SUP-CAT4-0993,PantryPro Wholesale #993,Groceries,Newark,West,contact993@pantrypro.com,0.6666666666666666,0.06358974358974359,0.21052631578947334
SUP-CAT4-0994,Fresh Fields Trading #994,Groceries,Newark,West,contact994@farmgate.com,0.14814814814814814,0.08512820512820513,0.9473684210526315
SUP-CAT4-0995,FarmGate Inc. #995,Groceries,Hanoi,North,contact995@farmgate.com,0.2222222222222222,0.9538461538461539,0.6315789473684212
SUP-CAT4-0996,Fresh Fields Inc. #996,Groceries,Hanoi,Central,contact996@harvestdirect.com,0.7037037037037037,0.7333333333333333,0.05263157894736848
SUP-CAT4-0997,FarmGate Ltd. #997,Groceries,Portland,East,contact997@harvestdirect.com,0.037037037037037035,0.941025641025641,0.21052631578947334
SUP-CAT4-0998,Harvest Direct Trading #998,Groceries,Denver,North,contact998@freshfields.com,0.5555555555555556,0.9482051282051283,0.2631578947368418
SUP-CAT4-0999,FarmGate Co. #999,Groceries,Atlanta,East,contact999@harvestdirect.com,0.5925925925925926,0.6143589743589744,0.21052631578947334
SUP-CAT4-1000,GreenBasket Trading #1000,Groceries,Atlanta,West,contact1000@freshfields.com,0.037037037037037035,0.030256410256410255,0.8421052631578946
SUP-CAT5-0001,ToyForge Ltd. #1,Toys,Phoenix,Central,contact1@toyforge.com,0.8148148148148148,0.9656410256410256,0.3684210526315788
SUP-CAT5-0002,BrightPlay Group #2,Toys,Dallas,Central,contact2@wondermakers.com,0.6296296296296297,0.3343589743589744,0.8421052631578946
SUP-CAT5-0003,FunCraft Group #3,Toys,Shenzhen,South,contact3@toyforge.com,0.2222222222222222,0.25435897435897437,0.9473684210526315
SUP-CAT5-0004,Playtime Imports Group #4,Toys,Dallas,West,contact4@playtimeimports.com,0.6666666666666666,0.3374358974358974,0.6842105263157897
SUP-CAT5-0005,FunCraft LLC #5,Toys,Miami,Central,contact5@brightplay.com,0.25925925925925924,0.38358974358974357,0.5789473684210528
SUP-CAT5-0006,ToyForge Group #6,Toys,Hanoi,West,contact6@wondermakers.com,0.8518518518518519,0.6476923076923077,0.8421052631578946
SUP-CAT5-0007,FunCraft Distributors #7,Toys,Atlanta,South,contact7@playtimeimports.com,0.9259259259259259,0.2194871794871795,1.0
SUP-CAT5-0008,Wondermakers Wholesale #8,Toys,Rotterdam,East,contact8@toyforge.com,0.2962962962962963,0.9046153846153846,0.0
SUP-CAT5-0009,BrightPlay Wholesale #9,Toys,Phoenix,Central,contact9@toyforge.com,0.6666666666666666,0.8569230769230769,0.21052631578947334
SUP-CAT5-0010,FunCraft Inc. #10,Toys,Columbus,South,contact10@playtimeimports.com,0.0,0.012307692307692308,0.4210526315789473
SUP-CAT5-0011,BrightPlay Group #11,Toys,Miami,East,contact11@wondermakers.com,0.37037037037037035,0.4794871794871795,0.9473684210526315
SUP-CAT5-0012,FunCraft Ltd. #12,Toys,Dallas,Central,contact12@playtimeimports.com,0.48148148148148145,0.0835897435897436,0.9473684210526315
SUP-CAT5-0013,Wondermakers Distributors #13,Toys,Newark,West,contact13@brightplay.com,0.25925925925925924,0.4553846153846154,0.7894736842105261
SUP-CAT5-0014,FunCraft Trading #14,Toys,Miami,Central,contact14@playtimeimports.com,0.6666666666666666,0.7246153846153847,0.10526315789473638
SUP-CAT5-0015,Wondermakers Ltd. #15,Toys,Newark,North,contact15@wondermakers.com,0.4074074074074074,0.8528205128205129,0.894736842105263
SUP-CAT5-0016,BrightPlay Supply Chain #16,Toys,Dallas,North,contact16@toyforge.com,0.6296296296296297,0.921025641025641,0.15789473684210487
SUP-CAT5-0017,Playtime Imports Inc. #17,Toys,Portland,Central,contact17@brightplay.com,0.4074074074074074,0.027692307692307693,0.8421052631578946
SUP-CAT5-0018,Wondermakers LLC #18,Toys,Dallas,West,contact18@toyforge.com,0.4074074074074074,0.10307692307692308,0.2631578947368418
SUP-CAT5-0019,ToyForge Distributors #19,Toys,Newark,North,contact19@brightplay.com,0.2962962962962963,0.5466666666666666,0.15789473684210487
SUP-CAT5-0020,FunCraft Supply Chain #20,Toys,Atlanta,North,contact20@brightplay.com,1.0,0.8374358974358974,0.5263157894736843
SUP-CAT5-0021,BrightPlay LLC #21,Toys,Newark,North,contact21@toyforge.com,0.9629629629629629,0.42102564102564105,0.5263157894736843
SUP-CAT5-0022,Playtime Imports Inc. #22,Toys,Osaka,West,contact22@playtimeimports.com,0.6296296296296297,0.009743589743589744,0.5789473684210528
SUP-CAT5-0023,FunCraft LLC #23,Toys,Chicago,Central,contact23@brightplay.com,0.2222222222222222,0.14666666666666667,0.9473684210526315
SUP-CAT5-0024,ToyForge Trading #24,Toys,Shenzhen,North,contact24@toyforge.com,0.18518518518518517,0.7938461538461539,0.4210526315789473
SUP-CAT5-0025,Playtime Imports Trading #25,Toys,Columbus,East,contact25@brightplay.com,0.1111111111111111,0.5071794871794871,0.0
SUP-CAT5-0026,Playtime Imports Ltd. #26,Toys,Seattle,East,contact26@wondermakers.com,0.3333333333333333,0.2594871794871795,0.5789473684210528
SUP-CAT5-0027,Wondermakers Inc. #27,Toys,Dallas,North,contact27@toyforge.com,0.7037037037037037,0.258974358974359,0.7894736842105261
SUP-CAT5-0028,BrightPlay LLC #28,Toys,Mumbai,West,contact28@playtimeimports.com,0.4074074074074074,0.2364102564102564,0.9473684210526315
SUP-CAT5-0029,BrightPlay Group #29,Toys,Mumbai,Central,contact29@playtimeimports.com,0.1111111111111111,0.8871794871794871,0.6315789473684212
SUP-CAT5-0030,FunCraft Co. #30,Toys,Denver,East,contact30@playtimeimports.com,0.8518518518518519,0.6564102564102564,0.21052631578947334
SUP-CAT5-0031,Playtime Imports Co. #31,Toys,Rotterdam,North,contact31@funcraft.com,0.7037037037037037,0.03128205128205128,0.15789473684210487
SUP-CAT5-0032,Playtime Imports Co. #32,Toys,Newark,South,contact32@wondermakers.com,0.5925925925925926,0.3769230769230769,0.7368421052631576
SUP-CAT5-0033,BrightPlay Wholesale #33,Toys,Columbus,North,contact33@toyforge.com,0.3333333333333333,0.46974358974358976,0.6315789473684212
SUP-CAT5-0034,BrightPlay Partners #34,Toys,Columbus,West,contact34@playtimeimports.com,0.1111111111111111,0.9220512820512821,0.6842105263157897
SUP-CAT5-0035,FunCraft Co. #35,Toys,Columbus,Central,contact35@brightplay.com,0.4074074074074074,0.17076923076923076,0.4210526315789473
SUP-CAT5-0036,Playtime Imports Wholesale #36,Toys,Newark,East,contact36@wondermakers.com,0.25925925925925924,0.23743589743589744,0.15789473684210487
SUP-CAT5-0037,ToyForge Partners #37,Toys,Seattle,North,contact37@playtimeimports.com,0.48148148148148145,0.3564102564102564,0.3157894736842103
SUP-CAT5-0038,FunCraft Distributors #38,Toys,Chicago,North,contact38@brightplay.com,0.7777777777777778,0.25025641025641027,0.8421052631578946
SUP-CAT5-0039,Playtime Imports Co. #39,Toys,Portland,Central,contact39@wondermakers.com,0.8518518518518519,0.601025641025641,0.6315789473684212
SUP-CAT5-0040,FunCraft Distributors #40,Toys,Mumbai,East,contact40@wondermakers.com,1.0,0.8302564102564103,0.10526315789473638
SUP-CAT5-0041,ToyForge Trading #41,Toys,Phoenix,Central,contact41@playtimeimports.com,0.9259259259259259,0.22923076923076924,0.8421052631578946
SUP-CAT5-0042,FunCraft Supply Chain #42,Toys,Dallas,South,contact42@wondermakers.com,0.7777777777777778,0.028717948717948718,0.6315789473684212
SUP-CAT5-0043,FunCraft LLC #43,Toys,Chicago,West,contact43@playtimeimports.com,0.2962962962962963,0.6343589743589744,0.8421052631578946
SUP-CAT5-0044,Playtime Imports Ltd. #44,Toys,Seattle,Central,contact44@toyforge.com,0.8518518518518519,0.8420512820512821,0.2631578947368418
SUP-CAT5-0045,Playtime Imports Trading #45,Toys,Miami,East,contact45@toyforge.com,0.25925925925925924,0.5553846153846154,0.21052631578947334
SUP-CAT5-0046,FunCraft LLC #46,Toys,Chicago,South,contact46@wondermakers.com,0.3333333333333333,0.3994871794871795,0.3684210526315788
SUP-CAT5-0047,ToyForge Supply Chain #47,Toys,Portland,South,contact47@playtimeimports.com,0.7037037037037037,0.27487179487179486,0.9473684210526315
SUP-CAT5-0048,ToyForge Trading #48,Toys,Seattle,South,contact48@funcraft.com,0.7407407407407407,0.39179487179487177,0.3157894736842103
SUP-CAT5-0049,Wondermakers Ltd. #49,Toys,Shenzhen,West,contact49@brightplay.com,0.3333333333333333,0.3933333333333333,0.21052631578947334
SUP-CAT5-0050,BrightPlay Co. #50,Toys,Chicago,North,contact50@toyforge.com,0.6296296296296297,0.4882051282051282,0.5263157894736843
SUP-CAT5-0051,FunCraft Wholesale #51,Toys,Osaka,West,contact51@toyforge.com,0.4444444444444444,0.6687179487179488,0.47368421052631576
SUP-CAT5-0052,BrightPlay Inc. #52,Toys,Atlanta,East,contact52@brightplay.com,0.2222222222222222,0.6887179487179487,0.4210526315789473
SUP-CAT5-0053,Wondermakers Distributors #53,Toys,Shenzhen,South,contact53@wondermakers.com,0.037037037037037035,0.2953846153846154,0.5789473684210528
SUP-CAT5-0054,Playtime Imports LLC #54,Toys,Newark,East,contact54@playtimeimports.com,0.5555555555555556,0.09846153846153846,0.3157894736842103
SUP-CAT5-0055,Playtime Imports Ltd. #55,Toys,Newark,East,contact55@wondermakers.com,0.6666666666666666,0.11897435897435897,0.894736842105263
SUP-CAT5-0056,Playtime Imports Trading #56,Toys,Columbus,South,contact56@toyforge.com,0.7407407407407407,0.7917948717948718,0.7368421052631576
SUP-CAT5-0057,FunCraft Group #57,Toys,Miami,East,contact57@wondermakers.com,0.6666666666666666,0.5241025641025641,0.894736842105263
SUP-CAT5-0058,Playtime Imports Inc. #58,Toys,Phoenix,South,contact58@funcraft.com,0.7407407407407407,0.49128205128205127,0.5789473684210528
SUP-CAT5-0059,BrightPlay Trading #59,Toys,Rotterdam,South,contact59@wondermakers.com,0.9259259259259259,0.25846153846153846,0.894736842105263
SUP-CAT5-0060,ToyForge Supply Chain #60,Toys,Miami,South,contact60@brightplay.com,0.9259259259259259,0.03487179487179487,0.4210526315789473
SUP-CAT5-0061,ToyForge Inc. #61,Toys,Columbus,North,contact61@toyforge.com,0.5555555555555556,0.23384615384615384,0.0
SUP-CAT5-0062,Playtime Imports Inc. #62,Toys,Miami,West,contact62@playtimeimports.com,0.4444444444444444,0.6635897435897435,0.4210526315789473
SUP-CAT5-0063,Playtime Imports Trading #63,Toys,Denver,West,contact63@wondermakers.com,0.5185185185185185,0.7112820512820512,0.894736842105263
SUP-CAT5-0064,Playtime Imports Supply Chain #64,Toys,Phoenix,South,contact64@brightplay.com,0.4444444444444444,0.2743589743589744,0.3684210526315788
SUP-CAT5-0065,Playtime Imports Wholesale #65,Toys,Mumbai,North,contact65@brightplay.com,0.0,0.5292307692307693,0.21052631578947334
SUP-CAT5-0066,ToyForge Distributors #66,Toys,Hanoi,Central,contact66@wondermakers.com,0.6296296296296297,0.221025641025641,0.5263157894736843
SUP-CAT5-0067,Wondermakers LLC #67,Toys,Seattle,East,contact67@toyforge.com,0.5185185185185185,0.563076923076923,0.6315789473684212
SUP-CAT5-0068,Playtime Imports Wholesale #68,Toys,Columbus,East,contact68@wondermakers.com,1.0,0.28205128205128205,0.9473684210526315
SUP-CAT5-0069,ToyForge LLC #69,Toys,Atlanta,South,contact69@playtimeimports.com,0.4074074074074074,0.10153846153846154,0.6315789473684212
SUP-CAT5-0070,ToyForge Co. #70,Toys,Atlanta,Central,contact70@brightplay.com,0.4444444444444444,0.9646153846153847,0.2631578947368418
SUP-CAT5-0071,FunCraft Inc. #71,Toys,Shenzhen,East,contact71@playtimeimports.com,0.6666666666666666,0.5887179487179487,0.4210526315789473
SUP-CAT5-0072,BrightPlay Wholesale #72,Toys,Rotterdam,East,contact72@playtimeimports.com,0.14814814814814814,0.18666666666666668,0.9473684210526315
SUP-CAT5-0073,Wondermakers LLC #73,Toys,Chicago,North,contact73@brightplay.com,0.5185185185185185,0.04153846153846154,0.7368421052631576
SUP-CAT5-0074,Wondermakers Inc. #74,Toys,Portland,Central,contact74@funcraft.com,0.14814814814814814,0.37435897435897436,0.21052631578947334
SUP-CAT5-0075,Wondermakers Supply Chain #75,Toys,Newark,East,contact75@brightplay.com,0.1111111111111111,0.2323076923076923,0.3684210526315788
SUP-CAT5-0076,BrightPlay Group #76,Toys,Dallas,West,contact76@wondermakers.com,0.7777777777777778,0.703076923076923,0.894736842105263
SUP-CAT5-0077,ToyForge Group #77,Toys,Miami,Central,contact77@funcraft.com,0.9259259259259259,0.30153846153846153,0.47368421052631576
SUP-CAT5-0078,BrightPlay LLC #78,Toys,Rotterdam,East,contact78@brightplay.com,0.18518518518518517,0.7707692307692308,0.15789473684210487
SUP-CAT5-0079,Playtime Imports Supply Chain #79,Toys,Newark,South,contact79@funcraft.com,0.9629629629629629,0.7256410256410256,0.7368421052631576
SUP-CAT5-0080,Playtime Imports Inc. #80,Toys,Newark,North,contact80@brightplay.com,0.18518518518518517,0.7297435897435898,0.0
SUP-CAT5-0081,Wondermakers Ltd. #81,Toys,Denver,North,contact81@wondermakers.com,0.5185185185185185,0.2641025641025641,0.8421052631578946
SUP-CAT5-0082,FunCraft Partners #82,Toys,Shenzhen,North,contact82@funcraft.com,0.9629629629629629,0.8056410256410257,0.7894736842105261
SUP-CAT5-0083,ToyForge Partners #83,Toys,Denver,North,contact83@wondermakers.com,0.7777777777777778,0.10615384615384615,0.6315789473684212
SUP-CAT5-0084,Wondermakers LLC #84,Toys,Newark,West,contact84@brightplay.com,0.0,0.5846153846153846,0.3157894736842103
SUP-CAT5-0085,ToyForge Partners #85,Toys,Newark,North,contact85@brightplay.com,0.5185185185185185,0.10205128205128206,0.5789473684210528
SUP-CAT5-0086,FunCraft Supply Chain #86,Toys,Hanoi,South,contact86@playtimeimports.com,0.2962962962962963,0.9241025641025641,0.8421052631578946
SUP-CAT5-0087,Playtime Imports Ltd. #87,Toys,Chicago,North,contact87@playtimeimports.com,0.1111111111111111,0.8892307692307693,0.6842105263157897
SUP-CAT5-0088,Wondermakers Partners #88,Toys,Osaka,Central,contact88@wondermakers.com,0.07407407407407407,0.8825641025641026,0.47368421052631576
SUP-CAT5-0089,BrightPlay Supply Chain #89,Toys,Newark,East,contact89@wondermakers.com,0.2222222222222222,0.556923076923077,0.5263157894736843
SUP-CAT5-0090,Playtime Imports Distributors #90,Toys,Rotterdam,North,contact90@funcraft.com,0.4074074074074074,0.7743589743589744,0.5789473684210528
SUP-CAT5-0091,ToyForge LLC #91,Toys,Portland,East,contact91@toyforge.com,0.1111111111111111,0.2523076923076923,0.3157894736842103
SUP-CAT5-0092,BrightPlay LLC #92,Toys,Mumbai,East,contact92@playtimeimports.com,0.37037037037037035,0.39076923076923076,0.6842105263157897
SUP-CAT5-0093,ToyForge Supply Chain #93,Toys,Miami,South,contact93@brightplay.com,0.5185185185185185,0.9815384615384616,0.9473684210526315
SUP-CAT5-0094,FunCraft Trading #94,Toys,Mumbai,South,contact94@brightplay.com,0.4444444444444444,0.8358974358974359,0.9473684210526315
SUP-CAT5-0095,Playtime Imports LLC #95,Toys,Miami,West,contact95@wondermakers.com,0.1111111111111111,0.8594871794871795,0.7368421052631576
SUP-CAT5-0096,BrightPlay Partners #96,Toys,Hanoi,Central,contact96@brightplay.com,0.7777777777777778,0.011794871794871795,0.6315789473684212
SUP-CAT5-0097,Playtime Imports Inc. #97,Toys,Newark,North,contact97@brightplay.com,0.5185185185185185,0.4815384615384615,0.21052631578947334
SUP-CAT5-0098,Playtime Imports Wholesale #98,Toys,Portland,West,contact98@wondermakers.com,0.037037037037037035,0.18923076923076923,0.6315789473684212
SUP-CAT5-0099,Playtime Imports Wholesale #99,Toys,Phoenix,North,contact99@playtimeimports.com,0.37037037037037035,0.3482051282051282,0.15789473684210487
SUP-CAT5-0100,Playtime Imports Inc. #100,Toys,Atlanta,North,contact100@playtimeimports.com,0.9259259259259259,0.23948717948717949,0.2631578947368418
SUP-CAT5-0101,Wondermakers Wholesale #101,Toys,Atlanta,East,contact101@playtimeimports.com,0.5925925925925926,0.26256410256410256,0.10526315789473638
SUP-CAT5-0102,Wondermakers Distributors #102,Toys,Denver,West,contact102@playtimeimports.com,0.14814814814814814,0.05282051282051282,0.47368421052631576
SUP-CAT5-0103,BrightPlay LLC #103,Toys,Phoenix,West,contact103@wondermakers.com,0.9259259259259259,0.20102564102564102,0.7894736842105261
SUP-CAT5-0104,Playtime Imports Inc. #104,Toys,Chicago,South,contact104@wondermakers.com,0.07407407407407407,0.13282051282051283,0.2631578947368418
SUP-CAT5-0105,FunCraft Wholesale #105,Toys,Columbus,South,contact105@funcraft.com,0.2962962962962963,0.12051282051282051,0.894736842105263
SUP-CAT5-0106,Playtime Imports Trading #106,Toys,Dallas,South,contact106@wondermakers.com,0.6296296296296297,0.6082051282051282,0.6842105263157897
SUP-CAT5-0107,BrightPlay Inc. #107,Toys,Dallas,West,contact107@brightplay.com,0.6296296296296297,0.6138461538461538,0.3157894736842103
SUP-CAT5-0108,ToyForge Co. #108,Toys,Rotterdam,East,contact108@funcraft.com,0.7037037037037037,0.3333333333333333,0.10526315789473638
SUP-CAT5-0109,BrightPlay Inc. #109,Toys,Denver,South,contact109@brightplay.com,0.25925925925925924,0.35794871794871796,0.10526315789473638
SUP-CAT5-0110,FunCraft Partners #110,Toys,Miami,West,contact110@wondermakers.com,0.9259259259259259,0.029743589743589743,0.5263157894736843
SUP-CAT5-0111,BrightPlay Trading #111,Toys,Denver,North,contact111@wondermakers.com,0.18518518518518517,0.3169230769230769,0.15789473684210487
SUP-CAT5-0112,ToyForge Partners #112,Toys,Denver,North,contact112@funcraft.com,0.18518518518518517,0.6707692307692308,0.6842105263157897
SUP-CAT5-0113,BrightPlay Co. #113,Toys,Atlanta,West,contact113@toyforge.com,0.5185185185185185,0.7692307692307693,0.894736842105263
SUP-CAT5-0114,FunCraft Co. #114,Toys,Atlanta,North,contact114@playtimeimports.com,0.7407407407407407,0.7092307692307692,0.15789473684210487
SUP-CAT5-0115,ToyForge Inc. #115,Toys,Dallas,East,contact115@playtimeimports.com,0.07407407407407407,0.8830769230769231,0.6315789473684212
SUP-CAT5-0116,Wondermakers Co. #116,Toys,Dallas,South,contact116@playtimeimports.com,1.0,0.2441025641025641,0.10526315789473638
SUP-CAT5-0117,FunCraft LLC #117,Toys,Phoenix,West,contact117@toyforge.com,0.6666666666666666,0.8553846153846154,0.7368421052631576
SUP-CAT5-0118,BrightPlay Supply Chain #118,Toys,Miami,South,contact118@playtimeimports.com,0.25925925925925924,0.6794871794871795,0.7368421052631576
SUP-CAT5-0119,FunCraft Inc. #119,Toys,Portland,North,contact119@toyforge.com,0.14814814814814814,0.8297435897435897,0.47368421052631576
SUP-CAT5-0120,Wondermakers Group #120,Toys,Portland,North,contact120@wondermakers.com,0.14814814814814814,0.9256410256410257,0.6842105263157897
SUP-CAT5-0121,ToyForge Supply Chain #121,Toys,Chicago,East,contact121@wondermakers.com,0.2222222222222222,0.7282051282051282,0.7368421052631576
SUP-CAT5-0122,ToyForge Group #122,Toys,Hanoi,West,contact122@wondermakers.com,0.0,0.9574358974358974,0.5789473684210528
SUP-CAT5-0123,Wondermakers Trading #123,Toys,Denver,North,contact123@toyforge.com,0.7037037037037037,0.6112820512820513,0.21052631578947334
SUP-CAT5-0124,ToyForge Trading #124,Toys,Denver,Central,contact124@wondermakers.com,0.1111111111111111,0.47435897435897434,0.15789473684210487
SUP-CAT5-0125,Wondermakers LLC #125,Toys,Denver,South,contact125@toyforge.com,0.4074074074074074,0.03948717948717949,0.47368421052631576
SUP-CAT5-0126,FunCraft Co. #126,Toys,Seattle,South,contact126@brightplay.com,0.4074074074074074,0.9323076923076923,0.7894736842105261
SUP-CAT5-0127,Playtime Imports Supply Chain #127,Toys,Hanoi,East,contact127@wondermakers.com,0.7037037037037037,0.8425641025641025,0.47368421052631576
SUP-CAT5-0128,Wondermakers Ltd. #128,Toys,Portland,South,contact128@toyforge.com,0.1111111111111111,0.6225641025641026,0.15789473684210487
SUP-CAT5-0129,ToyForge Trading #129,Toys,Mumbai,South,contact129@playtimeimports.com,0.5925925925925926,0.6456410256410257,0.4210526315789473
SUP-CAT5-0130,Wondermakers Partners #130,Toys,Denver,North,contact130@toyforge.com,0.14814814814814814,0.07794871794871795,0.3157894736842103
SUP-CAT5-0131,Playtime Imports Supply Chain #131,Toys,Dallas,Central,contact131@toyforge.com,0.4074074074074074,0.3076923076923077,0.3157894736842103
SUP-CAT5-0132,Wondermakers Trading #132,Toys,Portland,South,contact132@brightplay.com,0.5555555555555556,0.8851282051282051,0.894736842105263
SUP-CAT5-0133,BrightPlay Trading #133,Toys,Miami,South,contact133@funcraft.com,0.5555555555555556,0.43641025641025644,0.894736842105263
SUP-CAT5-0134,Playtime Imports Wholesale #134,Toys,Columbus,North,contact134@playtimeimports.com,0.0,0.8517948717948718,0.47368421052631576
SUP-CAT5-0135,BrightPlay Partners #135,Toys,Newark,North,contact135@toyforge.com,0.6296296296296297,0.816923076923077,0.6315789473684212
SUP-CAT5-0136,ToyForge Partners #136,Toys,Columbus,North,contact136@toyforge.com,0.7037037037037037,0.2717948717948718,0.21052631578947334
SUP-CAT5-0137,BrightPlay Trading #137,Toys,Phoenix,West,contact137@brightplay.com,0.2222222222222222,0.8348717948717949,0.6315789473684212
SUP-CAT5-0138,ToyForge Group #138,Toys,Denver,West,contact138@wondermakers.com,0.9259259259259259,0.696923076923077,0.6842105263157897
SUP-CAT5-0139,FunCraft Co. #139,Toys,Newark,West,contact139@playtimeimports.com,0.14814814814814814,0.26205128205128203,0.5789473684210528
SUP-CAT5-0140,Playtime Imports Distributors #140,Toys,Denver,East,contact140@funcraft.com,0.25925925925925924,0.03128205128205128,0.2631578947368418
SUP-CAT5-0141,Playtime Imports Partners #141,Toys,Chicago,East,contact141@playtimeimports.com,0.9629629629629629,0.38974358974358975,0.8421052631578946
SUP-CAT5-0142,ToyForge Ltd. #142,Toys,Seattle,Central,contact142@funcraft.com,0.8518518518518519,0.025128205128205128,0.47368421052631576
SUP-CAT5-0143,BrightPlay Wholesale #143,Toys,Seattle,North,contact143@wondermakers.com,0.07407407407407407,0.8174358974358974,0.7368421052631576
SUP-CAT5-0144,Playtime Imports Wholesale #144,Toys,Shenzhen,Central,contact144@toyforge.com,0.37037037037037035,0.29025641025641025,0.15789473684210487
SUP-CAT5-0145,BrightPlay Supply Chain #145,Toys,Dallas,West,contact145@playtimeimports.com,0.8148148148148148,0.918974358974359,0.6315789473684212
SUP-CAT5-0146,FunCraft Distributors #146,Toys,Mumbai,West,contact146@wondermakers.com,0.037037037037037035,0.5866666666666667,0.9473684210526315
SUP-CAT5-0147,BrightPlay Ltd. #147,Toys,Newark,East,contact147@wondermakers.com,0.037037037037037035,0.2805128205128205,0.4210526315789473
SUP-CAT5-0148,Playtime Imports Group #148,Toys,Denver,Central,contact148@brightplay.com,0.1111111111111111,0.9220512820512821,0.9473684210526315
SUP-CAT5-0149,ToyForge Co. #149,Toys,Miami,East,contact149@funcraft.com,1.0,0.4841025641025641,0.21052631578947334
SUP-CAT5-0150,BrightPlay Ltd. #150,Toys,Chicago,South,contact150@wondermakers.com,0.9259259259259259,0.5533333333333333,0.8421052631578946
SUP-CAT5-0151,BrightPlay Supply Chain #151,Toys,Atlanta,South,contact151@playtimeimports.com,0.14814814814814814,0.17487179487179488,0.7894736842105261
SUP-CAT5-0152,BrightPlay Distributors #152,Toys,Osaka,North,contact152@wondermakers.com,0.3333333333333333,0.4753846153846154,0.9473684210526315
SUP-CAT5-0153,Wondermakers Co. #153,Toys,Rotterdam,Central,contact153@funcraft.com,0.0,0.48102564102564105,0.5789473684210528
SUP-CAT5-0154,FunCraft Trading #154,Toys,Denver,North,contact154@toyforge.com,0.6296296296296297,0.9635897435897436,0.2631578947368418
SUP-CAT5-0155,Wondermakers Inc. #155,Toys,Columbus,West,contact155@funcraft.com,0.7037037037037037,0.5194871794871795,0.3684210526315788
SUP-CAT5-0156,FunCraft Inc. #156,Toys,Seattle,Central,contact156@brightplay.com,0.5925925925925926,0.7748717948717949,0.05263157894736848
SUP-CAT5-0157,Playtime Imports Co. #157,Toys,Dallas,Central,contact157@toyforge.com,0.2222222222222222,0.08923076923076922,0.3684210526315788
SUP-CAT5-0158,BrightPlay Ltd. #158,Toys,Seattle,West,contact158@brightplay.com,0.6296296296296297,0.18615384615384614,0.7368421052631576
SUP-CAT5-0159,Wondermakers Distributors #159,Toys,Miami,East,contact159@playtimeimports.com,0.1111111111111111,0.14461538461538462,0.15789473684210487
SUP-CAT5-0160,FunCraft Trading #160,Toys,Columbus,East,contact160@wondermakers.com,0.5185185185185185,0.6225641025641026,0.7894736842105261
SUP-CAT5-0161,BrightPlay Group #161,Toys,Hanoi,Central,contact161@toyforge.com,0.25925925925925924,0.3194871794871795,0.6842105263157897
SUP-CAT5-0162,FunCraft Distributors #162,Toys,Mumbai,Central,contact162@funcraft.com,0.4444444444444444,0.16,0.894736842105263
SUP-CAT5-0163,ToyForge LLC #163,Toys,Atlanta,West,contact163@toyforge.com,0.7037037037037037,0.4117948717948718,0.9473684210526315
SUP-CAT5-0164,BrightPlay Wholesale #164,Toys,Osaka,West,contact164@toyforge.com,0.2222222222222222,0.4866666666666667,0.8421052631578946
SUP-CAT5-0165,FunCraft LLC #165,Toys,Mumbai,North,contact165@playtimeimports.com,0.0,0.5482051282051282,0.4210526315789473
SUP-CAT5-0166,BrightPlay Group #166,Toys,Osaka,Central,contact166@wondermakers.com,0.2222222222222222,0.9374358974358974,0.15789473684210487
SUP-CAT5-0167,FunCraft Wholesale #167,Toys,Columbus,North,contact167@funcraft.com,0.8148148148148148,0.9338461538461539,0.05263157894736848
SUP-CAT5-0168,FunCraft Supply Chain #168,Toys,Shenzhen,South,contact168@wondermakers.com,0.037037037037037035,0.7794871794871795,0.2631578947368418
SUP-CAT5-0169,Playtime Imports Distributors #169,Toys,Hanoi,South,contact169@toyforge.com,0.2222222222222222,0.11846153846153847,0.5263157894736843
SUP-CAT5-0170,ToyForge Ltd. #170,Toys,Newark,East,contact170@funcraft.com,0.18518518518518517,0.9148717948717948,0.15789473684210487
SUP-CAT5-0171,FunCraft Wholesale #171,Toys,Dallas,Central,contact171@brightplay.com,0.5555555555555556,0.5246153846153846,0.21052631578947334
SUP-CAT5-0172,Playtime Imports Wholesale #172,Toys,Seattle,West,contact172@toyforge.com,0.9629629629629629,0.4774358974358974,0.6842105263157897
SUP-CAT5-0173,BrightPlay Ltd. #173,Toys,Portland,East,contact173@wondermakers.com,0.0,0.5297435897435897,0.4210526315789473
SUP-CAT5-0174,BrightPlay Group #174,Toys,Miami,West,contact174@toyforge.com,0.7037037037037037,0.9841025641025641,0.7368421052631576
SUP-CAT5-0175,ToyForge Group #175,Toys,Columbus,South,contact175@playtimeimports.com,0.14814814814814814,0.8753846153846154,0.8421052631578946
SUP-CAT5-0176,ToyForge Wholesale #176,Toys,Chicago,East,contact176@funcraft.com,0.5185185185185185,0.7235897435897436,0.3684210526315788
SUP-CAT5-0177,ToyForge Wholesale #177,Toys,Miami,West,contact177@wondermakers.com,0.48148148148148145,0.5466666666666666,0.05263157894736848
SUP-CAT5-0178,ToyForge Ltd. #178,Toys,Atlanta,North,contact178@playtimeimports.com,0.48148148148148145,0.03948717948717949,1.0
SUP-CAT5-0179,FunCraft Supply Chain #179,Toys,Dallas,East,contact179@wondermakers.com,0.5925925925925926,0.5123076923076924,0.894736842105263
SUP-CAT5-0180,BrightPlay Co. #180,Toys,Phoenix,North,contact180@playtimeimports.com,0.7777777777777778,0.4543589743589744,0.7368421052631576
SUP-CAT5-0181,Playtime Imports LLC #181,Toys,Portland,North,contact181@playtimeimports.com,0.4074074074074074,0.022564102564102566,0.3157894736842103
SUP-CAT5-0182,Wondermakers Group #182,Toys,Mumbai,North,contact182@wondermakers.com,0.4444444444444444,0.7282051282051282,0.3157894736842103
SUP-CAT5-0183,ToyForge Distributors #183,Toys,Portland,North,contact183@brightplay.com,0.5555555555555556,0.19128205128205128,0.6315789473684212
SUP-CAT5-0184,FunCraft Partners #184,Toys,Dallas,South,contact184@wondermakers.com,0.1111111111111111,0.9989743589743589,0.15789473684210487
SUP-CAT5-0185,Wondermakers Distributors #185,Toys,Miami,North,contact185@wondermakers.com,0.6296296296296297,0.6425641025641026,0.2631578947368418
SUP-CAT5-0186,BrightPlay Trading #186,Toys,Denver,North,contact186@brightplay.com,0.7407407407407407,0.5651282051282052,0.3684210526315788
SUP-CAT5-0187,BrightPlay Distributors #187,Toys,Osaka,East,contact187@playtimeimports.com,0.5925925925925926,0.46615384615384614,0.9473684210526315
SUP-CAT5-0188,ToyForge Distributors #188,Toys,Dallas,Central,contact188@funcraft.com,0.1111111111111111,0.27076923076923076,0.6842105263157897
SUP-CAT5-0189,Playtime Imports Group #189,Toys,Dallas,South,contact189@wondermakers.com,0.7777777777777778,0.3323076923076923,0.47368421052631576
SUP-CAT5-0190,ToyForge Ltd. #190,Toys,Chicago,South,contact190@wondermakers.com,0.8518518518518519,0.9825641025641025,0.5263157894736843
SUP-CAT5-0191,Playtime Imports LLC #191,Toys,Shenzhen,Central,contact191@wondermakers.com,0.9259259259259259,0.19333333333333333,0.47368421052631576
SUP-CAT5-0192,FunCraft Inc. #192,Toys,Rotterdam,South,contact192@toyforge.com,0.8888888888888888,0.0020512820512820513,0.3684210526315788
SUP-CAT5-0193,FunCraft Supply Chain #193,Toys,Chicago,North,contact193@wondermakers.com,0.4444444444444444,0.6507692307692308,0.6842105263157897
SUP-CAT5-0194,FunCraft Wholesale #194,Toys,Denver,West,contact194@brightplay.com,0.9629629629629629,0.3630769230769231,0.8421052631578946
SUP-CAT5-0195,BrightPlay Group #195,Toys,Shenzhen,East,contact195@brightplay.com,0.07407407407407407,0.8733333333333333,0.10526315789473638
SUP-CAT5-0196,ToyForge Co. #196,Toys,Rotterdam,Central,contact196@funcraft.com,0.25925925925925924,0.5953846153846154,0.7894736842105261
SUP-CAT5-0197,BrightPlay Supply Chain #197,Toys,Chicago,West,contact197@toyforge.com,1.0,0.3041025641025641,0.47368421052631576
SUP-CAT5-0198,Playtime Imports Wholesale #198,Toys,Columbus,Central,contact198@funcraft.com,0.25925925925925924,0.7205128205128205,0.5263157894736843
SUP-CAT5-0199,BrightPlay Distributors #199,Toys,Hanoi,South,contact199@wondermakers.com,0.7037037037037037,0.5158974358974359,0.21052631578947334
SUP-CAT5-0200,ToyForge Group #200,Toys,Columbus,East,contact200@toyforge.com,0.14814814814814814,0.7051282051282052,0.8421052631578946
SUP-CAT5-0201,ToyForge Group #201,Toys,Denver,South,contact201@toyforge.com,0.9629629629629629,0.6297435897435898,0.6842105263157897
SUP-CAT5-0202,Wondermakers Partners #202,Toys,Shenzhen,East,contact202@playtimeimports.com,0.37037037037037035,0.20307692307692307,0.5789473684210528
SUP-CAT5-0203,ToyForge Ltd. #203,Toys,Dallas,Central,contact203@wondermakers.com,0.37037037037037035,0.7430769230769231,0.5263157894736843
SUP-CAT5-0204,Playtime Imports Co. #204,Toys,Seattle,North,contact204@toyforge.com,0.5925925925925926,0.5225641025641026,0.6842105263157897
SUP-CAT5-0205,Playtime Imports LLC #205,Toys,Columbus,North,contact205@wondermakers.com,0.4444444444444444,0.6784615384615384,0.5263157894736843
SUP-CAT5-0206,Playtime Imports Supply Chain #206,Toys,Chicago,West,contact206@playtimeimports.com,0.18518518518518517,0.7394871794871795,0.7368421052631576
SUP-CAT5-0207,ToyForge Supply Chain #207,Toys,Miami,North,contact207@brightplay.com,0.2222222222222222,0.31025641025641026,0.5263157894736843
SUP-CAT5-0208,BrightPlay Group #208,Toys,Phoenix,South,contact208@brightplay.com,0.037037037037037035,0.5851282051282052,0.9473684210526315
SUP-CAT5-0209,FunCraft Ltd. #209,Toys,Newark,West,contact209@funcraft.com,0.5185185185185185,0.5717948717948718,0.10526315789473638
SUP-CAT5-0210,Wondermakers Ltd. #210,Toys,Chicago,Central,contact210@funcraft.com,0.6666666666666666,0.6948717948717948,0.15789473684210487
SUP-CAT5-0211,ToyForge Co. #211,Toys,Osaka,Central,contact211@toyforge.com,0.0,0.5333333333333333,0.3684210526315788
SUP-CAT5-0212,BrightPlay Trading #212,Toys,Osaka,South,contact212@playtimeimports.com,1.0,0.40307692307692305,0.3157894736842103
SUP-CAT5-0213,FunCraft LLC #213,Toys,Seattle,East,contact213@playtimeimports.com,0.1111111111111111,0.2882051282051282,0.7894736842105261
SUP-CAT5-0214,FunCraft Wholesale #214,Toys,Portland,East,contact214@playtimeimports.com,0.07407407407407407,0.5343589743589744,0.7894736842105261
SUP-CAT5-0215,FunCraft Wholesale #215,Toys,Denver,South,contact215@funcraft.com,1.0,0.4958974358974359,0.3157894736842103
SUP-CAT5-0216,Playtime Imports Partners #216,Toys,Shenzhen,North,contact216@funcraft.com,0.8148148148148148,0.6548717948717949,0.15789473684210487
SUP-CAT5-0217,FunCraft Ltd. #217,Toys,Shenzhen,East,contact217@playtimeimports.com,0.0,0.24512820512820513,0.9473684210526315
SUP-CAT5-0218,FunCraft Wholesale #218,Toys,Miami,South,contact218@toyforge.com,0.2222222222222222,0.681025641025641,0.5789473684210528
SUP-CAT5-0219,FunCraft Wholesale #219,Toys,Atlanta,South,contact219@funcraft.com,0.8888888888888888,0.49846153846153846,0.6315789473684212
SUP-CAT5-0220,Playtime Imports Inc. #220,Toys,Chicago,West,contact220@funcraft.com,0.7407407407407407,0.06102564102564102,0.3684210526315788
SUP-CAT5-0221,FunCraft Supply Chain #221,Toys,Miami,South,contact221@wondermakers.com,0.7777777777777778,0.05179487179487179,0.5789473684210528
SUP-CAT5-0222,Wondermakers Group #222,Toys,Chicago,Central,contact222@playtimeimports.com,0.037037037037037035,0.3728205128205128,0.21052631578947334
SUP-CAT5-0223,FunCraft Partners #223,Toys,Denver,South,contact223@brightplay.com,0.5925925925925926,0.9871794871794872,0.6842105263157897
SUP-CAT5-0224,FunCraft Distributors #224,Toys,Hanoi,North,contact224@toyforge.com,0.8888888888888888,0.41333333333333333,0.47368421052631576
SUP-CAT5-0225,Playtime Imports Group #225,Toys,Dallas,Central,contact225@playtimeimports.com,0.14814814814814814,0.2605128205128205,0.2631578947368418
SUP-CAT5-0226,FunCraft Ltd. #226,Toys,Mumbai,South,contact226@playtimeimports.com,0.5555555555555556,0.7764102564102564,0.894736842105263
SUP-CAT5-0227,BrightPlay Group #227,Toys,Miami,Central,contact227@wondermakers.com,0.2222222222222222,0.3241025641025641,0.3157894736842103
SUP-CAT5-0228,Wondermakers Inc. #228,Toys,Denver,South,contact228@wondermakers.com,0.7037037037037037,0.6584615384615384,0.7894736842105261
SUP-CAT5-0229,Playtime Imports LLC #229,Toys,Denver,North,contact229@playtimeimports.com,0.037037037037037035,0.5087179487179487,0.21052631578947334
SUP-CAT5-0230,Playtime Imports Trading #230,Toys,Seattle,Central,contact230@wondermakers.com,0.4444444444444444,0.2353846153846154,0.6315789473684212
SUP-CAT5-0231,Playtime Imports Wholesale #231,Toys,Columbus,North,contact231@funcraft.com,0.5925925925925926,0.12205128205128205,0.7368421052631576
SUP-CAT5-0232,ToyForge Co. #232,Toys,Chicago,East,contact232@funcraft.com,0.18518518518518517,0.8876923076923077,0.10526315789473638
SUP-CAT5-0233,FunCraft Co. #233,Toys,Hanoi,West,contact233@funcraft.com,0.0,0.11333333333333333,0.3157894736842103
SUP-CAT5-0234,Playtime Imports Wholesale #234,Toys,Shenzhen,North,contact234@wondermakers.com,0.8518518518518519,0.84,0.21052631578947334
SUP-CAT5-0235,FunCraft Wholesale #235,Toys,Denver,North,contact235@toyforge.com,0.037037037037037035,0.2907692307692308,0.21052631578947334
SUP-CAT5-0236,Playtime Imports Distributors #236,Toys,Hanoi,Central,contact236@funcraft.com,0.2962962962962963,0.19282051282051282,0.21052631578947334
SUP-CAT5-0237,Playtime Imports Ltd. #237,Toys,Dallas,Central,contact237@funcraft.com,0.07407407407407407,0.838974358974359,0.7368421052631576
SUP-CAT5-0238,FunCraft Partners #238,Toys,Phoenix,North,contact238@wondermakers.com,0.6666666666666666,0.6441025641025641,0.0
SUP-CAT5-0239,Playtime Imports Distributors #239,Toys,Osaka,North,contact239@playtimeimports.com,0.48148148148148145,0.757948717948718,0.894736842105263
SUP-CAT5-0240,FunCraft Trading #240,Toys,Hanoi,Central,contact240@wondermakers.com,0.07407407407407407,0.9943589743589744,0.9473684210526315
SUP-CAT5-0241,Playtime Imports Wholesale #241,Toys,Denver,Central,contact241@brightplay.com,0.9259259259259259,0.2794871794871795,0.47368421052631576
SUP-CAT5-0242,ToyForge Inc. #242,Toys,Dallas,East,contact242@brightplay.com,0.0,0.7753846153846153,0.6315789473684212
SUP-CAT5-0243,Playtime Imports LLC #243,Toys,Hanoi,South,contact243@wondermakers.com,0.8518518518518519,0.2358974358974359,0.5263157894736843
SUP-CAT5-0244,Wondermakers Partners #244,Toys,Shenzhen,West,contact244@playtimeimports.com,0.5185185185185185,0.9723076923076923,0.8421052631578946
SUP-CAT5-0245,FunCraft Co. #245,Toys,Denver,West,contact245@toyforge.com,0.2222222222222222,0.9179487179487179,0.15789473684210487
SUP-CAT5-0246,Wondermakers Supply Chain #246,Toys,Portland,South,contact246@playtimeimports.com,0.1111111111111111,0.8251282051282052,0.05263157894736848
SUP-CAT5-0247,Playtime Imports LLC #247,Toys,Columbus,West,contact247@wondermakers.com,0.2962962962962963,0.4482051282051282,0.2631578947368418
SUP-CAT5-0248,Wondermakers Wholesale #248,Toys,Phoenix,North,contact248@toyforge.com,0.8518518518518519,0.3841025641025641,0.7894736842105261
SUP-CAT5-0249,Wondermakers Distributors #249,Toys,Rotterdam,East,contact249@wondermakers.com,0.8518518518518519,0.9051282051282051,0.15789473684210487
SUP-CAT5-0250,BrightPlay Supply Chain #250,Toys,Hanoi,South,contact250@toyforge.com,0.2962962962962963,0.2928205128205128,0.894736842105263
SUP-CAT5-0251,BrightPlay LLC #251,Toys,Osaka,West,contact251@funcraft.com,0.3333333333333333,0.0876923076923077,0.5789473684210528
SUP-CAT5-0252,Playtime Imports Wholesale #252,Toys,Hanoi,West,contact252@toyforge.com,0.9259259259259259,0.12974358974358974,0.2631578947368418
SUP-CAT5-0253,FunCraft Trading #253,Toys,Miami,South,contact253@toyforge.com,0.037037037037037035,0.6374358974358975,0.47368421052631576
SUP-CAT5-0254,ToyForge Distributors #254,Toys,Newark,East,contact254@playtimeimports.com,0.037037037037037035,0.25333333333333335,0.4210526315789473
SUP-CAT5-0255,ToyForge Wholesale #255,Toys,Columbus,West,contact255@brightplay.com,0.0,0.4723076923076923,0.21052631578947334
SUP-CAT5-0256,FunCraft Group #256,Toys,Portland,Central,contact256@wondermakers.com,0.3333333333333333,0.7230769230769231,0.5789473684210528
SUP-CAT5-0257,ToyForge Group #257,Toys,Shenzhen,North,contact257@playtimeimports.com,0.2962962962962963,0.5384615384615384,0.2631578947368418
SUP-CAT5-0258,FunCraft Group #258,Toys,Shenzhen,North,contact258@toyforge.com,0.7777777777777778,0.7353846153846154,0.10526315789473638
SUP-CAT5-0259,ToyForge Trading #259,Toys,Columbus,North,contact259@funcraft.com,0.6296296296296297,0.2353846153846154,0.3157894736842103
SUP-CAT5-0260,BrightPlay Trading #260,Toys,Seattle,South,contact260@funcraft.com,0.5555555555555556,0.8548717948717949,0.6315789473684212
SUP-CAT5-0261,Playtime Imports LLC #261,Toys,Newark,South,contact261@wondermakers.com,0.6666666666666666,0.6302564102564102,0.894736842105263
SUP-CAT5-0262,Wondermakers Trading #262,Toys,Shenzhen,West,contact262@brightplay.com,0.6296296296296297,0.2364102564102564,0.7894736842105261
SUP-CAT5-0263,Wondermakers Ltd. #263,Toys,Dallas,East,contact263@playtimeimports.com,0.0,0.24820512820512822,0.10526315789473638
SUP-CAT5-0264,Wondermakers Co. #264,Toys,Hanoi,North,contact264@funcraft.com,0.7037037037037037,0.615897435897436,0.10526315789473638
SUP-CAT5-0265,FunCraft Supply Chain #265,Toys,Chicago,Central,contact265@funcraft.com,0.5185185185185185,0.8097435897435897,0.7894736842105261
SUP-CAT5-0266,BrightPlay Supply Chain #266,Toys,Dallas,Central,contact266@toyforge.com,0.48148148148148145,0.5010256410256411,0.10526315789473638
SUP-CAT5-0267,BrightPlay Distributors #267,Toys,Phoenix,West,contact267@toyforge.com,0.5185185185185185,0.5994871794871794,0.6842105263157897
SUP-CAT5-0268,ToyForge Partners #268,Toys,Hanoi,East,contact268@toyforge.com,0.25925925925925924,0.8353846153846154,0.5789473684210528
SUP-CAT5-0269,Playtime Imports Inc. #269,Toys,Dallas,North,contact269@toyforge.com,0.8888888888888888,0.8866666666666667,0.15789473684210487
SUP-CAT5-0270,FunCraft Inc. #270,Toys,Chicago,West,contact270@wondermakers.com,0.7777777777777778,0.6625641025641026,0.3157894736842103
SUP-CAT5-0271,FunCraft Group #271,Toys,Miami,West,contact271@brightplay.com,0.8888888888888888,0.5523076923076923,0.21052631578947334
SUP-CAT5-0272,Playtime Imports Supply Chain #272,Toys,Chicago,West,contact272@wondermakers.com,0.8518518518518519,0.9082051282051282,0.4210526315789473
SUP-CAT5-0273,BrightPlay Ltd. #273,Toys,Dallas,West,contact273@wondermakers.com,0.0,0.6948717948717948,0.5789473684210528
SUP-CAT5-0274,BrightPlay LLC #274,Toys,Columbus,Central,contact274@brightplay.com,0.7407407407407407,0.521025641025641,0.7368421052631576
SUP-CAT5-0275,FunCraft Distributors #275,Toys,Dallas,Central,contact275@playtimeimports.com,0.7407407407407407,0.7548717948717949,0.10526315789473638
SUP-CAT5-0276,ToyForge Inc. #276,Toys,Denver,West,contact276@brightplay.com,0.4444444444444444,0.8148717948717948,0.7894736842105261
SUP-CAT5-0277,ToyForge Trading #277,Toys,Rotterdam,West,contact277@toyforge.com,0.7037037037037037,0.7282051282051282,0.21052631578947334
SUP-CAT5-0278,Wondermakers Ltd. #278,Toys,Shenzhen,North,contact278@playtimeimports.com,0.4074074074074074,0.9333333333333333,0.05263157894736848
SUP-CAT5-0279,ToyForge Ltd. #279,Toys,Rotterdam,East,contact279@wondermakers.com,0.4074074074074074,0.558974358974359,0.2631578947368418
SUP-CAT5-0280,FunCraft Ltd. #280,Toys,Osaka,West,contact280@funcraft.com,0.5555555555555556,0.7805128205128206,0.21052631578947334
SUP-CAT5-0281,FunCraft Trading #281,Toys,Hanoi,South,contact281@funcraft.com,0.9259259259259259,0.5928205128205128,0.9473684210526315
SUP-CAT5-0282,FunCraft Distributors #282,Toys,Chicago,South,contact282@toyforge.com,0.2962962962962963,0.4646153846153846,0.5263157894736843
SUP-CAT5-0283,ToyForge LLC #283,Toys,Osaka,West,contact283@toyforge.com,0.7407407407407407,0.025128205128205128,0.894736842105263
SUP-CAT5-0284,FunCraft Co. #284,Toys,Portland,North,contact284@wondermakers.com,0.037037037037037035,0.9841025641025641,0.7368421052631576
SUP-CAT5-0285,Wondermakers Co. #285,Toys,Newark,North,contact285@wondermakers.com,0.2222222222222222,0.16256410256410256,0.9473684210526315
SUP-CAT5-0286,ToyForge Supply Chain #286,Toys,Columbus,South,contact286@playtimeimports.com,0.1111111111111111,0.26974358974358975,0.7894736842105261
SUP-CAT5-0287,FunCraft Inc. #287,Toys,Mumbai,North,contact287@brightplay.com,0.8518518518518519,0.8682051282051282,0.9473684210526315
SUP-CAT5-0288,FunCraft Co. #288,Toys,Hanoi,West,contact288@brightplay.com,1.0,0.4794871794871795,0.2631578947368418
SUP-CAT5-0289,BrightPlay Supply Chain #289,Toys,Columbus,West,contact289@wondermakers.com,0.18518518518518517,0.6492307692307693,0.15789473684210487
SUP-CAT5-0290,FunCraft Trading #290,Toys,Denver,Central,contact290@wondermakers.com,0.2222222222222222,0.23794871794871794,0.15789473684210487
SUP-CAT5-0291,Wondermakers Co. #291,Toys,Atlanta,West,contact291@brightplay.com,0.2222222222222222,0.37948717948717947,0.15789473684210487
SUP-CAT5-0292,Wondermakers Distributors #292,Toys,Newark,South,contact292@playtimeimports.com,0.7407407407407407,0.721025641025641,0.05263157894736848
SUP-CAT5-0293,FunCraft LLC #293,Toys,Shenzhen,East,contact293@toyforge.com,0.14814814814814814,0.9661538461538461,0.15789473684210487
SUP-CAT5-0294,Wondermakers Co. #294,Toys,Atlanta,South,contact294@funcraft.com,0.4444444444444444,0.5353846153846153,0.4210526315789473
SUP-CAT5-0295,BrightPlay Inc. #295,Toys,Dallas,North,contact295@brightplay.com,0.14814814814814814,0.8933333333333333,0.4210526315789473
SUP-CAT5-0296,FunCraft Group #296,Toys,Phoenix,North,contact296@toyforge.com,0.1111111111111111,0.16102564102564101,0.21052631578947334
SUP-CAT5-0297,FunCraft Co. #297,Toys,Mumbai,South,contact297@brightplay.com,0.0,0.9989743589743589,0.15789473684210487
SUP-CAT5-0298,Wondermakers Wholesale #298,Toys,Miami,Central,contact298@brightplay.com,0.1111111111111111,0.11128205128205128,0.3684210526315788
SUP-CAT5-0299,Wondermakers Trading #299,Toys,Hanoi,South,contact299@toyforge.com,0.9259259259259259,0.5897435897435898,0.15789473684210487
SUP-CAT5-0300,Playtime Imports Distributors #300,Toys,Atlanta,South,contact300@brightplay.com,0.25925925925925924,0.5435897435897435,0.2631578947368418
SUP-CAT5-0301,BrightPlay Partners #301,Toys,Osaka,West,contact301@playtimeimports.com,0.8888888888888888,0.8138461538461539,0.894736842105263
SUP-CAT5-0302,FunCraft LLC #302,Toys,Seattle,Central,contact302@toyforge.com,0.5555555555555556,0.9333333333333333,0.2631578947368418
SUP-CAT5-0303,BrightPlay Inc. #303,Toys,Columbus,South,contact303@funcraft.com,0.3333333333333333,0.07128205128205128,0.6842105263157897
SUP-CAT5-0304,BrightPlay Distributors #304,Toys,Mumbai,West,contact304@brightplay.com,0.3333333333333333,0.22615384615384615,0.21052631578947334
SUP-CAT5-0305,BrightPlay Ltd. #305,Toys,Rotterdam,West,contact305@funcraft.com,1.0,0.7015384615384616,0.6315789473684212
SUP-CAT5-0306,ToyForge Wholesale #306,Toys,Atlanta,East,contact306@brightplay.com,0.3333333333333333,0.29794871794871797,0.47368421052631576
SUP-CAT5-0307,Playtime Imports Distributors #307,Toys,Rotterdam,North,contact307@funcraft.com,0.4074074074074074,0.03487179487179487,0.8421052631578946
SUP-CAT5-0308,FunCraft Group #308,Toys,Shenzhen,Central,contact308@wondermakers.com,0.48148148148148145,0.14358974358974358,0.7368421052631576
SUP-CAT5-0309,ToyForge Trading #309,Toys,Dallas,East,contact309@brightplay.com,0.037037037037037035,0.5538461538461539,0.47368421052631576
SUP-CAT5-0310,Wondermakers Co. #310,Toys,Chicago,Central,contact310@funcraft.com,0.2222222222222222,0.7405128205128205,0.47368421052631576
SUP-CAT5-0311,Wondermakers LLC #311,Toys,Portland,West,contact311@funcraft.com,0.7037037037037037,0.757948717948718,0.6315789473684212
SUP-CAT5-0312,Wondermakers Group #312,Toys,Columbus,Central,contact312@toyforge.com,1.0,0.31333333333333335,0.6315789473684212
SUP-CAT5-0313,Playtime Imports LLC #313,Toys,Rotterdam,North,contact313@funcraft.com,0.8888888888888888,0.9953846153846154,0.4210526315789473
SUP-CAT5-0314,FunCraft Co. #314,Toys,Osaka,Central,contact314@toyforge.com,0.7407407407407407,0.021538461538461538,0.47368421052631576
SUP-CAT5-0315,Playtime Imports Supply Chain #315,Toys,Hanoi,South,contact315@wondermakers.com,0.5555555555555556,0.3435897435897436,0.4210526315789473
SUP-CAT5-0316,ToyForge Ltd. #316,Toys,Denver,West,contact316@wondermakers.com,0.4444444444444444,0.7758974358974359,0.5789473684210528
SUP-CAT5-0317,FunCraft Partners #317,Toys,Phoenix,North,contact317@wondermakers.com,0.14814814814814814,0.5825641025641025,0.3157894736842103
SUP-CAT5-0318,ToyForge Ltd. #318,Toys,Seattle,Central,contact318@funcraft.com,0.2962962962962963,0.23333333333333334,1.0
SUP-CAT5-0319,Wondermakers Partners #319,Toys,Phoenix,South,contact319@playtimeimports.com,0.0,0.49128205128205127,0.05263157894736848
SUP-CAT5-0320,FunCraft Wholesale #320,Toys,Shenzhen,Central,contact320@funcraft.com,0.14814814814814814,0.36564102564102563,0.6842105263157897
SUP-CAT5-0321,BrightPlay Trading #321,Toys,Rotterdam,Central,contact321@funcraft.com,0.4074074074074074,0.8112820512820513,0.9473684210526315
SUP-CAT5-0322,ToyForge Supply Chain #322,Toys,Denver,North,contact322@toyforge.com,0.14814814814814814,0.8441025641025641,0.8421052631578946
SUP-CAT5-0323,FunCraft Wholesale #323,Toys,Chicago,West,contact323@funcraft.com,0.9629629629629629,0.6251282051282051,0.8421052631578946
SUP-CAT5-0324,Playtime Imports Inc. #324,Toys,Rotterdam,South,contact324@toyforge.com,0.7407407407407407,0.6302564102564102,0.5789473684210528
SUP-CAT5-0325,Wondermakers Partners #325,Toys,Atlanta,Central,contact325@brightplay.com,0.5185185185185185,0.009230769230769232,0.47368421052631576
SUP-CAT5-0326,Wondermakers Inc. #326,Toys,Rotterdam,Central,contact326@funcraft.com,0.48148148148148145,0.3117948717948718,0.3157894736842103
SUP-CAT5-0327,FunCraft Distributors #327,Toys,Shenzhen,North,contact327@brightplay.com,0.48148148148148145,0.538974358974359,0.3157894736842103
SUP-CAT5-0328,FunCraft Trading #328,Toys,Dallas,East,contact328@brightplay.com,0.48148148148148145,0.8456410256410256,0.2631578947368418
SUP-CAT5-0329,Wondermakers Partners #329,Toys,Phoenix,West,contact329@playtimeimports.com,0.4074074074074074,0.8066666666666666,0.15789473684210487
SUP-CAT5-0330,Playtime Imports Co. #330,Toys,Seattle,North,contact330@brightplay.com,0.3333333333333333,0.3871794871794872,0.3157894736842103
SUP-CAT5-0331,Playtime Imports Supply Chain #331,Toys,Portland,South,contact331@playtimeimports.com,0.8148148148148148,0.4451282051282051,0.6842105263157897
SUP-CAT5-0332,Wondermakers LLC #332,Toys,Dallas,East,contact332@funcraft.com,0.4444444444444444,0.3635897435897436,0.7368421052631576
SUP-CAT5-0333,ToyForge Distributors #333,Toys,Portland,South,contact333@playtimeimports.com,1.0,0.6774358974358974,0.6315789473684212
SUP-CAT5-0334,Wondermakers Supply Chain #334,Toys,Dallas,South,contact334@playtimeimports.com,0.9259259259259259,0.6276923076923077,0.6315789473684212
SUP-CAT5-0335,ToyForge Group #335,Toys,Columbus,South,contact335@playtimeimports.com,0.037037037037037035,0.8148717948717948,0.21052631578947334
SUP-CAT5-0336,Wondermakers Inc. #336,Toys,Atlanta,North,contact336@funcraft.com,0.7777777777777778,0.21435897435897436,0.9473684210526315
SUP-CAT5-0337,ToyForge LLC #337,Toys,Miami,West,contact337@toyforge.com,0.8888888888888888,0.5323076923076923,0.05263157894736848
SUP-CAT5-0338,FunCraft Group #338,Toys,Rotterdam,South,contact338@funcraft.com,0.9259259259259259,0.12102564102564102,0.10526315789473638
SUP-CAT5-0339,BrightPlay Ltd. #339,Toys,Osaka,South,contact339@funcraft.com,0.4444444444444444,0.681025641025641,0.7368421052631576
SUP-CAT5-0340,FunCraft Inc. #340,Toys,Columbus,Central,contact340@toyforge.com,0.9629629629629629,0.2866666666666667,0.7368421052631576
SUP-CAT5-0341,BrightPlay Co. #341,Toys,Newark,West,contact341@funcraft.com,0.2222222222222222,0.6851282051282052,0.7368421052631576
SUP-CAT5-0342,FunCraft Co. #342,Toys,Mumbai,Central,contact342@toyforge.com,0.5555555555555556,0.9476923076923077,0.9473684210526315
SUP-CAT5-0343,ToyForge Inc. #343,Toys,Denver,East,contact343@toyforge.com,0.37037037037037035,0.5061538461538462,0.4210526315789473
SUP-CAT5-0344,BrightPlay Co. #344,Toys,Chicago,Central,contact344@brightplay.com,0.07407407407407407,0.011282051282051283,0.3684210526315788
SUP-CAT5-0345,BrightPlay Ltd. #345,Toys,Chicago,East,contact345@funcraft.com,0.9259259259259259,0.10615384615384615,0.8421052631578946
SUP-CAT5-0346,ToyForge Inc. #346,Toys,Columbus,East,contact346@brightplay.com,0.7777777777777778,0.9112820512820513,0.5789473684210528
SUP-CAT5-0347,BrightPlay Partners #347,Toys,Osaka,South,contact347@wondermakers.com,0.4444444444444444,0.12615384615384614,0.2631578947368418
SUP-CAT5-0348,Wondermakers Wholesale #348,Toys,Miami,Central,contact348@brightplay.com,0.7037037037037037,0.7794871794871795,0.6842105263157897
SUP-CAT5-0349,Wondermakers Ltd. #349,Toys,Mumbai,North,contact349@funcraft.com,0.07407407407407407,0.8974358974358975,0.7368421052631576
SUP-CAT5-0350,BrightPlay Co. #350,Toys,Shenzhen,Central,contact350@funcraft.com,0.25925925925925924,0.7343589743589743,0.05263157894736848
SUP-CAT5-0351,Wondermakers Wholesale #351,Toys,Mumbai,Central,contact351@funcraft.com,0.0,0.6005128205128205,1.0
SUP-CAT5-0352,ToyForge Group #352,Toys,Rotterdam,Central,contact352@wondermakers.com,0.2962962962962963,0.4082051282051282,0.21052631578947334
SUP-CAT5-0353,Playtime Imports Inc. #353,Toys,Rotterdam,South,contact353@wondermakers.com,0.4444444444444444,0.10358974358974359,0.6315789473684212
SUP-CAT5-0354,Wondermakers Wholesale #354,Toys,Columbus,Central,contact354@brightplay.com,0.48148148148148145,0.5235897435897436,0.6842105263157897
SUP-CAT5-0355,Playtime Imports Distributors #355,Toys,Dallas,West,contact355@wondermakers.com,1.0,0.9123076923076923,0.3157894736842103
SUP-CAT5-0356,BrightPlay Co. #356,Toys,Shenzhen,Central,contact356@playtimeimports.com,0.37037037037037035,0.06,1.0
SUP-CAT5-0357,FunCraft LLC #357,Toys,Columbus,Central,contact357@brightplay.com,0.0,0.9333333333333333,0.6315789473684212
SUP-CAT5-0358,BrightPlay Trading #358,Toys,Portland,South,contact358@wondermakers.com,0.7777777777777778,0.6251282051282051,0.894736842105263
SUP-CAT5-0359,BrightPlay Trading #359,Toys,Columbus,Central,contact359@wondermakers.com,0.18518518518518517,0.5256410256410257,0.2631578947368418
SUP-CAT5-0360,BrightPlay Ltd. #360,Toys,Dallas,South,contact360@toyforge.com,0.5555555555555556,0.15743589743589745,0.4210526315789473
SUP-CAT5-0361,BrightPlay Supply Chain #361,Toys,Miami,North,contact361@brightplay.com,0.0,0.009230769230769232,0.5263157894736843
SUP-CAT5-0362,Wondermakers Group #362,Toys,Phoenix,North,contact362@wondermakers.com,0.2962962962962963,0.2353846153846154,0.15789473684210487
SUP-CAT5-0363,BrightPlay Partners #363,Toys,Osaka,North,contact363@brightplay.com,0.8888888888888888,0.44769230769230767,0.7368421052631576
SUP-CAT5-0364,ToyForge Co. #364,Toys,Mumbai,South,contact364@toyforge.com,0.9259259259259259,0.2548717948717949,0.5789473684210528
SUP-CAT5-0365,FunCraft Co. #365,Toys,Dallas,North,contact365@toyforge.com,0.5925925925925926,0.5820512820512821,1.0
SUP-CAT5-0366,FunCraft Co. #366,Toys,Atlanta,West,contact366@funcraft.com,0.18518518518518517,0.49230769230769234,0.2631578947368418
SUP-CAT5-0367,BrightPlay Wholesale #367,Toys,Phoenix,North,contact367@playtimeimports.com,0.9629629629629629,0.14564102564102563,0.6842105263157897
SUP-CAT5-0368,ToyForge Inc. #368,Toys,Seattle,North,contact368@brightplay.com,0.6296296296296297,0.10358974358974359,0.4210526315789473
SUP-CAT5-0369,FunCraft LLC #369,Toys,Dallas,South,contact369@wondermakers.com,0.5185185185185185,0.33794871794871795,0.5263157894736843
SUP-CAT5-0370,Wondermakers Ltd. #370,Toys,Seattle,West,contact370@playtimeimports.com,0.037037037037037035,0.18564102564102564,0.5263157894736843
SUP-CAT5-0371,Wondermakers Trading #371,Toys,Columbus,West,contact371@playtimeimports.com,0.5185185185185185,0.8671794871794872,0.7368421052631576
SUP-CAT5-0372,ToyForge Partners #372,Toys,Hanoi,East,contact372@toyforge.com,0.25925925925925924,0.9553846153846154,0.4210526315789473
SUP-CAT5-0373,FunCraft Wholesale #373,Toys,Atlanta,Central,contact373@toyforge.com,0.0,0.21794871794871795,0.7368421052631576
SUP-CAT5-0374,FunCraft Supply Chain #374,Toys,Newark,East,contact374@funcraft.com,0.5185185185185185,0.11128205128205128,0.0
SUP-CAT5-0375,ToyForge Group #375,Toys,Seattle,Central,contact375@toyforge.com,0.48148148148148145,0.34512820512820513,0.7368421052631576
SUP-CAT5-0376,FunCraft Group #376,Toys,Seattle,Central,contact376@toyforge.com,0.5185185185185185,0.2764102564102564,0.15789473684210487
SUP-CAT5-0377,ToyForge Ltd. #377,Toys,Dallas,Central,contact377@playtimeimports.com,0.0,0.7712820512820513,0.5789473684210528
SUP-CAT5-0378,Playtime Imports LLC #378,Toys,Denver,South,contact378@brightplay.com,0.5185185185185185,0.9605128205128205,0.2631578947368418
SUP-CAT5-0379,FunCraft LLC #379,Toys,Rotterdam,West,contact379@playtimeimports.com,0.9629629629629629,0.47025641025641024,1.0
SUP-CAT5-0380,BrightPlay Group #380,Toys,Rotterdam,East,contact380@brightplay.com,0.5925925925925926,0.2723076923076923,0.47368421052631576
SUP-CAT5-0381,Playtime Imports Co. #381,Toys,Newark,South,contact381@wondermakers.com,0.25925925925925924,0.6774358974358974,0.0
SUP-CAT5-0382,BrightPlay Trading #382,Toys,Dallas,North,contact382@wondermakers.com,0.14814814814814814,0.1605128205128205,0.8421052631578946
SUP-CAT5-0383,ToyForge Group #383,Toys,Denver,North,contact383@playtimeimports.com,0.14814814814814814,0.9989743589743589,0.05263157894736848
SUP-CAT5-0384,ToyForge Inc. #384,Toys,Seattle,East,contact384@funcraft.com,0.6666666666666666,0.9087179487179488,0.9473684210526315
SUP-CAT5-0385,BrightPlay Distributors #385,Toys,Columbus,South,contact385@playtimeimports.com,0.7777777777777778,0.7610256410256411,0.6315789473684212
SUP-CAT5-0386,ToyForge Co. #386,Toys,Phoenix,East,contact386@funcraft.com,0.4074074074074074,0.5671794871794872,0.21052631578947334
SUP-CAT5-0387,FunCraft Ltd. #387,Toys,Portland,North,contact387@playtimeimports.com,0.37037037037037035,0.2117948717948718,0.9473684210526315
SUP-CAT5-0388,BrightPlay Trading #388,Toys,Hanoi,Central,contact388@funcraft.com,0.7037037037037037,0.8205128205128205,0.894736842105263
SUP-CAT5-0389,Playtime Imports Distributors #389,Toys,Columbus,East,contact389@funcraft.com,0.48148148148148145,0.2041025641025641,0.894736842105263
SUP-CAT5-0390,FunCraft Inc. #390,Toys,Dallas,South,contact390@toyforge.com,0.9629629629629629,0.6528205128205128,0.5263157894736843
SUP-CAT5-0391,ToyForge Trading #391,Toys,Phoenix,South,contact391@wondermakers.com,0.6666666666666666,0.12205128205128205,0.5263157894736843
SUP-CAT5-0392,BrightPlay Wholesale #392,Toys,Newark,North,contact392@funcraft.com,0.18518518518518517,0.5635897435897436,0.10526315789473638
SUP-CAT5-0393,Wondermakers LLC #393,Toys,Hanoi,East,contact393@toyforge.com,1.0,0.3830769230769231,0.47368421052631576
SUP-CAT5-0394,BrightPlay Inc. #394,Toys,Denver,West,contact394@brightplay.com,0.8518518518518519,0.958974358974359,0.6315789473684212
SUP-CAT5-0395,FunCraft Wholesale #395,Toys,Chicago,West,contact395@toyforge.com,0.5185185185185185,0.0841025641025641,0.894736842105263
SUP-CAT5-0396,Playtime Imports LLC #396,Toys,Seattle,Central,contact396@brightplay.com,0.5925925925925926,0.5892307692307692,0.4210526315789473
SUP-CAT5-0397,Wondermakers Partners #397,Toys,Portland,East,contact397@brightplay.com,0.07407407407407407,0.31435897435897436,0.894736842105263
SUP-CAT5-0398,Wondermakers Supply Chain #398,Toys,Atlanta,Central,contact398@toyforge.com,0.7407407407407407,0.018461538461538463,0.15789473684210487
SUP-CAT5-0399,ToyForge Trading #399,Toys,Dallas,West,contact399@funcraft.com,0.5925925925925926,0.8451282051282051,0.4210526315789473
SUP-CAT5-0400,BrightPlay Partners #400,Toys,Hanoi,South,contact400@playtimeimports.com,0.6296296296296297,0.6441025641025641,0.6315789473684212
SUP-CAT5-0401,FunCraft Inc. #401,Toys,Miami,East,contact401@playtimeimports.com,0.48148148148148145,0.5912820512820512,0.21052631578947334
SUP-CAT5-0402,BrightPlay Ltd. #402,Toys,Denver,Central,contact402@toyforge.com,0.5925925925925926,0.2153846153846154,0.5789473684210528
SUP-CAT5-0403,BrightPlay LLC #403,Toys,Chicago,Central,contact403@wondermakers.com,0.7407407407407407,0.4594871794871795,0.894736842105263
SUP-CAT5-0404,BrightPlay Wholesale #404,Toys,Shenzhen,Central,contact404@playtimeimports.com,0.037037037037037035,0.3441025641025641,0.3684210526315788
SUP-CAT5-0405,ToyForge Co. #405,Toys,Chicago,West,contact405@playtimeimports.com,0.14814814814814814,0.3712820512820513,0.4210526315789473
SUP-CAT5-0406,FunCraft Ltd. #406,Toys,Hanoi,East,contact406@brightplay.com,0.48148148148148145,0.1517948717948718,0.3684210526315788
SUP-CAT5-0407,BrightPlay LLC #407,Toys,Newark,North,contact407@wondermakers.com,0.8888888888888888,0.32564102564102565,0.21052631578947334
SUP-CAT5-0408,Wondermakers Trading #408,Toys,Phoenix,East,contact408@toyforge.com,0.037037037037037035,0.7405128205128205,0.3157894736842103
SUP-CAT5-0409,BrightPlay Partners #409,Toys,Mumbai,South,contact409@playtimeimports.com,0.18518518518518517,0.6076923076923076,0.8421052631578946
SUP-CAT5-0410,FunCraft Trading #410,Toys,Denver,West,contact410@toyforge.com,0.6296296296296297,0.9220512820512821,0.7894736842105261
SUP-CAT5-0411,FunCraft Wholesale #411,Toys,Atlanta,East,contact411@wondermakers.com,0.037037037037037035,0.8497435897435898,0.21052631578947334
SUP-CAT5-0412,Wondermakers LLC #412,Toys,Newark,East,contact412@wondermakers.com,1.0,0.6892307692307692,0.7368421052631576
SUP-CAT5-0413,BrightPlay Inc. #413,Toys,Rotterdam,Central,contact413@brightplay.com,0.7037037037037037,0.9769230769230769,0.10526315789473638
SUP-CAT5-0414,ToyForge Distributors #414,Toys,Denver,South,contact414@funcraft.com,0.5925925925925926,0.9569230769230769,0.05263157894736848
SUP-CAT5-0415,BrightPlay Partners #415,Toys,Hanoi,Central,contact415@funcraft.com,0.48148148148148145,0.12153846153846154,0.3157894736842103
SUP-CAT5-0416,Wondermakers Partners #416,Toys,Miami,Central,contact416@playtimeimports.com,0.14814814814814814,0.13692307692307693,0.15789473684210487
SUP-CAT5-0417,Playtime Imports Partners #417,Toys,Portland,North,contact417@wondermakers.com,0.4074074074074074,0.4846153846153846,0.05263157894736848
SUP-CAT5-0418,FunCraft Ltd. #418,Toys,Rotterdam,South,contact418@playtimeimports.com,0.3333333333333333,1.0,0.8421052631578946
SUP-CAT5-0419,BrightPlay Group #419,Toys,Atlanta,East,contact419@brightplay.com,0.9629629629629629,0.4046153846153846,0.5263157894736843
SUP-CAT5-0420,Playtime Imports Wholesale #420,Toys,Portland,East,contact420@wondermakers.com,0.9629629629629629,0.3158974358974359,0.05263157894736848
SUP-CAT5-0421,Playtime Imports Distributors #421,Toys,Miami,West,contact421@playtimeimports.com,0.6296296296296297,0.8056410256410257,0.5263157894736843
SUP-CAT5-0422,Playtime Imports Partners #422,Toys,Columbus,West,contact422@brightplay.com,0.6296296296296297,0.12717948717948718,0.7368421052631576
SUP-CAT5-0423,BrightPlay Partners #423,Toys,Newark,Central,contact423@playtimeimports.com,0.5555555555555556,0.9482051282051283,0.10526315789473638
SUP-CAT5-0424,Wondermakers Partners #424,Toys,Newark,West,contact424@funcraft.com,0.18518518518518517,0.19435897435897437,0.4210526315789473
SUP-CAT5-0425,Wondermakers Partners #425,Toys,Phoenix,Central,contact425@toyforge.com,0.8518518518518519,0.5507692307692308,0.21052631578947334
SUP-CAT5-0426,ToyForge Wholesale #426,Toys,Rotterdam,East,contact426@toyforge.com,0.7777777777777778,0.321025641025641,0.15789473684210487
SUP-CAT5-0427,Wondermakers LLC #427,Toys,Seattle,South,contact427@brightplay.com,0.2222222222222222,0.3441025641025641,0.5789473684210528
SUP-CAT5-0428,Playtime Imports Partners #428,Toys,Phoenix,Central,contact428@funcraft.com,0.2222222222222222,0.8307692307692308,0.5789473684210528
SUP-CAT5-0429,FunCraft Supply Chain #429,Toys,Phoenix,North,contact429@toyforge.com,0.48148148148148145,0.2276923076923077,0.6842105263157897
SUP-CAT5-0430,Playtime Imports Trading #430,Toys,Denver,Central,contact430@playtimeimports.com,0.7777777777777778,0.6758974358974359,0.10526315789473638
SUP-CAT5-0431,FunCraft Distributors #431,Toys,Phoenix,East,contact431@toyforge.com,0.6296296296296297,0.764102564102564,0.3157894736842103
SUP-CAT5-0432,ToyForge Ltd. #432,Toys,Miami,South,contact432@playtimeimports.com,0.4444444444444444,1.0,1.0
SUP-CAT5-0433,BrightPlay LLC #433,Toys,Shenzhen,North,contact433@toyforge.com,0.037037037037037035,0.6092307692307692,0.8421052631578946
SUP-CAT5-0434,Wondermakers Trading #434,Toys,Phoenix,West,contact434@wondermakers.com,0.3333333333333333,0.6846153846153846,0.21052631578947334
SUP-CAT5-0435,FunCraft Supply Chain #435,Toys,Newark,South,contact435@funcraft.com,0.7777777777777778,0.22974358974358974,0.10526315789473638
SUP-CAT5-0436,ToyForge Partners #436,Toys,Hanoi,Central,contact436@playtimeimports.com,0.7407407407407407,0.5876923076923077,0.4210526315789473
SUP-CAT5-0437,Wondermakers Trading #437,Toys,Osaka,East,contact437@playtimeimports.com,0.7777777777777778,0.8343589743589743,0.3684210526315788
SUP-CAT5-0438,ToyForge Supply Chain #438,Toys,Hanoi,Central,contact438@brightplay.com,0.5555555555555556,0.019487179487179488,0.4210526315789473
SUP-CAT5-0439,FunCraft Group #439,Toys,Seattle,South,contact439@wondermakers.com,0.2222222222222222,0.5415384615384615,0.21052631578947334
SUP-CAT5-0440,ToyForge Wholesale #440,Toys,Columbus,East,contact440@wondermakers.com,0.8148148148148148,0.26153846153846155,0.5789473684210528
SUP-CAT5-0441,Playtime Imports Co. #441,Toys,Osaka,West,contact441@playtimeimports.com,0.8148148148148148,0.721025641025641,0.5263157894736843
SUP-CAT5-0442,Playtime Imports Co. #442,Toys,Phoenix,South,contact442@wondermakers.com,0.14814814814814814,0.4328205128205128,0.5789473684210528
SUP-CAT5-0443,FunCraft Ltd. #443,Toys,Rotterdam,East,contact443@brightplay.com,0.8148148148148148,0.3425641025641026,0.5789473684210528
SUP-CAT5-0444,ToyForge LLC #444,Toys,Portland,Central,contact444@playtimeimports.com,0.5555555555555556,0.8825641025641026,0.894736842105263
SUP-CAT5-0445,Wondermakers Group #445,Toys,Denver,Central,contact445@playtimeimports.com,0.6666666666666666,0.7758974358974359,0.15789473684210487
SUP-CAT5-0446,Playtime Imports Supply Chain #446,Toys,Denver,East,contact446@playtimeimports.com,0.07407407407407407,0.02666666666666667,0.5263157894736843
SUP-CAT5-0447,ToyForge Ltd. #447,Toys,Denver,East,contact447@brightplay.com,0.8518518518518519,0.9856410256410256,0.5789473684210528
SUP-CAT5-0448,ToyForge Inc. #448,Toys,Atlanta,West,contact448@toyforge.com,0.48148148148148145,0.2784615384615385,0.21052631578947334
SUP-CAT5-0449,ToyForge Wholesale #449,Toys,Mumbai,North,contact449@toyforge.com,0.9259259259259259,0.5533333333333333,0.6315789473684212
SUP-CAT5-0450,ToyForge Supply Chain #450,Toys,Mumbai,North,contact450@playtimeimports.com,0.48148148148148145,0.0071794871794871795,0.3157894736842103
SUP-CAT5-0451,Wondermakers Group #451,Toys,Rotterdam,East,contact451@brightplay.com,0.8888888888888888,0.4728205128205128,0.0
SUP-CAT5-0452,FunCraft Co. #452,Toys,Atlanta,North,contact452@playtimeimports.com,0.7777777777777778,0.4128205128205128,0.3684210526315788
SUP-CAT5-0453,Playtime Imports Group #453,Toys,Miami,South,contact453@wondermakers.com,0.9629629629629629,0.9974358974358974,0.47368421052631576
SUP-CAT5-0454,BrightPlay Co. #454,Toys,Mumbai,North,contact454@funcraft.com,0.07407407407407407,0.522051282051282,0.7368421052631576
SUP-CAT5-0455,FunCraft Supply Chain #455,Toys,Columbus,East,contact455@brightplay.com,0.8518518518518519,0.20205128205128206,0.15789473684210487
SUP-CAT5-0456,FunCraft Group #456,Toys,Mumbai,North,contact456@wondermakers.com,0.18518518518518517,0.2994871794871795,0.6315789473684212
SUP-CAT5-0457,Playtime Imports Group #457,Toys,Hanoi,Central,contact457@wondermakers.com,0.4074074074074074,0.78,0.47368421052631576
SUP-CAT5-0458,BrightPlay Partners #458,Toys,Atlanta,East,contact458@toyforge.com,0.07407407407407407,0.7882051282051282,0.0
SUP-CAT5-0459,ToyForge Wholesale #459,Toys,Rotterdam,South,contact459@playtimeimports.com,0.5185185185185185,0.941025641025641,0.3684210526315788
SUP-CAT5-0460,BrightPlay Group #460,Toys,Miami,West,contact460@funcraft.com,0.3333333333333333,0.7512820512820513,0.6842105263157897
SUP-CAT5-0461,Playtime Imports Trading #461,Toys,Atlanta,West,contact461@brightplay.com,0.9629629629629629,0.8774358974358974,0.0
SUP-CAT5-0462,BrightPlay Inc. #462,Toys,Portland,Central,contact462@wondermakers.com,0.25925925925925924,0.8374358974358974,0.6315789473684212
SUP-CAT5-0463,FunCraft Trading #463,Toys,Dallas,North,contact463@funcraft.com,0.1111111111111111,0.4764102564102564,0.8421052631578946
SUP-CAT5-0464,Wondermakers Trading #464,Toys,Seattle,North,contact464@funcraft.com,0.7037037037037037,0.4148717948717949,0.2631578947368418
SUP-CAT5-0465,BrightPlay Inc. #465,Toys,Miami,West,contact465@brightplay.com,0.6666666666666666,0.7241025641025641,0.10526315789473638
SUP-CAT5-0466,Playtime Imports Inc. #466,Toys,Newark,Central,contact466@playtimeimports.com,0.7407407407407407,0.9656410256410256,0.47368421052631576
SUP-CAT5-0467,ToyForge Group #467,Toys,Newark,South,contact467@wondermakers.com,0.0,0.7661538461538462,0.2631578947368418
SUP-CAT5-0468,Wondermakers Group #468,Toys,Dallas,West,contact468@brightplay.com,0.2962962962962963,0.3594871794871795,0.5789473684210528
SUP-CAT5-0469,Wondermakers Co. #469,Toys,Denver,South,contact469@funcraft.com,0.8148148148148148,0.37025641025641026,0.10526315789473638
SUP-CAT5-0470,BrightPlay Wholesale #470,Toys,Miami,East,contact470@playtimeimports.com,0.3333333333333333,0.8246153846153846,0.3684210526315788
SUP-CAT5-0471,Playtime Imports Co. #471,Toys,Rotterdam,East,contact471@funcraft.com,0.2222222222222222,0.8948717948717949,0.10526315789473638
SUP-CAT5-0472,BrightPlay Distributors #472,Toys,Columbus,Central,contact472@toyforge.com,0.6296296296296297,0.21384615384615385,0.2631578947368418
SUP-CAT5-0473,FunCraft Distributors #473,Toys,Portland,East,contact473@wondermakers.com,0.14814814814814814,0.977948717948718,0.894736842105263
SUP-CAT5-0474,BrightPlay LLC #474,Toys,Miami,Central,contact474@wondermakers.com,0.48148148148148145,0.7953846153846154,0.21052631578947334
SUP-CAT5-0475,ToyForge Co. #475,Toys,Dallas,West,contact475@funcraft.com,0.5185185185185185,0.09487179487179487,0.15789473684210487
SUP-CAT5-0476,BrightPlay Supply Chain #476,Toys,Columbus,West,contact476@brightplay.com,0.6296296296296297,0.4107692307692308,0.5263157894736843
SUP-CAT5-0477,ToyForge Distributors #477,Toys,Chicago,North,contact477@wondermakers.com,0.18518518518518517,0.4882051282051282,0.6315789473684212
SUP-CAT5-0478,Wondermakers Distributors #478,Toys,Newark,East,contact478@brightplay.com,0.4074074074074074,0.4015384615384615,0.894736842105263
SUP-CAT5-0479,Wondermakers Group #479,Toys,Dallas,Central,contact479@brightplay.com,0.7037037037037037,0.27487179487179486,0.2631578947368418
SUP-CAT5-0480,BrightPlay Distributors #480,Toys,Miami,Central,contact480@funcraft.com,0.14814814814814814,0.03538461538461538,0.894736842105263
SUP-CAT5-0481,FunCraft LLC #481,Toys,Rotterdam,East,contact481@wondermakers.com,0.07407407407407407,0.36564102564102563,0.10526315789473638
SUP-CAT5-0482,BrightPlay Partners #482,Toys,Chicago,East,contact482@playtimeimports.com,0.07407407407407407,0.2512820512820513,0.894736842105263
SUP-CAT5-0483,BrightPlay LLC #483,Toys,Denver,Central,contact483@playtimeimports.com,0.8148148148148148,0.9682051282051282,0.5263157894736843
SUP-CAT5-0484,FunCraft Trading #484,Toys,Newark,North,contact484@playtimeimports.com,0.0,0.8287179487179487,0.4210526315789473
SUP-CAT5-0485,ToyForge Co. #485,Toys,Hanoi,North,contact485@brightplay.com,0.7777777777777778,0.42717948717948717,0.2631578947368418
SUP-CAT5-0486,ToyForge Co. #486,Toys,Phoenix,West,contact486@playtimeimports.com,0.14814814814814814,0.7723076923076924,0.05263157894736848
SUP-CAT5-0487,Wondermakers Inc. #487,Toys,Chicago,South,contact487@wondermakers.com,0.37037037037037035,0.5364102564102564,0.3157894736842103
SUP-CAT5-0488,Wondermakers Wholesale #488,Toys,Phoenix,South,contact488@playtimeimports.com,0.8148148148148148,0.24358974358974358,0.47368421052631576
SUP-CAT5-0489,Playtime Imports Supply Chain #489,Toys,Newark,North,contact489@brightplay.com,0.9629629629629629,0.6502564102564102,0.2631578947368418
SUP-CAT5-0490,FunCraft LLC #490,Toys,Osaka,North,contact490@wondermakers.com,0.4074074074074074,0.6,0.3684210526315788
SUP-CAT5-0491,Wondermakers Ltd. #491,Toys,Hanoi,West,contact491@toyforge.com,0.8888888888888888,0.36512820512820515,0.8421052631578946
SUP-CAT5-0492,Wondermakers Trading #492,Toys,Hanoi,South,contact492@brightplay.com,0.7407407407407407,0.7856410256410257,1.0
SUP-CAT5-0493,Playtime Imports Trading #493,Toys,Shenzhen,North,contact493@playtimeimports.com,0.8148148148148148,0.20358974358974358,0.9473684210526315
SUP-CAT5-0494,FunCraft Trading #494,Toys,Seattle,South,contact494@playtimeimports.com,0.6666666666666666,0.9615384615384616,0.47368421052631576
SUP-CAT5-0495,ToyForge Wholesale #495,Toys,Dallas,Central,contact495@toyforge.com,0.7407407407407407,0.025128205128205128,0.9473684210526315
SUP-CAT5-0496,Playtime Imports Ltd. #496,Toys,Atlanta,East,contact496@funcraft.com,0.25925925925925924,0.18051282051282053,0.894736842105263
SUP-CAT5-0497,BrightPlay Wholesale #497,Toys,Shenzhen,West,contact497@brightplay.com,0.37037037037037035,0.26974358974358975,0.5263157894736843
SUP-CAT5-0498,ToyForge Trading #498,Toys,Atlanta,East,contact498@toyforge.com,0.3333333333333333,0.3394871794871795,0.5263157894736843
SUP-CAT5-0499,BrightPlay Group #499,Toys,Mumbai,West,contact499@toyforge.com,0.9629629629629629,0.009743589743589744,0.6842105263157897
SUP-CAT5-0500,FunCraft Trading #500,Toys,Osaka,Central,contact500@brightplay.com,0.8518518518518519,0.382051282051282,0.10526315789473638
SUP-CAT5-0501,Wondermakers Ltd. #501,Toys,Mumbai,East,contact501@funcraft.com,0.8518518518518519,0.22615384615384615,0.47368421052631576
SUP-CAT5-0502,ToyForge Group #502,Toys,Shenzhen,Central,contact502@brightplay.com,0.18518518518518517,0.15435897435897436,0.3684210526315788
SUP-CAT5-0503,Playtime Imports Distributors #503,Toys,Newark,South,contact503@playtimeimports.com,0.2222222222222222,0.49025641025641026,0.7368421052631576
SUP-CAT5-0504,Playtime Imports Inc. #504,Toys,Denver,South,contact504@wondermakers.com,0.18518518518518517,0.2194871794871795,0.10526315789473638
SUP-CAT5-0505,BrightPlay Ltd. #505,Toys,Rotterdam,North,contact505@funcraft.com,0.7037037037037037,0.9548717948717949,0.4210526315789473
SUP-CAT5-0506,ToyForge Inc. #506,Toys,Miami,Central,contact506@toyforge.com,0.6296296296296297,0.66,0.3684210526315788
SUP-CAT5-0507,ToyForge Trading #507,Toys,Miami,Central,contact507@wondermakers.com,0.8518518518518519,0.7497435897435898,0.47368421052631576
SUP-CAT5-0508,BrightPlay Co. #508,Toys,Hanoi,East,contact508@wondermakers.com,0.37037037037037035,0.050256410256410255,0.3157894736842103
SUP-CAT5-0509,ToyForge Partners #509,Toys,Mumbai,Central,contact509@brightplay.com,0.1111111111111111,0.21128205128205127,0.7894736842105261
SUP-CAT5-0510,FunCraft LLC #510,Toys,Phoenix,South,contact510@playtimeimports.com,1.0,0.861025641025641,0.7894736842105261
SUP-CAT5-0511,BrightPlay Supply Chain #511,Toys,Mumbai,West,contact511@funcraft.com,0.4074074074074074,0.47025641025641024,0.3684210526315788
SUP-CAT5-0512,ToyForge Co. #512,Toys,Columbus,East,contact512@wondermakers.com,0.1111111111111111,0.9958974358974358,0.5789473684210528
SUP-CAT5-0513,BrightPlay LLC #513,Toys,Phoenix,North,contact513@toyforge.com,1.0,0.09897435897435898,0.7894736842105261
SUP-CAT5-0514,FunCraft Co. #514,Toys,Miami,Central,contact514@funcraft.com,0.18518518518518517,0.06666666666666667,0.10526315789473638
SUP-CAT5-0515,Wondermakers Supply Chain #515,Toys,Osaka,South,contact515@wondermakers.com,0.3333333333333333,0.9856410256410256,0.8421052631578946
SUP-CAT5-0516,Wondermakers Co. #516,Toys,Columbus,South,contact516@wondermakers.com,0.4074074074074074,0.010769230769230769,0.3157894736842103
SUP-CAT5-0517,FunCraft Inc. #517,Toys,Seattle,South,contact517@funcraft.com,0.4074074074074074,0.18205128205128204,0.3684210526315788
SUP-CAT5-0518,ToyForge Wholesale #518,Toys,Denver,South,contact518@brightplay.com,0.3333333333333333,0.6953846153846154,0.7368421052631576
SUP-CAT5-0519,FunCraft LLC #519,Toys,Phoenix,South,contact519@toyforge.com,0.0,0.30153846153846153,0.21052631578947334
SUP-CAT5-0520,ToyForge Ltd. #520,Toys,Shenzhen,South,contact520@funcraft.com,0.7407407407407407,0.8651282051282051,0.4210526315789473
SUP-CAT5-0521,Playtime Imports Wholesale #521,Toys,Portland,South,contact521@toyforge.com,0.7777777777777778,0.8476923076923077,0.21052631578947334
SUP-CAT5-0522,ToyForge Supply Chain #522,Toys,Shenzhen,South,contact522@wondermakers.com,0.7037037037037037,0.49948717948717947,0.5789473684210528
SUP-CAT5-0523,BrightPlay Inc. #523,Toys,Rotterdam,Central,contact523@funcraft.com,0.2222222222222222,0.2958974358974359,0.3684210526315788
SUP-CAT5-0524,ToyForge Group #524,Toys,Hanoi,East,contact524@playtimeimports.com,0.37037037037037035,0.39794871794871794,0.8421052631578946
SUP-CAT5-0525,BrightPlay Trading #525,Toys,Portland,North,contact525@playtimeimports.com,0.6296296296296297,0.6841025641025641,0.4210526315789473
SUP-CAT5-0526,FunCraft Partners #526,Toys,Hanoi,East,contact526@brightplay.com,0.48148148148148145,0.3994871794871795,0.3157894736842103
SUP-CAT5-0527,ToyForge Distributors #527,Toys,Rotterdam,North,contact527@brightplay.com,0.4074074074074074,0.8912820512820513,0.0
SUP-CAT5-0528,Playtime Imports Distributors #528,Toys,Shenzhen,East,contact528@funcraft.com,0.5555555555555556,0.9487179487179487,0.7894736842105261
SUP-CAT5-0529,Playtime Imports Ltd. #529,Toys,Shenzhen,East,contact529@brightplay.com,0.5555555555555556,0.6943589743589743,0.4210526315789473
SUP-CAT5-0530,Playtime Imports Distributors #530,Toys,Shenzhen,South,contact530@funcraft.com,0.4074074074074074,0.8851282051282051,0.5789473684210528
SUP-CAT5-0531,ToyForge Supply Chain #531,Toys,Dallas,North,contact531@playtimeimports.com,0.4444444444444444,0.3251282051282051,0.7368421052631576
SUP-CAT5-0532,Wondermakers LLC #532,Toys,Denver,West,contact532@funcraft.com,0.4444444444444444,0.25846153846153846,0.2631578947368418
SUP-CAT5-0533,ToyForge LLC #533,Toys,Rotterdam,Central,contact533@brightplay.com,0.037037037037037035,0.5994871794871794,0.6842105263157897
SUP-CAT5-0534,FunCraft LLC #534,Toys,Osaka,West,contact534@playtimeimports.com,0.7777777777777778,0.41384615384615386,0.0
SUP-CAT5-0535,Wondermakers Trading #535,Toys,Newark,North,contact535@funcraft.com,0.18518518518518517,0.9758974358974359,0.10526315789473638
SUP-CAT5-0536,ToyForge Co. #536,Toys,Miami,East,contact536@funcraft.com,0.5185185185185185,0.9774358974358974,0.3684210526315788
SUP-CAT5-0537,Playtime Imports Group #537,Toys,Denver,East,contact537@brightplay.com,0.2222222222222222,0.9728205128205129,0.8421052631578946
SUP-CAT5-0538,Wondermakers LLC #538,Toys,Rotterdam,South,contact538@wondermakers.com,0.6666666666666666,0.6343589743589744,0.2631578947368418
SUP-CAT5-0539,Wondermakers Ltd. #539,Toys,Dallas,South,contact539@wondermakers.com,0.4074074074074074,0.052307692307692305,0.3684210526315788
SUP-CAT5-0540,BrightPlay Distributors #540,Toys,Mumbai,West,contact540@brightplay.com,0.6666666666666666,0.5723076923076923,0.894736842105263
SUP-CAT5-0541,Playtime Imports Ltd. #541,Toys,Denver,South,contact541@brightplay.com,0.48148148148148145,0.18974358974358974,0.3157894736842103
SUP-CAT5-0542,Wondermakers Trading #542,Toys,Rotterdam,East,contact542@toyforge.com,0.9629629629629629,0.8635897435897436,0.21052631578947334
SUP-CAT5-0543,ToyForge Distributors #543,Toys,Seattle,West,contact543@playtimeimports.com,0.8148148148148148,0.04871794871794872,0.47368421052631576
SUP-CAT5-0544,Wondermakers Ltd. #544,Toys,Chicago,East,contact544@playtimeimports.com,0.48148148148148145,0.36564102564102563,0.6842105263157897
SUP-CAT5-0545,Playtime Imports Inc. #545,Toys,Columbus,West,contact545@playtimeimports.com,0.6666666666666666,0.13025641025641024,0.8421052631578946
SUP-CAT5-0546,ToyForge LLC #546,Toys,Chicago,South,contact546@brightplay.com,0.7777777777777778,0.498974358974359,0.21052631578947334
SUP-CAT5-0547,BrightPlay Group #547,Toys,Osaka,South,contact547@playtimeimports.com,0.5925925925925926,0.34512820512820513,0.47368421052631576
SUP-CAT5-0548,FunCraft Wholesale #548,Toys,Columbus,North,contact548@funcraft.com,0.0,0.637948717948718,0.2631578947368418
SUP-CAT5-0549,FunCraft Trading #549,Toys,Rotterdam,North,contact549@playtimeimports.com,0.5185185185185185,0.29794871794871797,0.7894736842105261
SUP-CAT5-0550,FunCraft Co. #550,Toys,Shenzhen,North,contact550@brightplay.com,1.0,0.9348717948717948,0.894736842105263
SUP-CAT5-0551,FunCraft Co. #551,Toys,Rotterdam,South,contact551@funcraft.com,0.2962962962962963,0.17384615384615384,0.894736842105263
SUP-CAT5-0552,ToyForge Distributors #552,Toys,Portland,Central,contact552@playtimeimports.com,0.037037037037037035,0.43743589743589745,0.3684210526315788
SUP-CAT5-0553,BrightPlay Inc. #553,Toys,Mumbai,South,contact553@wondermakers.com,0.1111111111111111,0.2794871794871795,0.3157894736842103
SUP-CAT5-0554,FunCraft Distributors #554,Toys,Chicago,South,contact554@playtimeimports.com,0.1111111111111111,0.5641025641025641,0.21052631578947334
SUP-CAT5-0555,Wondermakers Wholesale #555,Toys,Hanoi,West,contact555@wondermakers.com,0.2222222222222222,0.8133333333333334,0.5263157894736843
SUP-CAT5-0556,BrightPlay Ltd. #556,Toys,Shenzhen,East,contact556@toyforge.com,0.0,0.9928205128205129,0.21052631578947334
SUP-CAT5-0557,Wondermakers Inc. #557,Toys,Seattle,West,contact557@brightplay.com,0.5555555555555556,0.7164102564102565,0.9473684210526315
SUP-CAT5-0558,Wondermakers Ltd. #558,Toys,Seattle,North,contact558@playtimeimports.com,0.8148148148148148,0.4938461538461538,0.2631578947368418
SUP-CAT5-0559,Playtime Imports Trading #559,Toys,Portland,Central,contact559@playtimeimports.com,0.9629629629629629,0.19282051282051282,0.6315789473684212
SUP-CAT5-0560,Wondermakers Partners #560,Toys,Rotterdam,East,contact560@brightplay.com,0.2962962962962963,0.578974358974359,0.4210526315789473
SUP-CAT5-0561,Playtime Imports Group #561,Toys,Rotterdam,East,contact561@brightplay.com,0.037037037037037035,0.2548717948717949,0.5789473684210528
SUP-CAT5-0562,ToyForge Distributors #562,Toys,Miami,Central,contact562@brightplay.com,0.5185185185185185,0.3374358974358974,0.7368421052631576
SUP-CAT5-0563,FunCraft Supply Chain #563,Toys,Columbus,North,contact563@toyforge.com,0.37037037037037035,0.44871794871794873,0.10526315789473638
SUP-CAT5-0564,FunCraft Group #564,Toys,Denver,East,contact564@funcraft.com,0.2222222222222222,0.26615384615384613,0.15789473684210487
SUP-CAT5-0565,ToyForge Ltd. #565,Toys,Miami,West,contact565@wondermakers.com,0.6666666666666666,0.5061538461538462,0.21052631578947334
SUP-CAT5-0566,Wondermakers Trading #566,Toys,Denver,West,contact566@wondermakers.com,0.5185185185185185,0.11128205128205128,0.05263157894736848
SUP-CAT5-0567,FunCraft Inc. #567,Toys,Osaka,East,contact567@funcraft.com,0.5925925925925926,0.18461538461538463,1.0
SUP-CAT5-0568,FunCraft Distributors #568,Toys,Hanoi,North,contact568@brightplay.com,0.8518518518518519,0.898974358974359,0.8421052631578946
SUP-CAT5-0569,FunCraft Ltd. #569,Toys,Mumbai,East,contact569@brightplay.com,0.37037037037037035,0.9523076923076923,0.4210526315789473
SUP-CAT5-0570,FunCraft Partners #570,Toys,Chicago,South,contact570@playtimeimports.com,0.9629629629629629,0.4461538461538462,0.3157894736842103
SUP-CAT5-0571,BrightPlay Supply Chain #571,Toys,Seattle,Central,contact571@wondermakers.com,0.4074074074074074,0.5902564102564103,0.47368421052631576
SUP-CAT5-0572,FunCraft Wholesale #572,Toys,Seattle,North,contact572@toyforge.com,0.7407407407407407,0.49641025641025643,0.4210526315789473
SUP-CAT5-0573,ToyForge Wholesale #573,Toys,Shenzhen,South,contact573@funcraft.com,0.8148148148148148,0.3871794871794872,0.6315789473684212
SUP-CAT5-0574,Playtime Imports Supply Chain #574,Toys,Hanoi,Central,contact574@brightplay.com,0.6296296296296297,0.9517948717948718,0.5263157894736843
SUP-CAT5-0575,FunCraft Distributors #575,Toys,Miami,East,contact575@toyforge.com,0.7037037037037037,0.5641025641025641,0.5789473684210528
SUP-CAT5-0576,FunCraft Wholesale #576,Toys,Osaka,East,contact576@playtimeimports.com,0.3333333333333333,0.8430769230769231,0.3684210526315788
SUP-CAT5-0577,ToyForge Wholesale #577,Toys,Hanoi,West,contact577@playtimeimports.com,0.4074074074074074,0.8235897435897436,0.05263157894736848
SUP-CAT5-0578,ToyForge Ltd. #578,Toys,Denver,East,contact578@funcraft.com,0.037037037037037035,0.5143589743589744,0.3157894736842103
SUP-CAT5-0579,Wondermakers Ltd. #579,Toys,Osaka,West,contact579@wondermakers.com,0.14814814814814814,0.06307692307692307,0.47368421052631576
SUP-CAT5-0580,Playtime Imports Distributors #580,Toys,Chicago,East,contact580@wondermakers.com,0.2962962962962963,0.9753846153846154,0.894736842105263
SUP-CAT5-0581,ToyForge Trading #581,Toys,Rotterdam,South,contact581@wondermakers.com,0.9629629629629629,0.3994871794871795,0.2631578947368418
SUP-CAT5-0582,ToyForge Partners #582,Toys,Atlanta,Central,contact582@wondermakers.com,0.7777777777777778,0.7005128205128205,0.21052631578947334
SUP-CAT5-0583,Playtime Imports Distributors #583,Toys,Rotterdam,North,contact583@playtimeimports.com,0.2962962962962963,0.02205128205128205,0.9473684210526315
SUP-CAT5-0584,FunCraft Inc. #584,Toys,Atlanta,North,contact584@playtimeimports.com,0.3333333333333333,0.045641025641025644,0.894736842105263
SUP-CAT5-0585,ToyForge Trading #585,Toys,Osaka,East,contact585@brightplay.com,0.5185185185185185,0.5497435897435897,0.15789473684210487
SUP-CAT5-0586,FunCraft Inc. #586,Toys,Shenzhen,Central,contact586@brightplay.com,0.7037037037037037,0.5107692307692308,0.05263157894736848
SUP-CAT5-0587,ToyForge Supply Chain #587,Toys,Osaka,Central,contact587@brightplay.com,0.5555555555555556,0.8435897435897436,0.3157894736842103
SUP-CAT5-0588,ToyForge Wholesale #588,Toys,Phoenix,Central,contact588@wondermakers.com,0.1111111111111111,0.9666666666666667,0.8421052631578946
SUP-CAT5-0589,FunCraft Co. #589,Toys,Newark,West,contact589@toyforge.com,0.1111111111111111,0.20256410256410257,0.7368421052631576
SUP-CAT5-0590,Playtime Imports LLC #590,Toys,Dallas,East,contact590@funcraft.com,0.1111111111111111,0.1764102564102564,0.9473684210526315
SUP-CAT5-0591,BrightPlay LLC #591,Toys,Osaka,Central,contact591@playtimeimports.com,0.18518518518518517,0.06102564102564102,0.7368421052631576
SUP-CAT5-0592,ToyForge Ltd. #592,Toys,Portland,West,contact592@toyforge.com,0.9259259259259259,0.13230769230769232,0.2631578947368418
SUP-CAT5-0593,BrightPlay Trading #593,Toys,Phoenix,South,contact593@funcraft.com,0.5925925925925926,0.17743589743589744,0.6315789473684212
SUP-CAT5-0594,Playtime Imports Distributors #594,Toys,Portland,South,contact594@playtimeimports.com,0.6296296296296297,0.8435897435897436,0.6842105263157897
SUP-CAT5-0595,Playtime Imports Wholesale #595,Toys,Rotterdam,South,contact595@playtimeimports.com,0.037037037037037035,0.7584615384615384,0.21052631578947334
SUP-CAT5-0596,Playtime Imports Co. #596,Toys,Hanoi,East,contact596@playtimeimports.com,0.037037037037037035,0.16923076923076924,0.21052631578947334
SUP-CAT5-0597,Playtime Imports Partners #597,Toys,Chicago,North,contact597@wondermakers.com,0.6296296296296297,0.8497435897435898,0.05263157894736848
SUP-CAT5-0598,Playtime Imports Group #598,Toys,Rotterdam,West,contact598@playtimeimports.com,0.07407407407407407,0.4887179487179487,0.3157894736842103
SUP-CAT5-0599,Playtime Imports Wholesale #599,Toys,Seattle,West,contact599@wondermakers.com,0.5185185185185185,0.6056410256410256,0.15789473684210487
SUP-CAT5-0600,ToyForge Group #600,Toys,Rotterdam,South,contact600@toyforge.com,0.25925925925925924,0.2276923076923077,0.2631578947368418
SUP-CAT5-0601,Playtime Imports Partners #601,Toys,Portland,North,contact601@playtimeimports.com,0.8148148148148148,0.2723076923076923,0.9473684210526315
SUP-CAT5-0602,FunCraft Distributors #602,Toys,Phoenix,North,contact602@wondermakers.com,0.0,0.059487179487179485,0.15789473684210487
SUP-CAT5-0603,Playtime Imports Supply Chain #603,Toys,Denver,West,contact603@wondermakers.com,0.8888888888888888,0.4328205128205128,0.6842105263157897
SUP-CAT5-0604,ToyForge Ltd. #604,Toys,Miami,South,contact604@wondermakers.com,0.14814814814814814,0.7646153846153846,0.21052631578947334
SUP-CAT5-0605,FunCraft Distributors #605,Toys,Atlanta,North,contact605@funcraft.com,0.4444444444444444,0.40205128205128204,0.7368421052631576
SUP-CAT5-0606,BrightPlay Co. #606,Toys,Miami,North,contact606@brightplay.com,0.4444444444444444,0.0041025641025641026,0.5263157894736843
SUP-CAT5-0607,FunCraft LLC #607,Toys,Rotterdam,North,contact607@toyforge.com,0.0,0.14512820512820512,0.15789473684210487
SUP-CAT5-0608,BrightPlay Ltd. #608,Toys,Osaka,West,contact608@toyforge.com,1.0,0.009743589743589744,0.21052631578947334
SUP-CAT5-0609,Wondermakers Co. #609,Toys,Hanoi,West,contact609@brightplay.com,0.8518518518518519,0.8282051282051283,0.7894736842105261
SUP-CAT5-0610,BrightPlay LLC #610,Toys,Newark,North,contact610@playtimeimports.com,0.8518518518518519,0.6143589743589744,0.6842105263157897
SUP-CAT5-0611,BrightPlay Wholesale #611,Toys,Shenzhen,Central,contact611@toyforge.com,0.7407407407407407,0.05897435897435897,0.894736842105263
SUP-CAT5-0612,Wondermakers Trading #612,Toys,Portland,North,contact612@funcraft.com,1.0,0.5517948717948717,0.8421052631578946
SUP-CAT5-0613,FunCraft Distributors #613,Toys,Mumbai,West,contact613@playtimeimports.com,0.7407407407407407,0.08205128205128205,0.5789473684210528
SUP-CAT5-0614,Playtime Imports Co. #614,Toys,Dallas,West,contact614@funcraft.com,0.7407407407407407,0.7846153846153846,0.894736842105263
SUP-CAT5-0615,BrightPlay Inc. #615,Toys,Denver,East,contact615@wondermakers.com,0.07407407407407407,0.49743589743589745,0.2631578947368418
SUP-CAT5-0616,Wondermakers Supply Chain #616,Toys,Denver,East,contact616@funcraft.com,0.037037037037037035,0.9446153846153846,0.21052631578947334
SUP-CAT5-0617,ToyForge Supply Chain #617,Toys,Miami,South,contact617@brightplay.com,0.6296296296296297,0.33794871794871795,0.10526315789473638
SUP-CAT5-0618,BrightPlay Co. #618,Toys,Mumbai,East,contact618@playtimeimports.com,0.2222222222222222,0.9143589743589744,0.3157894736842103
SUP-CAT5-0619,FunCraft Partners #619,Toys,Rotterdam,North,contact619@funcraft.com,0.18518518518518517,0.5435897435897435,0.3157894736842103
SUP-CAT5-0620,ToyForge Supply Chain #620,Toys,Denver,West,contact620@toyforge.com,0.6296296296296297,0.5523076923076923,1.0
SUP-CAT5-0621,ToyForge Inc. #621,Toys,Phoenix,Central,contact621@wondermakers.com,0.7037037037037037,0.882051282051282,0.7368421052631576
SUP-CAT5-0622,FunCraft Co. #622,Toys,Portland,North,contact622@brightplay.com,0.6666666666666666,0.4158974358974359,0.7894736842105261
SUP-CAT5-0623,BrightPlay Group #623,Toys,Osaka,South,contact623@wondermakers.com,0.7037037037037037,0.45897435897435895,0.8421052631578946
SUP-CAT5-0624,FunCraft Trading #624,Toys,Portland,South,contact624@brightplay.com,0.4074074074074074,0.5420512820512821,0.10526315789473638
SUP-CAT5-0625,ToyForge Partners #625,Toys,Dallas,North,contact625@wondermakers.com,0.4074074074074074,0.8656410256410256,0.6315789473684212
SUP-CAT5-0626,Wondermakers Group #626,Toys,Chicago,Central,contact626@playtimeimports.com,0.7777777777777778,0.9671794871794872,0.6315789473684212
SUP-CAT5-0627,Wondermakers Group #627,Toys,Denver,Central,contact627@toyforge.com,0.8888888888888888,0.1712820512820513,0.6315789473684212
SUP-CAT5-0628,FunCraft Inc. #628,Toys,Mumbai,West,contact628@funcraft.com,0.7037037037037037,0.5661538461538461,0.6315789473684212
SUP-CAT5-0629,ToyForge Partners #629,Toys,Miami,North,contact629@wondermakers.com,0.8148148148148148,0.8292307692307692,0.15789473684210487
SUP-CAT5-0630,Wondermakers Trading #630,Toys,Hanoi,Central,contact630@funcraft.com,0.8888888888888888,0.8846153846153846,0.47368421052631576
SUP-CAT5-0631,Playtime Imports Co. #631,Toys,Chicago,West,contact631@brightplay.com,0.9259259259259259,0.2558974358974359,0.4210526315789473
SUP-CAT5-0632,Playtime Imports Partners #632,Toys,Dallas,North,contact632@funcraft.com,0.2962962962962963,0.6492307692307693,0.7894736842105261
SUP-CAT5-0633,Playtime Imports Trading #633,Toys,Portland,East,contact633@funcraft.com,0.4074074074074074,0.541025641025641,0.3157894736842103
SUP-CAT5-0634,Wondermakers Wholesale #634,Toys,Seattle,East,contact634@brightplay.com,0.4444444444444444,0.22666666666666666,0.47368421052631576
SUP-CAT5-0635,Playtime Imports LLC #635,Toys,Hanoi,Central,contact635@playtimeimports.com,0.14814814814814814,0.13128205128205128,0.6842105263157897
SUP-CAT5-0636,ToyForge Partners #636,Toys,Shenzhen,West,contact636@funcraft.com,0.1111111111111111,0.15333333333333332,0.7368421052631576
SUP-CAT5-0637,ToyForge Trading #637,Toys,Seattle,East,contact637@toyforge.com,0.8888888888888888,0.3984615384615385,0.05263157894736848
SUP-CAT5-0638,BrightPlay Distributors #638,Toys,Newark,North,contact638@funcraft.com,0.8148148148148148,0.13435897435897437,0.10526315789473638
SUP-CAT5-0639,Wondermakers Supply Chain #639,Toys,Dallas,Central,contact639@toyforge.com,0.8148148148148148,0.72,0.05263157894736848
SUP-CAT5-0640,ToyForge Wholesale #640,Toys,Miami,East,contact640@funcraft.com,0.7777777777777778,0.24717948717948718,0.21052631578947334
SUP-CAT5-0641,FunCraft Wholesale #641,Toys,Chicago,East,contact641@funcraft.com,0.2962962962962963,0.36102564102564105,0.10526315789473638
SUP-CAT5-0642,ToyForge LLC #642,Toys,Seattle,East,contact642@toyforge.com,0.5185185185185185,0.016923076923076923,0.0
SUP-CAT5-0643,BrightPlay Partners #643,Toys,Osaka,West,contact643@wondermakers.com,0.3333333333333333,0.8825641025641026,0.7894736842105261
SUP-CAT5-0644,ToyForge LLC #644,Toys,Columbus,Central,contact644@funcraft.com,0.5925925925925926,0.2569230769230769,0.5789473684210528
SUP-CAT5-0645,BrightPlay Distributors #645,Toys,Atlanta,Central,contact645@wondermakers.com,0.5555555555555556,0.3446153846153846,0.10526315789473638
SUP-CAT5-0646,Wondermakers Ltd. #646,Toys,Rotterdam,South,contact646@funcraft.com,0.6296296296296297,0.04461538461538461,0.21052631578947334
SUP-CAT5-0647,FunCraft Trading #647,Toys,Denver,South,contact647@funcraft.com,1.0,0.963076923076923,0.5263157894736843
SUP-CAT5-0648,BrightPlay Wholesale #648,Toys,Hanoi,West,contact648@playtimeimports.com,0.5925925925925926,0.36102564102564105,0.7368421052631576
SUP-CAT5-0649,ToyForge Ltd. #649,Toys,Atlanta,North,contact649@playtimeimports.com,0.18518518518518517,0.9241025641025641,0.15789473684210487
SUP-CAT5-0650,BrightPlay Trading #650,Toys,Phoenix,East,contact650@toyforge.com,0.5555555555555556,0.5543589743589744,0.6315789473684212
SUP-CAT5-0651,Playtime Imports Supply Chain #651,Toys,Rotterdam,Central,contact651@funcraft.com,0.5555555555555556,0.2887179487179487,0.8421052631578946
SUP-CAT5-0652,Playtime Imports Ltd. #652,Toys,Denver,West,contact652@playtimeimports.com,0.18518518518518517,0.19692307692307692,0.5263157894736843
SUP-CAT5-0653,ToyForge Distributors #653,Toys,Seattle,Central,contact653@wondermakers.com,0.5925925925925926,0.7748717948717949,0.6315789473684212
SUP-CAT5-0654,Wondermakers Distributors #654,Toys,Shenzhen,Central,contact654@wondermakers.com,1.0,0.5364102564102564,0.0
SUP-CAT5-0655,FunCraft Wholesale #655,Toys,Hanoi,North,contact655@wondermakers.com,0.2962962962962963,0.7646153846153846,0.0
SUP-CAT5-0656,FunCraft Ltd. #656,Toys,Osaka,South,contact656@wondermakers.com,0.5185185185185185,0.34564102564102567,0.894736842105263
SUP-CAT5-0657,FunCraft Group #657,Toys,Phoenix,Central,contact657@brightplay.com,0.8888888888888888,0.5846153846153846,0.7894736842105261
SUP-CAT5-0658,Playtime Imports Supply Chain #658,Toys,Seattle,North,contact658@wondermakers.com,0.1111111111111111,0.5656410256410257,0.894736842105263
SUP-CAT5-0659,FunCraft Supply Chain #659,Toys,Portland,East,contact659@funcraft.com,0.4074074074074074,0.8846153846153846,0.3684210526315788
SUP-CAT5-0660,BrightPlay Ltd. #660,Toys,Mumbai,West,contact660@wondermakers.com,0.48148148148148145,0.3717948717948718,0.2631578947368418
SUP-CAT5-0661,BrightPlay Trading #661,Toys,Columbus,North,contact661@toyforge.com,0.6296296296296297,0.897948717948718,0.7894736842105261
SUP-CAT5-0662,Wondermakers Supply Chain #662,Toys,Columbus,West,contact662@brightplay.com,0.2962962962962963,0.597948717948718,0.7894736842105261
SUP-CAT5-0663,BrightPlay Distributors #663,Toys,Osaka,North,contact663@brightplay.com,0.9259259259259259,0.2733333333333333,0.15789473684210487
SUP-CAT5-0664,Playtime Imports Inc. #664,Toys,Atlanta,Central,contact664@toyforge.com,0.5925925925925926,0.5958974358974359,0.9473684210526315
SUP-CAT5-0665,ToyForge Partners #665,Toys,Miami,Central,contact665@funcraft.com,0.0,0.2794871794871795,0.10526315789473638
SUP-CAT5-0666,ToyForge Trading #666,Toys,Miami,West,contact666@playtimeimports.com,0.7777777777777778,0.6025641025641025,0.10526315789473638
SUP-CAT5-0667,BrightPlay Supply Chain #667,Toys,Phoenix,East,contact667@funcraft.com,0.14814814814814814,0.31333333333333335,0.10526315789473638
SUP-CAT5-0668,BrightPlay Partners #668,Toys,Newark,North,contact668@playtimeimports.com,0.07407407407407407,0.13948717948717948,0.3157894736842103
SUP-CAT5-0669,ToyForge Inc. #669,Toys,Atlanta,East,contact669@toyforge.com,0.6296296296296297,0.5564102564102564,0.3157894736842103
SUP-CAT5-0670,Wondermakers Group #670,Toys,Mumbai,Central,contact670@toyforge.com,0.0,0.9712820512820513,0.3157894736842103
SUP-CAT5-0671,FunCraft Ltd. #671,Toys,Mumbai,West,contact671@brightplay.com,0.2962962962962963,0.8743589743589744,0.7894736842105261
SUP-CAT5-0672,BrightPlay Distributors #672,Toys,Seattle,West,contact672@funcraft.com,0.37037037037037035,0.07948717948717948,0.21052631578947334
SUP-CAT5-0673,Wondermakers LLC #673,Toys,Atlanta,South,contact673@playtimeimports.com,0.2962962962962963,0.5035897435897436,0.3157894736842103
SUP-CAT5-0674,Wondermakers Wholesale #674,Toys,Portland,South,contact674@funcraft.com,1.0,0.5276923076923077,0.6842105263157897
SUP-CAT5-0675,Wondermakers LLC #675,Toys,Osaka,West,contact675@brightplay.com,0.2222222222222222,0.1523076923076923,0.3157894736842103
SUP-CAT5-0676,ToyForge Supply Chain #676,Toys,Mumbai,East,contact676@brightplay.com,0.2222222222222222,0.13435897435897437,0.4210526315789473
SUP-CAT5-0677,BrightPlay Partners #677,Toys,Columbus,East,contact677@playtimeimports.com,0.6296296296296297,0.16102564102564101,0.9473684210526315
SUP-CAT5-0678,FunCraft Wholesale #678,Toys,Dallas,Central,contact678@funcraft.com,0.7037037037037037,0.6405128205128205,0.3157894736842103
SUP-CAT5-0679,FunCraft Wholesale #679,Toys,Dallas,South,contact679@toyforge.com,0.3333333333333333,0.4282051282051282,0.894736842105263
SUP-CAT5-0680,FunCraft LLC #680,Toys,Dallas,West,contact680@brightplay.com,0.8148148148148148,0.5353846153846153,0.5789473684210528
SUP-CAT5-0681,Wondermakers Supply Chain #681,Toys,Mumbai,North,contact681@brightplay.com,0.7777777777777778,0.2887179487179487,0.15789473684210487
SUP-CAT5-0682,Playtime Imports Trading #682,Toys,Newark,Central,contact682@brightplay.com,0.8148148148148148,0.24871794871794872,0.7894736842105261
SUP-CAT5-0683,ToyForge Distributors #683,Toys,Chicago,Central,contact683@playtimeimports.com,0.9259259259259259,0.4482051282051282,0.05263157894736848
SUP-CAT5-0684,BrightPlay Supply Chain #684,Toys,Osaka,South,contact684@funcraft.com,0.2222222222222222,0.11333333333333333,0.05263157894736848
SUP-CAT5-0685,ToyForge Inc. #685,Toys,Rotterdam,North,contact685@funcraft.com,0.7777777777777778,0.40102564102564103,0.6315789473684212
SUP-CAT5-0686,Playtime Imports Ltd. #686,Toys,Phoenix,East,contact686@funcraft.com,0.5555555555555556,0.7446153846153846,0.4210526315789473
SUP-CAT5-0687,ToyForge Supply Chain #687,Toys,Denver,East,contact687@toyforge.com,0.4074074074074074,0.7892307692307692,0.8421052631578946
SUP-CAT5-0688,FunCraft Wholesale #688,Toys,Seattle,Central,contact688@toyforge.com,0.8888888888888888,0.5456410256410257,0.7894736842105261
SUP-CAT5-0689,Wondermakers Supply Chain #689,Toys,Newark,East,contact689@brightplay.com,0.8888888888888888,0.18512820512820513,0.894736842105263
SUP-CAT5-0690,Playtime Imports Group #690,Toys,Miami,Central,contact690@wondermakers.com,0.6666666666666666,0.8907692307692308,0.4210526315789473
SUP-CAT5-0691,BrightPlay Ltd. #691,Toys,Rotterdam,South,contact691@playtimeimports.com,0.037037037037037035,0.7671794871794871,0.894736842105263
SUP-CAT5-0692,Playtime Imports Co. #692,Toys,Newark,East,contact692@funcraft.com,1.0,0.9287179487179488,0.5263157894736843
SUP-CAT5-0693,Playtime Imports Co. #693,Toys,Columbus,West,contact693@brightplay.com,0.4074074074074074,0.3558974358974359,0.5263157894736843
SUP-CAT5-0694,BrightPlay Co. #694,Toys,Mumbai,Central,contact694@brightplay.com,0.18518518518518517,0.5656410256410257,0.3684210526315788
SUP-CAT5-0695,FunCraft Ltd. #695,Toys,Newark,East,contact695@brightplay.com,0.8518518518518519,0.8133333333333334,0.9473684210526315
SUP-CAT5-0696,FunCraft Partners #696,Toys,Denver,South,contact696@funcraft.com,0.8888888888888888,0.0917948717948718,0.4210526315789473
SUP-CAT5-0697,BrightPlay Supply Chain #697,Toys,Mumbai,South,contact697@funcraft.com,0.037037037037037035,0.6194871794871795,0.5263157894736843
SUP-CAT5-0698,FunCraft Partners #698,Toys,Atlanta,West,contact698@funcraft.com,0.5555555555555556,0.3594871794871795,0.7894736842105261
SUP-CAT5-0699,Playtime Imports Trading #699,Toys,Chicago,West,contact699@wondermakers.com,0.2222222222222222,0.7425641025641025,0.894736842105263
SUP-CAT5-0700,ToyForge Wholesale #700,Toys,Portland,East,contact700@brightplay.com,0.5925925925925926,0.4712820512820513,0.4210526315789473
SUP-CAT5-0701,Wondermakers Trading #701,Toys,Rotterdam,West,contact701@wondermakers.com,0.4074074074074074,0.6189743589743589,0.6842105263157897
SUP-CAT5-0702,FunCraft Co. #702,Toys,Osaka,East,contact702@funcraft.com,0.0,0.518974358974359,0.8421052631578946
SUP-CAT5-0703,Wondermakers Wholesale #703,Toys,Mumbai,North,contact703@wondermakers.com,0.25925925925925924,0.8584615384615385,0.05263157894736848
SUP-CAT5-0704,ToyForge LLC #704,Toys,Phoenix,West,contact704@toyforge.com,0.6296296296296297,0.7143589743589743,0.05263157894736848
SUP-CAT5-0705,Wondermakers Ltd. #705,Toys,Portland,South,contact705@wondermakers.com,0.25925925925925924,0.7405128205128205,0.47368421052631576
SUP-CAT5-0706,FunCraft Supply Chain #706,Toys,Denver,East,contact706@toyforge.com,1.0,0.05333333333333334,0.5263157894736843
SUP-CAT5-0707,FunCraft Trading #707,Toys,Denver,West,contact707@brightplay.com,0.7037037037037037,0.2923076923076923,0.6842105263157897
SUP-CAT5-0708,BrightPlay Distributors #708,Toys,Mumbai,North,contact708@funcraft.com,0.18518518518518517,0.28717948717948716,0.5263157894736843
SUP-CAT5-0709,Playtime Imports Inc. #709,Toys,Shenzhen,East,contact709@toyforge.com,0.4444444444444444,0.6902564102564103,0.7894736842105261
SUP-CAT5-0710,Playtime Imports Distributors #710,Toys,Phoenix,North,contact710@toyforge.com,0.3333333333333333,0.33692307692307694,0.2631578947368418
SUP-CAT5-0711,ToyForge Inc. #711,Toys,Rotterdam,East,contact711@wondermakers.com,0.7777777777777778,0.5092307692307693,0.5263157894736843
SUP-CAT5-0712,BrightPlay LLC #712,Toys,Chicago,East,contact712@funcraft.com,0.5925925925925926,0.5743589743589743,0.7894736842105261
SUP-CAT5-0713,Wondermakers Group #713,Toys,Chicago,South,contact713@playtimeimports.com,0.0,0.837948717948718,0.8421052631578946
SUP-CAT5-0714,ToyForge Wholesale #714,Toys,Rotterdam,South,contact714@playtimeimports.com,0.7037037037037037,0.6656410256410257,0.2631578947368418
SUP-CAT5-0715,Wondermakers Trading #715,Toys,Shenzhen,South,contact715@playtimeimports.com,0.9259259259259259,0.88,0.8421052631578946
SUP-CAT5-0716,Playtime Imports Distributors #716,Toys,Miami,East,contact716@playtimeimports.com,0.8888888888888888,0.5876923076923077,0.05263157894736848
SUP-CAT5-0717,FunCraft LLC #717,Toys,Rotterdam,West,contact717@wondermakers.com,0.7407407407407407,0.517948717948718,0.9473684210526315
SUP-CAT5-0718,Wondermakers Distributors #718,Toys,Hanoi,East,contact718@wondermakers.com,0.6296296296296297,0.28512820512820514,0.7368421052631576
SUP-CAT5-0719,FunCraft Inc. #719,Toys,Miami,West,contact719@toyforge.com,0.8148148148148148,0.11692307692307692,0.9473684210526315
SUP-CAT5-0720,ToyForge Distributors #720,Toys,Mumbai,North,contact720@playtimeimports.com,0.7407407407407407,0.6266666666666667,0.15789473684210487
SUP-CAT5-0721,FunCraft Distributors #721,Toys,Denver,East,contact721@wondermakers.com,0.5185185185185185,0.04717948717948718,0.9473684210526315
SUP-CAT5-0722,FunCraft Ltd. #722,Toys,Phoenix,North,contact722@toyforge.com,0.5185185185185185,0.16307692307692306,0.9473684210526315
SUP-CAT5-0723,Wondermakers Trading #723,Toys,Miami,North,contact723@playtimeimports.com,0.3333333333333333,0.9897435897435898,0.8421052631578946
SUP-CAT5-0724,Wondermakers Wholesale #724,Toys,Osaka,North,contact724@toyforge.com,0.14814814814814814,0.9435897435897436,0.3684210526315788
SUP-CAT5-0725,ToyForge Inc. #725,Toys,Phoenix,South,contact725@toyforge.com,0.037037037037037035,0.34923076923076923,0.7368421052631576
SUP-CAT5-0726,BrightPlay Partners #726,Toys,Denver,West,contact726@toyforge.com,0.6296296296296297,0.358974358974359,0.47368421052631576
SUP-CAT5-0727,FunCraft LLC #727,Toys,Mumbai,East,contact727@toyforge.com,0.14814814814814814,0.9866666666666667,0.5263157894736843
SUP-CAT5-0728,BrightPlay Distributors #728,Toys,Newark,North,contact728@toyforge.com,0.5185185185185185,0.8312820512820512,0.5789473684210528
SUP-CAT5-0729,Wondermakers Trading #729,Toys,Mumbai,West,contact729@brightplay.com,0.4074074074074074,0.6702564102564103,0.5789473684210528
SUP-CAT5-0730,FunCraft Group #730,Toys,Atlanta,East,contact730@wondermakers.com,0.0,0.2312820512820513,1.0
SUP-CAT5-0731,BrightPlay Group #731,Toys,Osaka,Central,contact731@funcraft.com,0.5555555555555556,0.3230769230769231,0.15789473684210487
SUP-CAT5-0732,FunCraft Trading #732,Toys,Hanoi,North,contact732@wondermakers.com,0.18518518518518517,0.5948717948717949,0.6842105263157897
SUP-CAT5-0733,FunCraft Trading #733,Toys,Miami,Central,contact733@toyforge.com,0.5925925925925926,0.9887179487179487,0.894736842105263
SUP-CAT5-0734,BrightPlay Inc. #734,Toys,Portland,East,contact734@funcraft.com,0.3333333333333333,0.29333333333333333,0.5263157894736843
SUP-CAT5-0735,BrightPlay Ltd. #735,Toys,Columbus,South,contact735@toyforge.com,0.4444444444444444,0.7369230769230769,0.7894736842105261
SUP-CAT5-0736,FunCraft Group #736,Toys,Columbus,Central,contact736@wondermakers.com,0.18518518518518517,0.4128205128205128,0.5263157894736843
SUP-CAT5-0737,Wondermakers LLC #737,Toys,Osaka,East,contact737@brightplay.com,0.7777777777777778,0.7369230769230769,0.8421052631578946
SUP-CAT5-0738,Wondermakers Ltd. #738,Toys,Chicago,Central,contact738@brightplay.com,0.2962962962962963,0.8558974358974359,0.3684210526315788
SUP-CAT5-0739,ToyForge Inc. #739,Toys,Osaka,West,contact739@toyforge.com,0.18518518518518517,0.7748717948717949,0.5263157894736843
SUP-CAT5-0740,Playtime Imports Distributors #740,Toys,Seattle,South,contact740@funcraft.com,0.8518518518518519,0.84,0.4210526315789473
SUP-CAT5-0741,BrightPlay Wholesale #741,Toys,Phoenix,West,contact741@toyforge.com,0.6296296296296297,0.602051282051282,0.6842105263157897
SUP-CAT5-0742,Playtime Imports Distributors #742,Toys,Rotterdam,South,contact742@funcraft.com,0.2962962962962963,0.1041025641025641,0.3157894736842103
SUP-CAT5-0743,FunCraft Partners #743,Toys,Seattle,South,contact743@brightplay.com,0.9629629629629629,0.7056410256410256,0.3684210526315788
SUP-CAT5-0744,Wondermakers Trading #744,Toys,Mumbai,West,contact744@brightplay.com,0.6666666666666666,0.6476923076923077,0.4210526315789473
SUP-CAT5-0745,FunCraft LLC #745,Toys,Columbus,Central,contact745@playtimeimports.com,0.3333333333333333,0.3041025641025641,0.2631578947368418
SUP-CAT5-0746,Wondermakers Trading #746,Toys,Newark,Central,contact746@playtimeimports.com,0.5555555555555556,0.06153846153846154,0.3157894736842103
SUP-CAT5-0747,ToyForge Ltd. #747,Toys,Mumbai,South,contact747@funcraft.com,0.8518518518518519,0.8384615384615385,0.5789473684210528
SUP-CAT5-0748,Playtime Imports LLC #748,Toys,Dallas,North,contact748@playtimeimports.com,0.6296296296296297,0.5666666666666667,0.15789473684210487
SUP-CAT5-0749,Playtime Imports Distributors #749,Toys,Miami,South,contact749@funcraft.com,0.9259259259259259,0.9441025641025641,0.8421052631578946
SUP-CAT5-0750,FunCraft LLC #750,Toys,Miami,East,contact750@toyforge.com,0.8148148148148148,0.38,0.47368421052631576
SUP-CAT5-0751,ToyForge Co. #751,Toys,Newark,West,contact751@funcraft.com,0.37037037037037035,0.07743589743589743,0.9473684210526315
SUP-CAT5-0752,Wondermakers Inc. #752,Toys,Atlanta,East,contact752@playtimeimports.com,0.8888888888888888,0.12871794871794873,0.05263157894736848
SUP-CAT5-0753,FunCraft Ltd. #753,Toys,Denver,South,contact753@funcraft.com,0.37037037037037035,0.031794871794871796,0.21052631578947334
SUP-CAT5-0754,Wondermakers Group #754,Toys,Columbus,North,contact754@brightplay.com,0.0,0.5271794871794871,0.47368421052631576
SUP-CAT5-0755,Wondermakers Distributors #755,Toys,Dallas,West,contact755@toyforge.com,0.14814814814814814,0.7584615384615384,0.894736842105263
SUP-CAT5-0756,ToyForge Trading #756,Toys,Newark,West,contact756@brightplay.com,0.9259259259259259,0.7830769230769231,0.7368421052631576
SUP-CAT5-0757,BrightPlay Inc. #757,Toys,Atlanta,East,contact757@funcraft.com,0.037037037037037035,0.36974358974358973,0.6842105263157897
SUP-CAT5-0758,BrightPlay Distributors #758,Toys,Denver,West,contact758@brightplay.com,0.8888888888888888,0.05897435897435897,0.4210526315789473
SUP-CAT5-0759,BrightPlay Ltd. #759,Toys,Mumbai,East,contact759@funcraft.com,0.8148148148148148,0.9082051282051282,0.3157894736842103
SUP-CAT5-0760,Playtime Imports Distributors #760,Toys,Atlanta,North,contact760@funcraft.com,0.4444444444444444,0.8717948717948718,0.47368421052631576
SUP-CAT5-0761,FunCraft Wholesale #761,Toys,Dallas,South,contact761@brightplay.com,1.0,0.07846153846153846,0.3684210526315788
SUP-CAT5-0762,Playtime Imports Trading #762,Toys,Atlanta,South,contact762@funcraft.com,0.7407407407407407,0.5784615384615385,0.47368421052631576
SUP-CAT5-0763,BrightPlay Group #763,Toys,Hanoi,South,contact763@playtimeimports.com,0.9629629629629629,0.7343589743589743,0.15789473684210487
SUP-CAT5-0764,Playtime Imports Group #764,Toys,Shenzhen,South,contact764@playtimeimports.com,0.2222222222222222,0.33076923076923076,0.15789473684210487
SUP-CAT5-0765,FunCraft Group #765,Toys,Rotterdam,West,contact765@playtimeimports.com,0.07407407407407407,0.14358974358974358,0.7894736842105261
SUP-CAT5-0766,Wondermakers Inc. #766,Toys,Denver,West,contact766@brightplay.com,0.37037037037037035,0.14205128205128206,0.21052631578947334
SUP-CAT5-0767,Playtime Imports Ltd. #767,Toys,Miami,South,contact767@toyforge.com,0.7037037037037037,0.8835897435897436,0.9473684210526315
SUP-CAT5-0768,Playtime Imports LLC #768,Toys,Columbus,East,contact768@toyforge.com,0.18518518518518517,0.44769230769230767,0.2631578947368418
SUP-CAT5-0769,FunCraft Supply Chain #769,Toys,Dallas,East,contact769@wondermakers.com,0.4074074074074074,0.017435897435897435,0.10526315789473638
SUP-CAT5-0770,FunCraft Distributors #770,Toys,Denver,West,contact770@wondermakers.com,0.3333333333333333,0.5097435897435898,0.47368421052631576
SUP-CAT5-0771,Wondermakers Wholesale #771,Toys,Mumbai,South,contact771@wondermakers.com,0.7037037037037037,0.7282051282051282,0.9473684210526315
SUP-CAT5-0772,FunCraft Trading #772,Toys,Seattle,Central,contact772@funcraft.com,0.7037037037037037,0.757948717948718,0.05263157894736848
SUP-CAT5-0773,BrightPlay LLC #773,Toys,Denver,West,contact773@playtimeimports.com,0.3333333333333333,0.16512820512820514,0.15789473684210487
SUP-CAT5-0774,Wondermakers Partners #774,Toys,Chicago,West,contact774@toyforge.com,0.8148148148148148,0.2076923076923077,0.6315789473684212
SUP-CAT5-0775,FunCraft Group #775,Toys,Newark,North,contact775@wondermakers.com,0.3333333333333333,0.9666666666666667,0.9473684210526315
SUP-CAT5-0776,BrightPlay Inc. #776,Toys,Osaka,North,contact776@toyforge.com,0.037037037037037035,0.25333333333333335,0.3684210526315788
SUP-CAT5-0777,ToyForge Trading #777,Toys,Mumbai,North,contact777@playtimeimports.com,0.4444444444444444,0.07076923076923076,0.7368421052631576
SUP-CAT5-0778,ToyForge Trading #778,Toys,Shenzhen,West,contact778@funcraft.com,0.3333333333333333,0.9394871794871795,1.0
SUP-CAT5-0779,Playtime Imports Supply Chain #779,Toys,Newark,South,contact779@brightplay.com,0.7777777777777778,0.5887179487179487,0.5263157894736843
SUP-CAT5-0780,ToyForge Co. #780,Toys,Chicago,South,contact780@toyforge.com,0.25925925925925924,0.6748717948717948,0.2631578947368418
SUP-CAT5-0781,ToyForge Distributors #781,Toys,Miami,North,contact781@brightplay.com,0.8888888888888888,0.6138461538461538,0.5789473684210528
SUP-CAT5-0782,FunCraft Trading #782,Toys,Miami,North,contact782@brightplay.com,0.5555555555555556,0.5543589743589744,0.3157894736842103
SUP-CAT5-0783,FunCraft LLC #783,Toys,Dallas,North,contact783@funcraft.com,0.2962962962962963,0.8,0.9473684210526315
SUP-CAT5-0784,Playtime Imports Distributors #784,Toys,Rotterdam,West,contact784@playtimeimports.com,0.4444444444444444,0.7,0.6315789473684212
SUP-CAT5-0785,FunCraft Supply Chain #785,Toys,Portland,Central,contact785@playtimeimports.com,0.4074074074074074,0.5241025641025641,0.6315789473684212
SUP-CAT5-0786,Playtime Imports LLC #786,Toys,Columbus,West,contact786@toyforge.com,0.7407407407407407,0.49538461538461537,0.21052631578947334
SUP-CAT5-0787,Wondermakers Co. #787,Toys,Mumbai,South,contact787@playtimeimports.com,0.7407407407407407,0.24153846153846154,0.5789473684210528
SUP-CAT5-0788,Playtime Imports Supply Chain #788,Toys,Dallas,Central,contact788@toyforge.com,0.4444444444444444,0.33282051282051284,0.21052631578947334
SUP-CAT5-0789,ToyForge Inc. #789,Toys,Rotterdam,West,contact789@funcraft.com,0.2222222222222222,0.6430769230769231,0.15789473684210487
SUP-CAT5-0790,Playtime Imports LLC #790,Toys,Portland,East,contact790@brightplay.com,0.0,0.05076923076923077,0.894736842105263
SUP-CAT5-0791,FunCraft Ltd. #791,Toys,Osaka,Central,contact791@wondermakers.com,0.7037037037037037,0.9333333333333333,0.7894736842105261
SUP-CAT5-0792,Wondermakers Ltd. #792,Toys,Chicago,West,contact792@playtimeimports.com,0.37037037037037035,0.9994871794871795,0.05263157894736848
SUP-CAT5-0793,Wondermakers Partners #793,Toys,Rotterdam,South,contact793@brightplay.com,0.8518518518518519,0.782051282051282,0.5789473684210528
SUP-CAT5-0794,Playtime Imports Wholesale #794,Toys,Dallas,North,contact794@brightplay.com,0.9629629629629629,0.11128205128205128,0.7368421052631576
SUP-CAT5-0795,ToyForge LLC #795,Toys,Atlanta,East,contact795@playtimeimports.com,0.0,0.7292307692307692,0.3157894736842103
SUP-CAT5-0796,Wondermakers Trading #796,Toys,Hanoi,South,contact796@wondermakers.com,0.037037037037037035,0.35794871794871796,0.3157894736842103
SUP-CAT5-0797,FunCraft Group #797,Toys,Phoenix,West,contact797@funcraft.com,0.48148148148148145,0.14051282051282052,0.5789473684210528
SUP-CAT5-0798,ToyForge Distributors #798,Toys,Dallas,North,contact798@funcraft.com,0.9629629629629629,0.2928205128205128,0.05263157894736848
SUP-CAT5-0799,BrightPlay Ltd. #799,Toys,Rotterdam,North,contact799@funcraft.com,0.2962962962962963,0.16102564102564101,0.15789473684210487
SUP-CAT5-0800,BrightPlay Trading #800,Toys,Phoenix,East,contact800@toyforge.com,0.4444444444444444,0.5066666666666667,0.0
SUP-CAT5-0801,Wondermakers LLC #801,Toys,Hanoi,Central,contact801@funcraft.com,0.48148148148148145,0.6912820512820513,1.0
SUP-CAT5-0802,Playtime Imports Distributors #802,Toys,Chicago,West,contact802@funcraft.com,0.3333333333333333,0.2169230769230769,0.7894736842105261
SUP-CAT5-0803,Playtime Imports Distributors #803,Toys,Hanoi,South,contact803@brightplay.com,0.7407407407407407,0.33897435897435896,0.3157894736842103
SUP-CAT5-0804,Wondermakers Trading #804,Toys,Phoenix,North,contact804@toyforge.com,0.7407407407407407,0.22666666666666666,0.21052631578947334
SUP-CAT5-0805,BrightPlay Trading #805,Toys,Mumbai,Central,contact805@funcraft.com,0.7777777777777778,0.9251282051282051,0.05263157894736848
SUP-CAT5-0806,Playtime Imports Ltd. #806,Toys,Rotterdam,East,contact806@toyforge.com,0.37037037037037035,0.8456410256410256,0.21052631578947334
SUP-CAT5-0807,Playtime Imports Distributors #807,Toys,Portland,West,contact807@playtimeimports.com,0.7407407407407407,0.9076923076923077,0.05263157894736848
SUP-CAT5-0808,ToyForge Group #808,Toys,Seattle,North,contact808@brightplay.com,0.25925925925925924,0.050256410256410255,0.8421052631578946
SUP-CAT5-0809,BrightPlay Supply Chain #809,Toys,Seattle,East,contact809@brightplay.com,0.6296296296296297,0.7056410256410256,0.3157894736842103
SUP-CAT5-0810,FunCraft Inc. #810,Toys,Shenzhen,Central,contact810@playtimeimports.com,0.5925925925925926,0.2743589743589744,0.3684210526315788
SUP-CAT5-0811,Playtime Imports LLC #811,Toys,Portland,East,contact811@wondermakers.com,0.0,0.9153846153846154,0.21052631578947334
SUP-CAT5-0812,ToyForge Inc. #812,Toys,Dallas,West,contact812@playtimeimports.com,0.8518518518518519,0.5415384615384615,0.10526315789473638
SUP-CAT5-0813,ToyForge Distributors #813,Toys,Columbus,West,contact813@playtimeimports.com,0.14814814814814814,0.3384615384615385,0.05263157894736848
SUP-CAT5-0814,BrightPlay Trading #814,Toys,Shenzhen,Central,contact814@toyforge.com,0.7037037037037037,0.8615384615384616,0.6842105263157897
SUP-CAT5-0815,FunCraft Wholesale #815,Toys,Osaka,East,contact815@playtimeimports.com,0.8518518518518519,0.6579487179487179,0.6842105263157897
SUP-CAT5-0816,BrightPlay Co. #816,Toys,Denver,Central,contact816@playtimeimports.com,0.6666666666666666,0.7405128205128205,1.0
SUP-CAT5-0817,BrightPlay Wholesale #817,Toys,Osaka,South,contact817@playtimeimports.com,0.6296296296296297,0.21794871794871795,0.2631578947368418
SUP-CAT5-0818,Wondermakers Inc. #818,Toys,Phoenix,West,contact818@wondermakers.com,0.6296296296296297,0.8148717948717948,0.47368421052631576
SUP-CAT5-0819,Playtime Imports Wholesale #819,Toys,Mumbai,North,contact819@funcraft.com,1.0,0.6123076923076923,0.3684210526315788
SUP-CAT5-0820,Playtime Imports Co. #820,Toys,Columbus,Central,contact820@brightplay.com,0.5185185185185185,0.06923076923076923,0.2631578947368418
SUP-CAT5-0821,BrightPlay Distributors #821,Toys,Newark,South,contact821@playtimeimports.com,0.5185185185185185,0.0558974358974359,0.10526315789473638
SUP-CAT5-0822,Wondermakers Co. #822,Toys,Columbus,West,contact822@brightplay.com,0.18518518518518517,0.8,0.5263157894736843
SUP-CAT5-0823,Wondermakers Ltd. #823,Toys,Miami,South,contact823@brightplay.com,0.7407407407407407,0.2158974358974359,0.6842105263157897
SUP-CAT5-0824,Wondermakers Inc. #824,Toys,Chicago,East,contact824@funcraft.com,0.8148148148148148,0.8276923076923077,0.4210526315789473
SUP-CAT5-0825,ToyForge Distributors #825,Toys,Shenzhen,East,contact825@brightplay.com,0.4444444444444444,0.8553846153846154,0.5263157894736843
SUP-CAT5-0826,BrightPlay Wholesale #826,Toys,Shenzhen,West,contact826@toyforge.com,0.7777777777777778,0.3635897435897436,0.5789473684210528
SUP-CAT5-0827,Wondermakers Inc. #827,Toys,Rotterdam,West,contact827@toyforge.com,0.48148148148148145,0.7287179487179487,0.5263157894736843
SUP-CAT5-0828,ToyForge Trading #828,Toys,Portland,East,contact828@wondermakers.com,0.18518518518518517,0.008717948717948718,0.5263157894736843
SUP-CAT5-0829,FunCraft Co. #829,Toys,Shenzhen,Central,contact829@funcraft.com,0.8148148148148148,0.2958974358974359,0.7368421052631576
SUP-CAT5-0830,BrightPlay Co. #830,Toys,Atlanta,West,contact830@wondermakers.com,0.5925925925925926,0.09641025641025641,0.3157894736842103
SUP-CAT5-0831,Playtime Imports LLC #831,Toys,Atlanta,East,contact831@toyforge.com,0.3333333333333333,0.4492307692307692,0.15789473684210487
SUP-CAT5-0832,ToyForge Supply Chain #832,Toys,Columbus,Central,contact832@wondermakers.com,0.2222222222222222,0.5594871794871795,0.5263157894736843
SUP-CAT5-0833,BrightPlay LLC #833,Toys,Miami,Central,contact833@wondermakers.com,0.14814814814814814,0.43435897435897436,0.5263157894736843
SUP-CAT5-0834,Wondermakers Group #834,Toys,Chicago,East,contact834@brightplay.com,0.8518518518518519,0.15487179487179487,1.0
SUP-CAT5-0835,ToyForge LLC #835,Toys,Hanoi,North,contact835@funcraft.com,0.7777777777777778,0.15128205128205127,0.894736842105263
SUP-CAT5-0836,FunCraft Group #836,Toys,Hanoi,South,contact836@brightplay.com,0.7777777777777778,0.14153846153846153,0.15789473684210487
SUP-CAT5-0837,BrightPlay Supply Chain #837,Toys,Newark,Central,contact837@funcraft.com,0.7037037037037037,0.4087179487179487,0.6315789473684212
SUP-CAT5-0838,BrightPlay Inc. #838,Toys,Phoenix,West,contact838@brightplay.com,0.5185185185185185,0.024615384615384615,0.2631578947368418
SUP-CAT5-0839,FunCraft Distributors #839,Toys,Dallas,Central,contact839@funcraft.com,0.7407407407407407,0.6753846153846154,0.8421052631578946
SUP-CAT5-0840,FunCraft LLC #840,Toys,Phoenix,Central,contact840@playtimeimports.com,1.0,0.5102564102564102,0.7368421052631576
SUP-CAT5-0841,Playtime Imports Inc. #841,Toys,Seattle,West,contact841@funcraft.com,0.1111111111111111,0.27025641025641023,0.9473684210526315
SUP-CAT5-0842,Playtime Imports Inc. #842,Toys,Chicago,West,contact842@brightplay.com,0.18518518518518517,0.7035897435897436,0.2631578947368418
SUP-CAT5-0843,Wondermakers Group #843,Toys,Dallas,West,contact843@toyforge.com,0.7407407407407407,0.898974358974359,0.10526315789473638
SUP-CAT5-0844,Playtime Imports Wholesale #844,Toys,Portland,South,contact844@wondermakers.com,0.07407407407407407,0.011794871794871795,0.2631578947368418
SUP-CAT5-0845,BrightPlay Partners #845,Toys,Rotterdam,Central,contact845@funcraft.com,0.48148148148148145,0.5056410256410256,0.21052631578947334
SUP-CAT5-0846,Wondermakers Group #846,Toys,Columbus,East,contact846@brightplay.com,0.18518518518518517,0.3441025641025641,0.7894736842105261
SUP-CAT5-0847,FunCraft Inc. #847,Toys,Newark,South,contact847@wondermakers.com,0.4074074074074074,0.38153846153846155,0.3157894736842103
SUP-CAT5-0848,Playtime Imports LLC #848,Toys,Columbus,East,contact848@playtimeimports.com,0.4074074074074074,0.19948717948717948,0.47368421052631576
SUP-CAT5-0849,FunCraft Co. #849,Toys,Miami,East,contact849@brightplay.com,0.8148148148148148,0.03538461538461538,0.7368421052631576
SUP-CAT5-0850,ToyForge LLC #850,Toys,Shenzhen,Central,contact850@funcraft.com,0.4444444444444444,0.45692307692307693,0.0
SUP-CAT5-0851,Wondermakers Ltd. #851,Toys,Columbus,Central,contact851@funcraft.com,0.0,0.38769230769230767,0.6842105263157897
SUP-CAT5-0852,Playtime Imports LLC #852,Toys,Hanoi,West,contact852@wondermakers.com,0.4444444444444444,0.3830769230769231,0.6842105263157897
SUP-CAT5-0853,Wondermakers Distributors #853,Toys,Phoenix,West,contact853@funcraft.com,0.7407407407407407,0.58,0.7894736842105261
SUP-CAT5-0854,ToyForge LLC #854,Toys,Denver,East,contact854@wondermakers.com,0.9629629629629629,0.6820512820512821,0.6315789473684212
SUP-CAT5-0855,FunCraft Distributors #855,Toys,Atlanta,East,contact855@playtimeimports.com,0.14814814814814814,0.2276923076923077,0.2631578947368418
SUP-CAT5-0856,BrightPlay Supply Chain #856,Toys,Atlanta,Central,contact856@playtimeimports.com,0.3333333333333333,0.3035897435897436,0.2631578947368418
SUP-CAT5-0857,Playtime Imports Co. #857,Toys,Osaka,South,contact857@toyforge.com,0.48148148148148145,0.696923076923077,0.6315789473684212
SUP-CAT5-0858,Playtime Imports Ltd. #858,Toys,Mumbai,North,contact858@playtimeimports.com,0.5185185185185185,0.6307692307692307,0.15789473684210487
SUP-CAT5-0859,Wondermakers Partners #859,Toys,Columbus,East,contact859@funcraft.com,0.8888888888888888,0.8205128205128205,0.21052631578947334
SUP-CAT5-0860,FunCraft Group #860,Toys,Phoenix,East,contact860@funcraft.com,0.7407407407407407,0.5753846153846154,0.47368421052631576
SUP-CAT5-0861,ToyForge Group #861,Toys,Rotterdam,East,contact861@wondermakers.com,0.14814814814814814,0.5015384615384615,0.47368421052631576
SUP-CAT5-0862,BrightPlay Distributors #862,Toys,Miami,East,contact862@brightplay.com,0.25925925925925924,0.3,0.7368421052631576
SUP-CAT5-0863,Wondermakers Wholesale #863,Toys,Columbus,Central,contact863@wondermakers.com,0.6296296296296297,0.07538461538461538,0.15789473684210487
SUP-CAT5-0864,Wondermakers Wholesale #864,Toys,Atlanta,East,contact864@playtimeimports.com,0.25925925925925924,0.6210256410256411,1.0
SUP-CAT5-0865,Playtime Imports Ltd. #865,Toys,Chicago,East,contact865@brightplay.com,0.5925925925925926,0.18666666666666668,0.2631578947368418
SUP-CAT5-0866,FunCraft Supply Chain #866,Toys,Columbus,East,contact866@wondermakers.com,0.5185185185185185,0.46512820512820513,0.4210526315789473
SUP-CAT5-0867,Playtime Imports Group #867,Toys,Shenzhen,Central,contact867@wondermakers.com,0.5555555555555556,0.4897435897435897,0.894736842105263
SUP-CAT5-0868,ToyForge Supply Chain #868,Toys,Shenzhen,North,contact868@toyforge.com,0.5555555555555556,0.6153846153846154,0.2631578947368418
SUP-CAT5-0869,Wondermakers LLC #869,Toys,Mumbai,East,contact869@toyforge.com,0.7407407407407407,0.3194871794871795,0.7368421052631576
SUP-CAT5-0870,Wondermakers Co. #870,Toys,Mumbai,West,contact870@wondermakers.com,0.6296296296296297,0.44358974358974357,0.6315789473684212
SUP-CAT5-0871,Wondermakers LLC #871,Toys,Columbus,East,contact871@wondermakers.com,0.8888888888888888,0.33384615384615385,0.894736842105263
SUP-CAT5-0872,BrightPlay Trading #872,Toys,Osaka,Central,contact872@wondermakers.com,0.48148148148148145,0.24769230769230768,0.5263157894736843
SUP-CAT5-0873,Playtime Imports Partners #873,Toys,Denver,West,contact873@wondermakers.com,0.3333333333333333,0.03076923076923077,0.5789473684210528
SUP-CAT5-0874,BrightPlay Co. #874,Toys,Columbus,Central,contact874@brightplay.com,0.37037037037037035,0.7071794871794872,0.6842105263157897
SUP-CAT5-0875,Wondermakers LLC #875,Toys,Rotterdam,South,contact875@toyforge.com,0.7037037037037037,0.7169230769230769,0.7894736842105261
SUP-CAT5-0876,Playtime Imports Wholesale #876,Toys,Atlanta,West,contact876@wondermakers.com,0.3333333333333333,0.9738461538461538,0.4210526315789473
SUP-CAT5-0877,Playtime Imports Distributors #877,Toys,Dallas,Central,contact877@toyforge.com,0.9259259259259259,0.5825641025641025,0.21052631578947334
SUP-CAT5-0878,ToyForge Inc. #878,Toys,Atlanta,South,contact878@toyforge.com,0.8518518518518519,0.4015384615384615,0.7368421052631576
SUP-CAT5-0879,Playtime Imports Group #879,Toys,Seattle,North,contact879@brightplay.com,0.07407407407407407,0.20256410256410257,0.3684210526315788
SUP-CAT5-0880,BrightPlay Trading #880,Toys,Newark,South,contact880@funcraft.com,0.9259259259259259,0.46923076923076923,0.10526315789473638
SUP-CAT5-0881,FunCraft Distributors #881,Toys,Dallas,Central,contact881@playtimeimports.com,0.8518518518518519,0.6317948717948718,0.4210526315789473
SUP-CAT5-0882,Wondermakers Group #882,Toys,Chicago,West,contact882@brightplay.com,0.37037037037037035,0.8630769230769231,0.7368421052631576
SUP-CAT5-0883,FunCraft Wholesale #883,Toys,Phoenix,Central,contact883@toyforge.com,1.0,0.22923076923076924,0.0
SUP-CAT5-0884,Wondermakers LLC #884,Toys,Rotterdam,West,contact884@playtimeimports.com,0.5925925925925926,0.4307692307692308,0.5263157894736843
SUP-CAT5-0885,Playtime Imports Partners #885,Toys,Dallas,West,contact885@wondermakers.com,0.5925925925925926,0.5148717948717949,0.15789473684210487
SUP-CAT5-0886,Playtime Imports Distributors #886,Toys,Denver,West,contact886@funcraft.com,0.6296296296296297,0.921025641025641,0.9473684210526315
SUP-CAT5-0887,ToyForge Ltd. #887,Toys,Chicago,North,contact887@funcraft.com,0.7407407407407407,0.782051282051282,0.894736842105263
SUP-CAT5-0888,Wondermakers LLC #888,Toys,Shenzhen,East,contact888@brightplay.com,0.14814814814814814,0.22974358974358974,0.8421052631578946
SUP-CAT5-0889,Wondermakers Co. #889,Toys,Miami,West,contact889@toyforge.com,0.7407407407407407,0.5348717948717949,0.4210526315789473
SUP-CAT5-0890,Playtime Imports Supply Chain #890,Toys,Newark,North,contact890@toyforge.com,0.7037037037037037,0.34512820512820513,0.5263157894736843
SUP-CAT5-0891,BrightPlay Inc. #891,Toys,Denver,Central,contact891@funcraft.com,0.1111111111111111,0.18205128205128204,0.47368421052631576
SUP-CAT5-0892,FunCraft LLC #892,Toys,Columbus,South,contact892@playtimeimports.com,0.25925925925925924,0.0558974358974359,0.9473684210526315
SUP-CAT5-0893,FunCraft Group #893,Toys,Denver,South,contact893@wondermakers.com,0.6296296296296297,0.28717948717948716,0.5789473684210528
SUP-CAT5-0894,ToyForge Co. #894,Toys,Shenzhen,West,contact894@playtimeimports.com,0.0,0.6635897435897435,0.9473684210526315
SUP-CAT5-0895,ToyForge Co. #895,Toys,Columbus,Central,contact895@playtimeimports.com,0.5925925925925926,0.08717948717948718,0.6842105263157897
SUP-CAT5-0896,FunCraft Distributors #896,Toys,Shenzhen,East,contact896@toyforge.com,0.3333333333333333,0.8958974358974359,0.6842105263157897
SUP-CAT5-0897,FunCraft Partners #897,Toys,Atlanta,North,contact897@playtimeimports.com,0.5185185185185185,0.5687179487179487,0.3157894736842103
SUP-CAT5-0898,BrightPlay Supply Chain #898,Toys,Dallas,Central,contact898@funcraft.com,0.2222222222222222,0.42717948717948717,0.4210526315789473
SUP-CAT5-0899,Playtime Imports Wholesale #899,Toys,Hanoi,East,contact899@brightplay.com,0.8888888888888888,0.10923076923076923,0.10526315789473638
SUP-CAT5-0900,Wondermakers Ltd. #900,Toys,Portland,West,contact900@funcraft.com,0.5185185185185185,0.20717948717948717,0.10526315789473638
SUP-CAT5-0901,Wondermakers Distributors #901,Toys,Mumbai,South,contact901@toyforge.com,0.2962962962962963,0.1476923076923077,0.3684210526315788
SUP-CAT5-0902,ToyForge Co. #902,Toys,Hanoi,North,contact902@playtimeimports.com,0.7037037037037037,0.1835897435897436,0.6842105263157897
SUP-CAT5-0903,ToyForge Supply Chain #903,Toys,Chicago,South,contact903@funcraft.com,0.5185185185185185,0.44564102564102565,0.6315789473684212
SUP-CAT5-0904,ToyForge Ltd. #904,Toys,Phoenix,West,contact904@playtimeimports.com,0.0,0.637948717948718,0.47368421052631576
SUP-CAT5-0905,Playtime Imports Inc. #905,Toys,Rotterdam,South,contact905@wondermakers.com,0.2962962962962963,0.2594871794871795,0.2631578947368418
SUP-CAT5-0906,Playtime Imports LLC #906,Toys,Miami,North,contact906@toyforge.com,0.5185185185185185,0.782051282051282,0.3157894736842103
SUP-CAT5-0907,ToyForge Co. #907,Toys,Miami,Central,contact907@toyforge.com,0.6666666666666666,0.221025641025641,0.0
SUP-CAT5-0908,BrightPlay LLC #908,Toys,Rotterdam,North,contact908@playtimeimports.com,0.7777777777777778,0.20256410256410257,0.5263157894736843
SUP-CAT5-0909,Playtime Imports Inc. #909,Toys,Seattle,South,contact909@funcraft.com,0.25925925925925924,0.8307692307692308,0.6842105263157897
SUP-CAT5-0910,ToyForge Co. #910,Toys,Seattle,West,contact910@funcraft.com,0.8888888888888888,0.13230769230769232,0.10526315789473638
SUP-CAT5-0911,Wondermakers Distributors #911,Toys,Seattle,South,contact911@brightplay.com,0.37037037037037035,0.54,0.10526315789473638
SUP-CAT5-0912,Wondermakers Inc. #912,Toys,Rotterdam,West,contact912@brightplay.com,0.8518518518518519,0.6287179487179487,0.7368421052631576
SUP-CAT5-0913,BrightPlay Inc. #913,Toys,Newark,Central,contact913@funcraft.com,0.1111111111111111,0.4917948717948718,0.9473684210526315
SUP-CAT5-0914,FunCraft Supply Chain #914,Toys,Mumbai,North,contact914@toyforge.com,0.7037037037037037,0.6189743589743589,0.6315789473684212
SUP-CAT5-0915,FunCraft Co. #915,Toys,Osaka,South,contact915@toyforge.com,0.5185185185185185,0.09230769230769231,0.21052631578947334
SUP-CAT5-0916,Playtime Imports LLC #916,Toys,Mumbai,South,contact916@brightplay.com,0.8148148148148148,0.5676923076923077,0.47368421052631576
SUP-CAT5-0917,Wondermakers Supply Chain #917,Toys,Portland,Central,contact917@brightplay.com,0.0,0.8712820512820513,0.3157894736842103
SUP-CAT5-0918,Wondermakers LLC #918,Toys,Seattle,Central,contact918@playtimeimports.com,0.8888888888888888,0.8307692307692308,0.05263157894736848
SUP-CAT5-0919,Playtime Imports Inc. #919,Toys,Phoenix,North,contact919@funcraft.com,0.7037037037037037,0.8543589743589743,0.3157894736842103
SUP-CAT5-0920,Wondermakers Inc. #920,Toys,Denver,West,contact920@playtimeimports.com,0.48148148148148145,0.06256410256410257,0.7894736842105261
SUP-CAT5-0921,Wondermakers Inc. #921,Toys,Denver,Central,contact921@brightplay.com,0.5555555555555556,0.2041025641025641,0.0
SUP-CAT5-0922,BrightPlay Partners #922,Toys,Newark,Central,contact922@wondermakers.com,0.5555555555555556,0.3605128205128205,0.6842105263157897
SUP-CAT5-0923,Wondermakers Co. #923,Toys,Newark,West,contact923@wondermakers.com,0.6666666666666666,0.7974358974358975,0.7368421052631576
SUP-CAT5-0924,BrightPlay Co. #924,Toys,Newark,Central,contact924@toyforge.com,0.14814814814814814,0.17282051282051283,0.7894736842105261
SUP-CAT5-0925,FunCraft Ltd. #925,Toys,Shenzhen,North,contact925@playtimeimports.com,0.4074074074074074,0.9153846153846154,0.10526315789473638
SUP-CAT5-0926,ToyForge Distributors #926,Toys,Miami,West,contact926@brightplay.com,0.9259259259259259,0.09076923076923077,0.5263157894736843
SUP-CAT5-0927,BrightPlay Co. #927,Toys,Chicago,South,contact927@funcraft.com,0.7777777777777778,0.1605128205128205,0.21052631578947334
SUP-CAT5-0928,Playtime Imports Ltd. #928,Toys,Chicago,South,contact928@wondermakers.com,0.7037037037037037,0.4764102564102564,0.5263157894736843
SUP-CAT5-0929,ToyForge Partners #929,Toys,Denver,East,contact929@brightplay.com,0.8148148148148148,0.9266666666666666,0.9473684210526315
SUP-CAT5-0930,ToyForge Group #930,Toys,Phoenix,East,contact930@brightplay.com,0.37037037037037035,0.25025641025641027,0.3157894736842103
SUP-CAT5-0931,Wondermakers Distributors #931,Toys,Seattle,Central,contact931@brightplay.com,0.4074074074074074,0.5948717948717949,0.6315789473684212
SUP-CAT5-0932,BrightPlay Co. #932,Toys,Mumbai,Central,contact932@toyforge.com,0.037037037037037035,0.9784615384615385,0.8421052631578946
SUP-CAT5-0933,BrightPlay Supply Chain #933,Toys,Portland,North,contact933@funcraft.com,0.25925925925925924,0.6953846153846154,0.3157894736842103
SUP-CAT5-0934,BrightPlay Co. #934,Toys,Denver,West,contact934@funcraft.com,0.5925925925925926,0.9087179487179488,0.7894736842105261
SUP-CAT5-0935,Playtime Imports Wholesale #935,Toys,Denver,North,contact935@toyforge.com,0.8888888888888888,0.615897435897436,0.3157894736842103
SUP-CAT5-0936,FunCraft Group #936,Toys,Columbus,East,contact936@toyforge.com,0.5925925925925926,0.8384615384615385,0.7368421052631576
SUP-CAT5-0937,Wondermakers LLC #937,Toys,Denver,Central,contact937@funcraft.com,0.2962962962962963,0.6692307692307692,0.2631578947368418
SUP-CAT5-0938,ToyForge Inc. #938,Toys,Osaka,Central,contact938@toyforge.com,0.18518518518518517,0.19692307692307692,0.894736842105263
SUP-CAT5-0939,ToyForge Wholesale #939,Toys,Miami,North,contact939@toyforge.com,0.18518518518518517,0.5420512820512821,0.894736842105263
SUP-CAT5-0940,ToyForge Inc. #940,Toys,Osaka,North,contact940@wondermakers.com,0.5925925925925926,0.6471794871794871,0.10526315789473638
SUP-CAT5-0941,Playtime Imports Distributors #941,Toys,Denver,South,contact941@wondermakers.com,0.7407407407407407,0.24307692307692308,0.894736842105263
SUP-CAT5-0942,ToyForge Group #942,Toys,Dallas,West,contact942@brightplay.com,0.4444444444444444,0.23692307692307693,0.15789473684210487
SUP-CAT5-0943,FunCraft Ltd. #943,Toys,Denver,North,contact943@wondermakers.com,0.7777777777777778,0.46615384615384614,0.6842105263157897
SUP-CAT5-0944,Playtime Imports Co. #944,Toys,Seattle,East,contact944@funcraft.com,1.0,0.4123076923076923,0.21052631578947334
SUP-CAT5-0945,Playtime Imports Group #945,Toys,Atlanta,Central,contact945@playtimeimports.com,0.6296296296296297,0.27384615384615385,0.7368421052631576
SUP-CAT5-0946,BrightPlay Supply Chain #946,Toys,Dallas,North,contact946@toyforge.com,0.1111111111111111,0.6241025641025642,0.7368421052631576
SUP-CAT5-0947,ToyForge Distributors #947,Toys,Chicago,North,contact947@wondermakers.com,0.9629629629629629,0.6574358974358975,0.10526315789473638
SUP-CAT5-0948,FunCraft Co. #948,Toys,Osaka,North,contact948@playtimeimports.com,0.7777777777777778,0.7430769230769231,0.4210526315789473
SUP-CAT5-0949,FunCraft Supply Chain #949,Toys,Phoenix,South,contact949@playtimeimports.com,0.5185185185185185,0.502051282051282,0.7368421052631576
SUP-CAT5-0950,BrightPlay Ltd. #950,Toys,Denver,North,contact950@wondermakers.com,0.7037037037037037,0.6738461538461539,1.0
SUP-CAT5-0951,Wondermakers Supply Chain #951,Toys,Phoenix,South,contact951@brightplay.com,0.7777777777777778,0.18615384615384614,1.0
SUP-CAT5-0952,ToyForge Co. #952,Toys,Denver,West,contact952@wondermakers.com,0.4444444444444444,0.6348717948717949,0.05263157894736848
SUP-CAT5-0953,BrightPlay Trading #953,Toys,Shenzhen,South,contact953@toyforge.com,0.25925925925925924,0.49846153846153846,0.47368421052631576
SUP-CAT5-0954,ToyForge Ltd. #954,Toys,Portland,South,contact954@toyforge.com,0.2962962962962963,0.12358974358974359,0.7894736842105261
SUP-CAT5-0955,BrightPlay Wholesale #955,Toys,Rotterdam,East,contact955@funcraft.com,0.2962962962962963,0.7405128205128205,0.894736842105263
SUP-CAT5-0956,BrightPlay Inc. #956,Toys,Seattle,West,contact956@brightplay.com,0.4444444444444444,0.5235897435897436,0.47368421052631576
SUP-CAT5-0957,ToyForge Inc. #957,Toys,Miami,Central,contact957@toyforge.com,0.18518518518518517,0.8825641025641026,0.6315789473684212
SUP-CAT5-0958,BrightPlay Inc. #958,Toys,Phoenix,South,contact958@wondermakers.com,0.14814814814814814,0.8523076923076923,0.15789473684210487
SUP-CAT5-0959,FunCraft Trading #959,Toys,Dallas,West,contact959@toyforge.com,0.48148148148148145,0.7097435897435898,0.47368421052631576
SUP-CAT5-0960,Wondermakers Co. #960,Toys,Hanoi,West,contact960@wondermakers.com,0.7037037037037037,0.14461538461538462,0.47368421052631576
SUP-CAT5-0961,BrightPlay LLC #961,Toys,Osaka,South,contact961@wondermakers.com,0.37037037037037035,0.1358974358974359,0.05263157894736848
SUP-CAT5-0962,BrightPlay Partners #962,Toys,Chicago,North,contact962@toyforge.com,0.1111111111111111,0.6138461538461538,0.894736842105263
SUP-CAT5-0963,ToyForge Supply Chain #963,Toys,Hanoi,Central,contact963@toyforge.com,0.7037037037037037,0.8138461538461539,0.21052631578947334
SUP-CAT5-0964,ToyForge Co. #964,Toys,Columbus,East,contact964@toyforge.com,0.6296296296296297,0.2158974358974359,0.7894736842105261
SUP-CAT5-0965,ToyForge Group #965,Toys,Osaka,South,contact965@toyforge.com,0.5925925925925926,0.024615384615384615,0.4210526315789473
SUP-CAT5-0966,Wondermakers Trading #966,Toys,Shenzhen,North,contact966@playtimeimports.com,0.25925925925925924,0.9723076923076923,0.6842105263157897
SUP-CAT5-0967,Wondermakers LLC #967,Toys,Phoenix,South,contact967@toyforge.com,0.9259259259259259,0.9656410256410256,0.5789473684210528
SUP-CAT5-0968,BrightPlay Partners #968,Toys,Denver,East,contact968@wondermakers.com,0.18518518518518517,0.8533333333333334,0.21052631578947334
SUP-CAT5-0969,ToyForge Distributors #969,Toys,Mumbai,West,contact969@wondermakers.com,0.14814814814814814,0.8851282051282051,0.6315789473684212
SUP-CAT5-0970,Playtime Imports Wholesale #970,Toys,Denver,South,contact970@playtimeimports.com,0.2222222222222222,0.5882051282051282,0.05263157894736848
SUP-CAT5-0971,FunCraft Distributors #971,Toys,Portland,West,contact971@toyforge.com,0.14814814814814814,0.14717948717948717,0.6315789473684212
SUP-CAT5-0972,Wondermakers LLC #972,Toys,Chicago,South,contact972@funcraft.com,0.9259259259259259,0.11794871794871795,0.47368421052631576
SUP-CAT5-0973,FunCraft Supply Chain #973,Toys,Osaka,North,contact973@brightplay.com,0.5185185185185185,0.9384615384615385,0.894736842105263
SUP-CAT5-0974,Wondermakers Co. #974,Toys,Seattle,Central,contact974@playtimeimports.com,0.1111111111111111,0.3764102564102564,0.21052631578947334
SUP-CAT5-0975,FunCraft Ltd. #975,Toys,Dallas,North,contact975@wondermakers.com,0.9629629629629629,0.6210256410256411,0.6315789473684212
SUP-CAT5-0976,BrightPlay LLC #976,Toys,Osaka,Central,contact976@brightplay.com,0.6666666666666666,0.37538461538461537,0.5789473684210528
SUP-CAT5-0977,Playtime Imports Partners #977,Toys,Miami,West,contact977@brightplay.com,0.2222222222222222,0.12871794871794873,0.4210526315789473
SUP-CAT5-0978,ToyForge LLC #978,Toys,Newark,South,contact978@brightplay.com,0.3333333333333333,0.6261538461538462,0.2631578947368418
SUP-CAT5-0979,BrightPlay Wholesale #979,Toys,Denver,East,contact979@playtimeimports.com,0.7037037037037037,0.26564102564102565,0.4210526315789473
SUP-CAT5-0980,Wondermakers Ltd. #980,Toys,Chicago,East,contact980@funcraft.com,1.0,0.9379487179487179,0.4210526315789473
SUP-CAT5-0981,ToyForge Ltd. #981,Toys,Seattle,Central,contact981@brightplay.com,0.8888888888888888,0.6948717948717948,0.2631578947368418
SUP-CAT5-0982,Wondermakers Ltd. #982,Toys,Miami,Central,contact982@brightplay.com,1.0,0.6902564102564103,0.4210526315789473
SUP-CAT5-0983,FunCraft Ltd. #983,Toys,Miami,North,contact983@brightplay.com,0.9629629629629629,0.28615384615384615,0.894736842105263
SUP-CAT5-0984,Playtime Imports Co. #984,Toys,Hanoi,North,contact984@playtimeimports.com,1.0,0.21384615384615385,0.6842105263157897
SUP-CAT5-0985,Wondermakers Co. #985,Toys,Shenzhen,Central,contact985@toyforge.com,0.18518518518518517,0.29794871794871797,0.7368421052631576
SUP-CAT5-0986,FunCraft Trading #986,Toys,Mumbai,North,contact986@funcraft.com,0.8888888888888888,0.1158974358974359,0.21052631578947334
SUP-CAT5-0987,BrightPlay Supply Chain #987,Toys,Osaka,Central,contact987@toyforge.com,0.5925925925925926,0.8625641025641025,0.9473684210526315
SUP-CAT5-0988,BrightPlay Wholesale #988,Toys,Osaka,West,contact988@toyforge.com,0.2222222222222222,0.4297435897435897,0.894736842105263
SUP-CAT5-0989,Playtime Imports LLC #989,Toys,Miami,South,contact989@funcraft.com,0.3333333333333333,0.009743589743589744,0.6842105263157897
SUP-CAT5-0990,FunCraft LLC #990,Toys,Chicago,South,contact990@funcraft.com,0.037037037037037035,0.9025641025641026,0.9473684210526315
SUP-CAT5-0991,BrightPlay Inc. #991,Toys,Miami,East,contact991@brightplay.com,0.9629629629629629,0.8369230769230769,0.0
SUP-CAT5-0992,Wondermakers Partners #992,Toys,Portland,East,contact992@funcraft.com,0.8888888888888888,0.48615384615384616,0.3684210526315788
SUP-CAT5-0993,Playtime Imports Supply Chain #993,Toys,Newark,West,contact993@brightplay.com,0.9629629629629629,0.3482051282051282,0.21052631578947334
SUP-CAT5-0994,ToyForge Distributors #994,Toys,Dallas,South,contact994@brightplay.com,0.4444444444444444,0.09897435897435898,0.47368421052631576
SUP-CAT5-0995,BrightPlay Distributors #995,Toys,Osaka,North,contact995@funcraft.com,0.2962962962962963,0.2887179487179487,0.9473684210526315
SUP-CAT5-0996,BrightPlay Inc. #996,Toys,Atlanta,South,contact996@brightplay.com,0.4444444444444444,0.2205128205128205,0.7894736842105261
SUP-CAT5-0997,BrightPlay Wholesale #997,Toys,Miami,East,contact997@playtimeimports.com,0.7037037037037037,0.3384615384615385,0.894736842105263
SUP-CAT5-0998,ToyForge LLC #998,Toys,Portland,West,contact998@playtimeimports.com,0.0,0.4169230769230769,0.5789473684210528
SUP-CAT5-0999,FunCraft Trading #999,Toys,Rotterdam,West,contact999@funcraft.com,0.18518518518518517,0.8066666666666666,0.7894736842105261
SUP-CAT5-1000,Playtime Imports Partners #1000,Toys,Denver,South,contact1000@toyforge.com,0.14814814814814814,0.6892307692307692,0.7368421052631576
